:020000040800F2
:1000000098AA0020990200087726000873260008A5
:1000100075260008D3250008ED2A0008000000001E
:10002000000000000000000000000000D1270008D0
:10003000D525000800000000F5260008A9280008C2
:10004000B3020008B3020008B3020008B3020008BC
:10005000B3020008B3020008B3020008B3020008AC
:10006000B3020008B3020008B3020008B30200089C
:10007000B3020008B3020008B3020008B30200088C
:10008000B3020008B3020008B3020008B30200087C
:10009000B3020008B3020008B3020008B30200086C
:1000A000B3020008B3020008B3020008B30200085C
:1000B000B3020008B3020008B3020008B30200084C
:1000C000B3020008B3020008B3020008B30200083C
:1000D000B302000809290008B3020008B3020008AF
:1000E000B3020008B3020008B3020008B30200081C
:1000F000B3020008B3020008B3020008B30200080C
:10010000B3020008B3020008B3020008B3020008FB
:10011000B3020008B3020008B3020008B3020008EB
:10012000B3020008B3020008B3020008B3020008DB
:10013000B3020008B3020008B3020008B3020008CB
:10014000B3020008B3020008B3020008B3020008BB
:10015000B3020008B3020008B3020008B3020008AB
:10016000B3020008B3020008B3020008B30200089B
:10017000B3020008B3020008B3020008B30200088B
:10018000B3020008B302000800F002F800F075F8AE
:100190000AA090E8000C82448344AAF10107DA45E2
:1001A00001D100F06AF8AFF2090EBAE80F0013F0BF
:1001B000010F18BFFB1A43F0010318477C630200CC
:1001C0009C6302000A444FF0000C10F8013B13F04E
:1001D000070408BF10F8014B1D1108BF10F8015BA0
:1001E000641E05D010F8016B641E01F8016BF9D193
:1001F00013F0080F1EBF10F8014BAD1C0C1B09D1EA
:100200006D1E58BF01F801CBFAD505E014F8016B5B
:1002100001F8016B6D1EF9D59142D6D370470000ED
:100220000023002400250026103A28BF78C1FBD8FF
:10023000520728BF30C148BF0B607047672909F0DB
:100240000D85752900F09280732900F084850020C7
:1002500070471FB509F0C7FC00F022FE0400002023
:10026000002109F0FBF9401C60600020002109F02A
:100270000BFAE0601FBD10B510BD00F03FFF114646
:10028000FFF7E7FF06F0E4FE01F0B0F903B4FFF773
:10029000F2FF03BC03F0C3FC09488047094800474C
:1002A000FEE7FEE7FEE7FEE7FEE7FEE7FEE7FEE726
:1002B000FEE7FEE704480549054A064B7047000083
:1002C000AD280008890100089888002098AA00201D
:1002D000988A0020988A00207047000000487047E4
:1002E000388800200FB41CB50C0007AA009001D07C
:1002F0002044401E074B7B4469460190069800F05D
:10030000F8FC002C03D06946002000F005FD1CBC61
:100310005DF814FB290A000070B50C460546012A59
:1003200005D02878800600D5EA69002302E0012381
:1003300005E05B1C934202D2E05C0028F9D1A86979
:10034000E618C01AA861286A184428622846AFF344
:10035000008004E0D5E9012114F8010B9047B44274
:10036000F8D32846AFF3008070BD00002DE9F041BE
:100370000646002410687529314616A510D0AFF343
:100380000080002802DA404213A507E031688A079E
:1003900001D512A502E0490704D511A5012401E009
:1003A000AFF3008000210A2206F1240709E0B0FB28
:1003B000F2FCB0FBF2F302FB1C003030785418461C
:1003C000491C0028F3D123462A463046BDE8F041B7
:1003D00000F023BA000000002D0000002B000000F8
:1003E000200000002DE9F0474FF0000A894604463E
:1003F000C0F820A02046E1688847002876D025284C
:1004000006D0D4E901219047206A401C2062F1E720
:10041000E168204600268847C4F81CA0054600274E
:10042000C4F818A02A2D09D0284603F0DDF938B306
:1004300004EB8708303DC8F8185019E059F8041B40
:10044000204604EB87029161E1688847012F054649
:1004500018D1E069002820DA26F020061DE0D8F83F
:10046000180000EB800005EB40003038C8F8180099
:100470002046E1688847054603F0B6F90028EED12A
:10048000012F0AD02E2D08D12046E16888477F1C15
:100490000546022F46F02006C4DBA069002803DAD7
:1004A000404246F00106A061F00701D026F0100698
:1004B0006C2D0AD0682D08D04C2D39D06A2D35D03E
:1004C000742D35D07A2D33D016E0E1682F462046C2
:1004D0008847B84205460AD16C2F27D04FF4806078
:1004E000E168064320468847054605E027E06C2F73
:1004F0001AD04FF4807006430DB3A5F141001928BE
:1005000002D8203546F400664A4629462046266031
:100510004E46FFF793FE80B101280BD0F61D26F062
:10052000070000F1080965E74020E4E78020D7E7ED
:100530000020D5E706F104095CE7284661E7206A58
:10054000BDE8F0872DE9F05F93460F4680460446EC
:100550000026FFF7C3FED0F80090824614F8015B36
:100560002DB100F047F90068405DC007F6D12B2D92
:1005700002D02D2D1AD0641E0021CAF800105A4650
:100580003946204600F0EBFB014627B13868A0420F
:1005900001D1C7F80080DAF80000022809D0CAF8B3
:1005A0000090700505D54842BDE8F09F46F480668E
:1005B000E2E70846F8E7401ECAB210F8011F8A4277
:1005C00002D00029F9D10020704740EA010310B59C
:1005D0009B070FD1042A0DD310C808C9121F9C42D3
:1005E000F8D020BA19BA884201D9012010BD4FF0C5
:1005F000FF3010BD1AB1D30703D0521C07E0002012
:1006000010BD10F8013B11F8014B1B1B07D110F86E
:10061000013B11F8014B1B1B01D1921EF1D1184671
:1006200010BD032A40F2308010F0030C00F015805A
:1006300011F8013BBCF1020F624498BF11F801CBE5
:1006400000F8013B38BF11F8013BA2F1040298BF4A
:1006500000F801CB38BF00F8013B11F0030300F0B4
:100660002580083AC0F0088051F8043B083A51F858
:1006700004CBA0E80810F5E7121D5CBF51F8043B5D
:1006800040F8043BAFF30080D20724BF11F8013BD0
:1006900011F801CB48BF11F8012B24BF00F8013B32
:1006A00000F801CB48BF00F8012B704710B5203A85
:1006B000C0F00B80B1E81850203AA0E81850B1E81B
:1006C0001850A0E81850BFF4F5AF5FEA027C24BFD1
:1006D000B1E81850A0E8185044BF18C918C0BDE8C8
:1006E00010405FEA827C24BF51F8043B40F8043B91
:1006F00008BF7047D20728BF31F8023B48BF11F846
:10070000012B28BF20F8023B48BF00F8012B70479F
:100710004FF0000200B5134694469646203922BF9A
:10072000A0E80C50A0E80C50B1F12001BFF4F7AFE5
:10073000090728BFA0E80C5048BF0CC05DF804EBC7
:10074000890028BF40F8042B08BF704748BF20F835
:10075000022B11F0804F18BF00F8012B70470000EA
:100760004FF0013C50F8042B51F8043B9A4221D140
:10077000A2EB0C03934313EACC1317D150F8042BCC
:1007800051F8043B9A4215D1A2EB0C03934313EAB0
:10079000CC130BD150F8042B51F8043B9A4209D1E9
:1007A000A2EB0C03934313EACC13DBD04FF0000011
:1007B000704700BFD01A01BAB1FA81F101F01801F7
:1007C00022FA01F0CB40C1F12001DBB2C0B2C01A65
:1007D0002CFA01F3D11A914311EAC311E6D1704703
:1007E0007047704770470000004870473888002005
:1007F0007047000010B500F053FB001D10BD00BF96
:100800005D8E000010B5FFF769FD006810BD10B5E2
:100810000446FFF763FD046010BD2DE9F0470D4667
:1008200099469246044600F124080168880604D5DA
:10083000E06921F01001216000E00120A84201DD03
:10084000471B00E00027A1697A1902EB0900081A8A
:10085000A0612078C00602D42046AFF300800026B5
:1008600008E0D4E901211AF806009047206A401CEC
:10087000761C20624E45F4DB2078C0060AD520465F
:10088000AFF3008006E0D4E9012130209047206AD0
:10089000401C2062381EA7F10107F4DC07E0D4E910
:1008A000012118F805009047206A401C2062281E8C
:1008B000A5F10105F3DC2046AFF3008020780006A7
:1008C00002D50220BDE8F0870120FBE770472DE943
:1008D000FF4F0C461E464FF0FF378BB0D2E90001A8
:1008E000DDF860800A908A46C1F30A5505B93D4695
:1008F000002108464FF00000BAF1000F00F440005C
:1009000005DA00EB80004FF4400101EA50004FEAA5
:100910009059B9F1010F00DDB9460A9850EA4A0032
:100920000ED044F61050A5F2FF3545432F14B8F110
:10093000000F1ED07542291E1EDDC9F100021CE009
:10094000B8F1010F4FF0000001D0302103E0F24375
:1009500005E02154401CB042FBDB30460022002160
:1009600021540B99C1F80880C1E900200FB0BDE8FF
:10097000F08FBD1B6D1CDEE74A4600DA694206A80F
:1009800000F04EFB06AB93E8070003AB83E80700DB
:1009900050460A9901F00FFA8DE80700A0F50050C3
:1009A0001F3800900398002D09DD42F21F014A46CE
:1009B000084403A90390684601F099FC08E0A0F5FB
:1009C00000504A461F3803A90390684601F0B7FC5F
:1009D0008DE807000004000C03D04FF0FF30410801
:1009E00000E01046B8F1000F03D000220092154637
:1009F0001EE0751E05D400F057FA303262556D1EA8
:100A0000F9D5B3460122084302D000227F1C04E03E
:100A10002078302801D100227F1E002A099786D035
:100A20001DE0112D07DA00F03FFA303262556D1CDF
:100A300050EA0102F5D1084302D00098C8B10EE097
:100A40000021681E05E0235C625C63542254401E52
:100A5000491C8142F7DBAB46A81B401E09900020D1
:100A600004F80B000B98099AC0F80880C0E9002B25
:100A70007CE711264FF0000859E72DE9F04F884632
:100A80000446D21D22F0070191B0D1E90001CDE961
:100A90000A0102F02CF802460B98C00F01D02D205D
:100AA00007E02068810701D52B2002E0202101EA20
:100AB000C000032A099001D0072A05DB03464146FE
:100AC000204600F03FFA0BE12078800601D5E0696E
:100AD00000E00620B8F1650F814606D0B8F1660F38
:100AE00018D0B8F1670F70D131E00020B9F1110FC3
:100AF000009001DB112301E009F101030AAA01A919
:100B00000CA8FFF7E4FEDDE90C70002609F10105F1
:100B1000834647E001204B4600904FF000470AAA69
:100B200001A90CA8FFF7D3FEDDE90DB00C995D46D5
:100B3000002610B909F101000D18B9EB050003D426
:100B4000C0F1FF3609F10105A5EB09002BE0B9F171
:100B5000010F01DA4FF001090020B9F1110F0090E7
:100B6000484601DD112300E003460AAA01A90CA8AA
:100B7000FFF7ADFEDDE90C704D4600268346207878
:100B800000070AD4AB4500DA5D4601A8012D04DD5B
:100B9000411911F8011C302907D04F4502DA17F12D
:100BA000040F04DA012082460FE06D1EEEE7002FED
:100BB00002DCED1B3E4403E0781CA84200DD7D1CF6
:100BC000B81B00F1010A4FF000472078000703D45A
:100BD000AA4501DB4FF0FF3A0021B7F1004F0DF1BC
:100BE00043088DF8431024D002202B23002F01DA74
:100BF0007F422D230A21021EA0F1010000DC5FB11B
:100C000097FBF1FC97FBF1F201FB1C7C17460CF102
:100C1000300C08F801CDEEE7A8F10100037021883F
:100C2000090501D5452100E06521A0F1010800F882
:100C3000011C09980FA9A1EB0807FF1D00B10120B5
:100C4000411901EBEA70A1693844081A401EA061FD
:100C50002078C00602D42046AFF30080099828B15E
:100C6000D4E901219047206A401C20622078C00608
:100C700022D52046AFF300801EE0002E04DBB345F2
:100C800002DD01A8805D00E03020D4E90121904719
:100C9000206A401C2062761CAAF101005FEA000A6B
:100CA0000AD100F0FDF8C0680168405CD4E9012178
:100CB0009047206A401C2062281EA5F10105DCDC5B
:100CC00007E0D4E9012118F8010B9047206A401C85
:100CD0002062381EA7F10107F3DC2046AFF3008045
:100CE000032011B043E6000001694A1C0261087844
:100CF000704700B58FB0CDE901310021059105495C
:100D00007944CDE9031011466846FFF76BFB0FB03D
:100D100000BD0000E5FFFFFF0A6802F8010B0A6052
:100D20007047D1E900239A4202D2531C0B60107025
:100D3000704710B5436913B1AFF3008001E0FFF7CE
:100D4000EBFA012010BD127800F124010A70002294
:100D50004A700122EDE711684FF0FF32E9E72DE913
:100D6000F05F824615468B4600270AF10104B9461A
:100D70000078302801D09DB113E014F8010B012751
:100D8000782803D0582801D045B10AE00DB1102DC4
:100D900007D1002714F8010B102502E0082500E018
:100DA0000A250026B0460EE005FB080005FB06F10B
:100DB00001271FFA80F801EB1046B6F5803F00D3FB
:100DC000B94614F8010B294600F0FCF80028EBDACC
:100DD000BBF1000F05D00FB1641E00E05446CBF804
:100DE0000040B9F1000F06D0FFF778FA0221016048
:100DF000C81EBDE8F09F48EA0640FAE70FB400239A
:100E000000B589B00CA900910B99CB60214B7B44B4
:100E10000693214B7B44079304236FF00042CDE9F6
:100E200001321E4A7A446B4608920246002008F0BE
:100E300077FF09B05DF814FB70B506464FF0FF3040
:100E400015460C46324686B00091CDE9010169464F
:100E50000020049004A8FFF7D1FF0246049821184F
:100E600025B108B1084600E0204628600498002813
:100E70000DD0002A02DD0098884208D03246081BB7
:100E800069460094CDE9010404A8FFF7B7FF06B056
:100E900070BD0000CF010000E70100000B01000061
:100EA000004870475888002030B5B0F10A024FEA78
:100EB000900E71F100034EEA817EB0EB0E0061EB03
:100EC00091014FEA101E4EEA017E10EB0E0041EB3D
:100ED00011114FEA102E4EEA016E10EB0E0041EB9D
:100EE00011214FEA104E4EEA014E10EB0E0041EB7D
:100EF0001141401841F100014FEAD00040EA417031
:100F00004FEAD10110EB80054FEA810444EA907466
:100F100044EB01046D1944EB0404521BA3414FF050
:100F2000000348BF0A3200D530BD401C41F100012A
:100F300030BD10B50446FFF75DFC0068005D00F0B1
:100F4000010010BD2DE9F0411F460446032601684B
:100F5000072A01F4006004DB08B116A505E016A518
:100F600003E008B115A500E015A521F010002060F0
:100F7000A069C01EA0610FB1401EA0612046AFF362
:100F800000804FB1D4E9012138469047206A401CC7
:100F90002062C01C206206E0206AFAE7D4E9012141
:100FA00015F8010B9047761EF8D22046AFF300806B
:100FB000BDE8F0814E414E006E616E00494E460024
:100FC000696E66003A2800D2303820F02002412AAB
:100FD00001D3A2F13700884201D34FF0FF307047B0
:100FE000426842B1016811F8013B23B1521EC0E9C9
:100FF0000012184670470121C160881E7047426880
:101000005AB1C368016843B983688B4205D0491E51
:10101000521CC0E90012002070474FF0FF307047AB
:101020002DE9F047814616468AB0334878440DC80A
:101030008DE80D0030487844801C03AC0DC884E86E
:101040000D0041F69B300844372190FBF1F290FBF4
:10105000F1F5A5F1800501FB12041B3C02D56442A9
:10106000012000E00020DFF890A080460027FA442D
:10107000AAF1BE0A0DE0E00709D03246684607EB48
:1010800047010AEB810101F05AF98DE8070064106D
:101090007F1C002CEFD1184F7F44AC3F18E0E807CD
:1010A00014D007EB04100DF1180A90E80E008AE83E
:1010B0000E00C068F04201D198190890324606A986
:1010C00003A801F03CF903AB83E807006D10641C32
:1010D000002DE4D132466946B8F1000F03A802D0D2
:1010E00001F005F901E001F02AF9C9E90001C9F8A8
:1010F00008200AB0BDE8F0878C5302007546FFF760
:1011000073FBAE4605006946534620F0070085464E
:1011100018B020B5FFF7CEF8BDE820404FF000062C
:101120004FF000074FF000084FF0000B21F00701CF
:10113000AC46ACE8C009ACE8C009ACE8C009ACE812
:10114000C0098D46704700002DE9FF4F064689B063
:101150000878FF2806D0491C2D2805D000244FF020
:10116000000908E000200CE00124F8E709EB8903FE
:10117000491C00EB43090878FF28F7D114B1C9F1E5
:1011800000008146107800252C46AA4629462D28C5
:1011900001D02B2804D1521C2D2813D000208246C8
:1011A0008B461078FF280FD04FF0000C0A21521CFC
:1011B000A5FB017804FB018105FB0C11C5194BEB64
:1011C0000104EEE70120EAE7002108464FF00000A5
:1011D000BAF1000F02D000EB80004008C0F3815844
:1011E000B8F1010F01DD4FF0FF380C9809EB000753
:1011F00055EA040009D04FF0020917F5FA7F0BDA1F
:101200004FEACA70C6E900B012E04FEACA70C6E9F8
:1012100000B00DB0BDE8F08FB7F5FA7F0DDDF048F6
:101220007844D0E90010C6E9001040EACA70706046
:10123000FFF754F8C0F80090EBE7391E02DAC8F166
:10124000000200E0424600DA794206A8FFF7E8FE15
:1012500006AB93E8070003AB83E8070044F23E00C7
:101260005BEA04010090584604D144F21E012C466A
:101270005D460091210C0904014306D10099240424
:1012800044EA15442D041039009104F07F410143D4
:1012900006D10099240244EA15642D020839009110
:1012A00004F07041014306D10099240144EA157409
:1012B0002D01091F009104F04041014306D100991E
:1012C000A40044EA9574AD00891E009104F0004129
:1012D000084304D100986D196441401E00904246B5
:1012E0006846002FCDE9014503A902DD01F03BF876
:1012F00001E001F010F8BAF1000F04460D4601D0EC
:1013000084F0004440F2FF7724F00040284303D0EB
:10131000C4F30A50B84212D1FEF7E0FFC0F80090C3
:10132000C4F30A50B8420AD1AE487844D0E900105C
:10133000C6E9001004F000410843706069E7C6E99F
:10134000005466E72DE9FF4F1F464FF0000A4FF0AB
:10135000FF38454691B0D7E90146CDF83CA0FFF7EC
:101360009FFDC0680168405C1090B96912986D1CBF
:101370008847396A814688470028F6D1B9F1FF3F8E
:101380000AD0002E24F4D06411DDB9F12B0F08D05F
:10139000B9F12D0F0BD102E0404615B03AE744F405
:1013A0008064B96912986D1C8847761E8146600575
:1013B00004A901D52D2000E02B20002E01F1010B06
:1013C0000DF130088DF810003FDDB9F1690F08D03C
:1013D000B9F1490F05D0B9F16E0F02D0B9F14E0F36
:1013E0001CD13B4601A8009580E85002DDE91212AD
:1013F0006FF0020008F098FCC11CCED10EE0B96974
:1014000012986D1C884781461398761E44F4007428
:1014100005600F98401C002E0F9016DDB9F1300FBB
:10142000EDD0B9F1780F02D0B9F1580F0DD10F9866
:1014300001280AD13B46CDE90054DDE91212001F14
:10144000029608F06FFCC11CA7D1109989453ED1C6
:1014500044F0800406E01399681CAAF1010A44F4E0
:1014600000740860B9696D1C1298761E8847302890
:101470008146F0D02BE01099894505D1200603D490
:10148000761E44F0800418E0484602F0ADF908B337
:10149000761E0DF123018B4544F4007408D2A9F1A6
:1014A00030000BF8010B200607D5AAF1010003E07C
:1014B000200602D40AF101008246A00502D5139944
:1014C000681C0860B96912986D1C88478146002E17
:1014D000D1DC53E0002E51DDB9F1650F02D0B9F136
:1014E000450F4BD1A00549D5B9696D1C1298761EE0
:1014F00024F440748847002E81460CDD2B2804D04C
:10150000B9F12D0F07D144F48074B96912986D1C9C
:101510008847761E8146E00501D52D2100E02B216C
:1015200008F8011BCDF8008021E0761E0DF139018D
:10153000884544F400740CD2A9F1300010F0FF008B
:1015400088F8000002D10099884509D908F10108FE
:1015500006E0E00501D5244801E042F20F70824622
:10156000B96912986D1C8847814613980560002E52
:1015700004DD484602F038F90028D6D1F9691298FE
:101580008847FF2053468BF8000088F800000020B1
:101590000A900B9004AA0CA90AA8FFF7D5FDA00594
:1015A00002D46FF00100F8E614F0240F0AD0E0072F
:1015B00014D13868DDE90A12031D3B600068C0E9F8
:1015C00000120BE00AA9684602F01EF8E00705D1F8
:1015D0003868009A011D3960006802602846DCE620
:1015E000345302002A520200F1D8FFFF10B504461E
:1015F000AFF300802046BDE81040FEF747BE000074
:101600002DE9FF4F1F464FF03C0987B04FF00042D5
:10161000DDE9141001F10108DDF858A002EA40509C
:101620000390002005908346054604460490B9695E
:10163000461E08988847AAF1010A0290BAF1000FE5
:101640003BDD02982E2815D01021FFF7BBFC0028A7
:101650002EDB4FF0010B0599014317D0B9F1000FB4
:101660000BDB4A46C11700F0F5F905430C43A9F11D
:10167000040905E0012004900BE008B145F00105E4
:1016800001200590049820B9361D02E0049800B1AD
:10169000361FB969089808F101088847BBF1000FA7
:1016A000AAF1010A0290C9D00999C1F80080C5E7E2
:1016B0000298702808D0502806D0F9690898884701
:1016C000BBF1000F14D04FE0002002900120BBF1CD
:1016D000000F049009D0B969089808F101088847FB
:1016E000AAF10109B9F1000F07DCF96908988847E8
:1016F0006FF001000BB0BDE8F08F2B2804D02D282F
:101700000CD14FF0FF300490B969089808F1010836
:101710008847A9F10109B9F1000FE6DD411CE4D0C9
:101720000A21FFF74FFC0028DFDB029908F10108CE
:1017300001EB810100EB41000290B96908988847EC
:101740000A21FFF73FFC099AA9F10109B9F1000F3D
:10175000C2F8008001DD0028E7DAF96908988847B7
:101760000499029800FB016655EA040004D004F0D5
:101770004041090002D006E0039898E0A40044EA42
:101780009574AD00B61E04F00041080002D16D1939
:101790006441761E159810F0240F03D04FF00B090A
:1017A0005C4803E04FF028096FF07D008246564503
:1017B00007DAAAEB06018944B9F1410F01DD4FF0C8
:1017C000410901200021A9F1010200F043F902467C
:1017D00028400B462140084301D0012100E00021B0
:1017E000501E029143F1FF3128402140084301D0AF
:1017F000012000E000200299834651EA0B014FD0FE
:10180000002108464FF00000039900F4400039B170
:1018100000EB80004FF4400100EBD07001EA600063
:101820008015012802DD4FF0FF3000E013D0401C8E
:1018300036D0029860B3BBF1000F0CD14A460120AC
:10184000002100F007F928402140084301D0012081
:1018500000E00020E0B101204A46002100F0FAF843
:10186000034640190A4661412D1A8C4111D3B9F142
:10187000400F09DD159810F0240F02D0AAF13406AC
:1018800003E0AAF1170600E0761C00254FF00044A3
:1018900006E05B1E42F1FF3220EA030521EA020462
:1018A000CAF10100B04206DA1B49039808430190CF
:1018B000002000900EE0039AC4F3D321E80A0A4303
:1018C000164940EA44500A433146CDE900026846D1
:1018D00001F0F6FE159810F0240F0BD01598C007F4
:1018E00015D13868DDE90012031D3B600068C0E9CE
:1018F00000120CE002A8694601F086FE1598C007A8
:1019000005D13868029A011D3960006802604046BE
:10191000F0E6000002FCFFFF0000F07F0000F03F57
:101920002DE9FF4F92461D4685B04FF00041DDE99D
:10193000124BDDE914727F1E01EA4B50414940F021
:10194000FF4940EA0108002122F0200049280491C3
:1019500002D04E2828D04CE03BA0012607C88DE8D5
:101960000700A9690698641C88477F1E014606D4B3
:101970001DF8060018B121F0200181420BD0E96961
:1019800006988847032E34D0082E32D06FF001001D
:1019900009B0BDE8F08F761C032E01D0082EE0D1EF
:1019A000601CCAF80000DCE7A9690698641C884737
:1019B0007F1E2AD420F02000412826D1A96906984C
:1019C000641C88477F1E20D420F020004E281CD1A4
:1019D000A9690698641C88477F1E48F4002849F4CA
:1019E0008009CAF8004001D4282806D0E969069881
:1019F00088475FEACB7012D022E0A9690698641C80
:101A000088477F1E01D4002803DAE96906988847D1
:101A1000BCE72928F1D1641CCAF80040E9E71BF0B3
:101A2000240F07D028680499031D2B600068C0E9C3
:101A3000001805E02868021D2A600068C0F80090C0
:101A40002046A5E70000F07F494E46494E495459CB
:101A500000000000B2F120030AD5C2F1200301FA10
:101A600002F120FA03F300FA02F041EA03017047A1
:101A700000FA03F14FF0000070472DE9F04F86B0F7
:101A80009DF8587000910392002F059318BF012311
:101A9000109C04FB033304930F9D14BF2F460127B2
:101AA0000197BDF844305B0800F09F80DDF850B02E
:101AB000139A02EB83030293DDF848E0039F5FEA89
:101AC0009E08DDF800C057F8046B57F8043B0397F5
:101AD0001A46314622D05CF81E705CF8049B50F820
:101AE00004AB50F8045B2AFB09662AFB071125FBAF
:101AF000093325FB07225CF81E705CF8049B50F844
:101B000004AB50F8045B2AFB09662AFB071125FB8E
:101B1000093325FB0722B8F10108DCD10EF00307D9
:101B20008FB13CF91E803CF902AB30F9025B30F911
:101B3000029B0AFB056609FB0A3308FB051109FB3A
:101B40000822013FEDDCDDF84CA0159F3AF9024B6D
:101B500057F804CB5BF8045BC4F1150999EA040952
:101B600040F3C8804FEA46064FEA410156FB05C6DE
:101B700051FB05C146FA04F641FA04F13AF9024B69
:101B800057F804CB5BF8045BC4F1150999EA040922
:101B900040F399804FEA43034FEA420253FB05C3E7
:101BA00052FB05C243FA04F342FA04F206F30706B5
:101BB000DDF80490179CDDF810802670A04401F336
:101BC000070188F8001003F3070304F8093002F353
:101BD000070208F8092004EB49021792CDF84CA03F
:101BE000029C1597A2457FF467AF119B13F0010388
:101BF00054D0BDF848E0039BDDF800C019685FEAE7
:101C00009E070CEB4E040E4615D05CF81E505CF897
:101C1000048B50F804AB50F8043B2AFB08662AFBFF
:101C200005115CF81EA05CF8048B23FB086623FBFF
:101C30000A11013FE9D11EF003070BD03CF81E301A
:101C40003CF8029B30F902AB19FB0A66013F13FB1B
:101C50000A11F3DCDDF84CA0159FBAF90040D7F863
:101C600000C0DBF80050C4F1150999EA040958DDF9
:101C70004FEA46064FEA410156FB05C651FB05C136
:101C800046FA04F641FA04F106F30706179A049C93
:101C9000167001F307011155019B1A441199169B07
:101CA000109C33B10F9B04F1020003FB11001044A0
:101CB00006E0A2EB0100059A04F1020402FB040015
:101CC00006B0BDE8F08F002C42DD4FF0010909FAA3
:101CD00004F94FEAA90953FB05934FEA430343FA7A
:101CE00004F3634452FB05924FEA420242FA04F2C3
:101CF00062445BE7002C3CDD4FF0010909FA04F96E
:101D00004FEAA90956FB05964FEA460646FA04F63D
:101D1000664451FB05914FEA410141FA04F16144E7
:101D20002CE7002C36DD4FF0010909FA04F94FEADF
:101D3000A90956FB05964FEA460646FA04F666449C
:101D400051FB05914FEA410141FA04F161449BE7DF
:101D5000C4F1010903FA09F303F31F0353FB15F35D
:101D600002FA09F202F31F0252FB15F263446244C5
:101D70001CE7C4F1010906FA09F606F31F0656FB33
:101D800015F601FA09F101F31F0151FB15F1664443
:101D90006144F3E6C4F1010906FA09F606F31F06E9
:101DA00056FB15F601FA09F101F31F0151FB15F17C
:101DB0006644614468E75FEA400C08BF91F0000F99
:101DC0004FEA8C234FEAC12243EA51514FEA1C509B
:101DD00018BF00F5F0404FEA300018BF41F0004155
:101DE0005FEA6C5C00F02980BCF1FF3F08BF40F067
:101DF00080407047130C06BF12044FF0100C4FF0D8
:101E0000000C130E04BF12020CF1080C130F04BFD8
:101E100012010CF1040C930F04BF92000CF1020CA0
:101E2000D30F04BF52000CF1010C11464FF0000219
:101E3000A0F11F00A0EB0C00704711F0004F08BF8D
:101E4000704731F000413FF4D5AF0B0C06BF0904D9
:101E50004FF0100C4FF0000C0B0E04BF09020CF1F8
:101E6000080C0B0F04BF09010CF1040C8B0F04BF0D
:101E700089000CF1020CCB0F04BF49000CF1010CDE
:101E8000CCF12003A0EB0C0022FA03F302FA0CF2CF
:101E900041EA030100F10100704720F07F4C80EA25
:101EA000030023F07F47ACEB070303F57C5300F0FE
:101EB000004003F1FF032DE980494FEA154B09B4B7
:101EC0004FEA144325EA0B4E24EA03480FF2042696
:101ED00006EB132749083E785FEA320203FB0667E8
:101EE000C7F5000707FB06F64FEA54374FEAD64618
:101EF00006F1020607FB066CCCF1005C4FEA1C47BA
:101F00002CEA074C07FB06F40CFB06F504EB154620
:101F10004FEA961634BF00204FF000404FEAD13709
:101F200006FB07FC4FEA1C4C0CFB0BF7D21B03FB18
:101F30000CF761EB07010CFB0EF7B0EB074072EBFF
:101F400017420CFB08F734BFA2EB0742B2EB074283
:101F500061EB17414FEA0C444FEA910706FB07FC7F
:101F60004FEA1C4C0CFB0BF7B0EBC74072EB57323F
:101F700003FB0CF734BFA2EBC742B2EBC74261EBE5
:101F800057310CFB0EF7B0EBC70072EB57720CFB2E
:101F900008F734BFA2EBC702B2EBC70261EB57717F
:101FA000039F4FEA816141EA921104EBCC044FEAAE
:101FB000D1374FEA826206FB07FC42EA90124FEAF1
:101FC00080604FEA1C4C0CFB0BF7D21B03FB0CF799
:101FD00061EB07010CFB0EF7B0EB074072EB174209
:101FE0000CFB08F734BFA2EB0742B2EB074261EBF0
:101FF00017414FEA8C554FEA910704EB9C2406FBEE
:1020000007FC4FEA1C4C0CFB0BF7B0EBC74072EB24
:10201000573203FB0CF734BFA2EBC742B2EBC74207
:1020200061EB57310CFB0EF7B0EBC70072EB577248
:102030000CFB08F734BFA2EBC702B2EBC70261EB9F
:10204000577115EB4C254FEA816141EA92114FEA35
:1020500082624FEAD13742EA901206FB07FC44F154
:1020600000044FEA80604FEA1C4C0CFB0BF7D21BBC
:1020700003FB0CF761EB07010CFB0EF7B0EB07401D
:1020800072EB17420CFB08F734BFA2EB0742B2EB2E
:10209000074261EB174115EB1C154FEA813141EA0C
:1020A00092414FEA823242EA90424FEA80304FEA50
:1020B0000C7644F1000448EA03434EEA0B484FF023
:1020C000000EB2EB080C71EB030724BF62463946E1
:1020D0004EEB0E0E4FF0000B0018524149414BEBF6
:1020E0000B0BB2EB080C71EB03077BF1000B24BF69
:1020F000624639464EEB0E0E4FF0000B001852416F
:1021000049414BEB0B0BB2EB080C71EB03077BF176
:10211000000B24BF624639464EEB0E0E51EA020711
:1021200018BF46F0010616EB0E7655F1000254F189
:10213000000103D5BDE88901BDE80088BDE889013B
:10214000BDE80048B619524141EB0101A3F101037A
:10215000704780807F7E7D7C7B7A79787776767514
:102160007473727171706F6E6E6D6C6C6B6A6A698C
:102170006868676666656464636362616160605F26
:102180005F5E5E5D5D5C5C5B5B5A5A59595858579F
:102190005756565555555454535352525251515007
:1021A00050504F4F4F4E4E4D4D4D4C4C4C4B4B4B5A
:1021B0004A4A4A49494948484847474747464646A0
:1021C00045454544444444434343434242424241DB
:1021D0004141000046EA0646A3F570534FEA164611
:1021E00046EA42564FEAD22242EA415210B54FEA3D
:1021F000D121A3F1010300F017F820F0004000F115
:10220000010C00F0004701EB00501146BCF5006FD7
:1022100040EA070000D210BD02484FF0000140EA3A
:10222000070010BD0000F07F002B26D4770021D0DE
:102230001CB54FEA370703B44FF010004FF0100100
:102240004FF000000FBCBDE810400BF1010BBBF1DB
:10225000010F08BF5FEA170722BF12F1010211F157
:1022600001014FF0004143F1000300F0004043EA58
:1022700000007047F9D35708DAE746EA064613F13B
:10228000400F4FEA16461FDD13F1200FDFBF164344
:102290000A46002120335B42C8D0C3F1200746EA3A
:1022A000064602FA07F74FEA164646EA0706C3F162
:1022B000200722FA03F201FA07F721FA03F14FF09F
:1022C000000342EA0702B1E746EA020646EA06468A
:1022D0004FEA164646EA0106BCBF46EA0646360CF9
:1022E0004FF000034FF000024FF000019EE72DE990
:1022F000C048934630B491E8380007C831EA400C32
:1023000048BF34EA430C03D5FFF7C7FDFFF78CFF46
:10231000F0BCBDE800882DE9C048934630B491E890
:10232000380007C831EA400C48BF34EA430C03D5F3
:10233000FFF7B3FDFFF74EFFF0BCBDE800882DE9C5
:10234000C048934630B491E8380007C810F0804F79
:1023500008BF13F0804F03D100F019F8FFF764FFB6
:10236000F0BCBDE800882DE9C048934630B491E840
:10237000380007C810F0804F08BF13F0804F03D11A
:1023800000F005F8FFF726FFF0BCBDE8008820F05C
:102390007F4780EA030023F07F4C07EB0C03A3F593
:1023A0007C5300F00040A3F1FE0392F0000F00F018
:1023B000B38095F0000F00F077802DE901494FEAD6
:1023C00011404FEA144621EA004800FB06FC24EACB
:1023D000064708FB06F607FB08F800FB07F718EBB3
:1023E00006484CEB164C4FEA124B18EB07484FEAE5
:1023F00015464CEB174022EA0B4E0BFB06FC25EA78
:1024000006470EFB06F607FB0EFE0BFB07F71EEB5F
:10241000064E4CEB164C4FF000061EEB074E4CEBF5
:10242000174B18EB0B0840F1000018EB0E0B58EBA4
:10243000000840F100008F1A4FF000013CBFC94373
:10244000661B14BFB5EB040C00213CBFC943F61B4F
:102450004FEA17444EEA8E0E27EA04454FEA1C471E
:1024600004FB07622CEA074C05FB07F70CFB05F69B
:1024700004FB0CFC16EB074642EB174216EB0C462E
:1024800042EB1C421BEB060658EB0202414146EAB6
:102490009E0601D5BDE80189B619524141EB010103
:1024A000A3F10103BDE801894FEA14454FEA114742
:1024B00024EA054621EA074C05FB07F406FB07F76B
:1024C0000CFB06F105FB0CFC11EB074144EB174438
:1024D0004FEA124711EB0C4144EB1C4422EA074C33
:1024E00005FB07F206FB07F70CFB06F605FB0CFCE9
:1024F00016EB074642EB174216EB0C4642EB1C4527
:102500006A1854F1000148BF7047B619524141EBB7
:102510000101A3F10103704795F0000F37D04FEA96
:1025200011424FEA144721EA024624EA074C02FB13
:1025300007F106FB07F70CFB06F402FB0CFC14EB9F
:10254000074441EB17414FEA154714EB0C4441EBAC
:102550001C4125EA074C02FB07F506FB07F70CFBBD
:1025600006F602FB0CFC16EB074645EB174516EB8F
:102570000C4645EB1C42121951F1000148BF70474F
:10258000B619524141EB0101A3F1010370474FEA33
:1025900014454FEA114724EA054621EA074C05FB9A
:1025A00007F106FB07F70CFB06F24FF0000605FBF0
:1025B0000CFC12EB074241EB174112EB0C4251EBC2
:1025C0001C4148BF7047921841EB0101A3F1010380
:1025D0007047FEE770472DE9F041002201274FF0D8
:1025E000030C07FA02F50B682B40AB422CD10668AE
:1025F00053000CFA03F4A64306600E79D0F800806D
:102600009E4046EA080606600E79012E01D0022E91
:1026100012D18668A64386604E79D0F808809E4025
:1026200046EA080686604668AE43466045688E798D
:102630009640B6B235434560C568A543C560CC79C0
:102640009C40C3681C43C460521C102AC9D3BDE817
:10265000F08110B54B07DB0E9A40C90800EB8100F2
:10266000016A0F249C40A1430162016A1143016287
:1026700010BDFEE7FEE7704730B50F23C278012595
:102680000178002A1FD0154A126802F4E062C2F5F0
:10269000E062C2F30722C2F10404D3404278A240B0
:1026A00084781C401443220101F1E02181F80024C8
:1026B000007800F01F018D404009800000F1E0200B
:1026C000C0F8005130BD01F01F008540480980006E
:1026D00000F1E020C0F8805130BD00000CED00E0BA
:1026E0000249084302490860704700000000FA05EB
:1026F0000CED00E070470000054A002903D0116886
:1027000001431160704711688143116070470000F8
:1027100030380240054A002903D011680143116096
:1027200070471168814311607047000044380240CF
:1027300070B5244B196801F00C01234C00291ED000
:10274000661004291DD008291DD00460196801F005
:10275000F00109091D4A545C0168E14041601C68B0
:1027600004F4E054A40A145D21FA04F484601B68A4
:1027700003F460435B0BD25CD140C16070BD046068
:10278000E4E70660E2E70F4A121F1168C1F38055C3
:10279000116801F03F0135B1B6FBF1F11468C4F3E3
:1027A0008814614305E0B4FBF1F11468C4F38814A4
:1027B00061431268C2F30142521C5200B1FBF2F1B4
:1027C0000160C3E7083802400024F4001400002030
:1027D000704700000CB5002201920092274908685A
:1027E00040F4803008604FF4A043086800F40030E3
:1027F00000900198401C0190009810B901989842EF
:10280000F3D10868800302D50120009000E0009217
:102810000098012831D119484030026842F08052B6
:1028200002601748026842F44042026013480830D0
:1028300002680260026842F400420260026842F4E8
:10284000A0520260021F0F4B13600A6842F08072B0
:102850000A600A689201FCD50B4A40F205711160CA
:10286000016821F003010160016841F0020101608B
:102870000168C1F381010229FAD10CBD0038024080
:102880000070004008544007003C02404FF0E02137
:10289000042804D0086920F0040008617047086922
:1028A00040F004000861704702F044BB10B51248C4
:1028B000016841F4700101601048016841F00101B4
:1028C00001600E4A00210832116002680C4B1A4068
:1028D0000260031D0B4A1A60026822F48022026023
:1028E00006480C300160FFF775FF03494FF00060A8
:1028F0008039086010BD000088ED00E0003802401B
:10290000FFFFF6FE1030002470B5174C40F225553D
:102910002946204600F049F8002824D0204600F03F
:10292000DDF8C2B2114B1888000411D40D2A15D05D
:102930000A2A13D018880E49C0F30D000A541888CB
:10294000401C18801888B0F5805F01D300201880E3
:1029500029462046BDE8704000F00CB8188840F4C5
:1029600000401880F4E770BD001001403C000020DA
:102970005077002040F66A120A0A01219140C943AB
:1029800001807047002904D0818941F40051818180
:102990007047818921F400518181704702460020EF
:1029A00012880A4200D00120704770B5002440F61A
:1029B0006A12C1F3421301F01F05012606FA05F25F
:1029C000012B0CD0022B0DD0838A1340090A8E40B4
:1029D000008830400BB100B10124204670BD8389CE
:1029E0001340F3E7038A1340F0E710B540F66A138B
:1029F000C1F3421301F01F040121A140012B07D0B4
:102A0000022B07D014303AB102680A43026010BDAD
:102A10000C30F8E71030F6E702688A43026010BD18
:102A20007FB504460D46208A20F44051E8880843CB
:102A30002082A08941F20C618843A9882A89114328
:102A40006A8902431143A181A08A20F44071A889B8
:102A50000843A0826846FFF76BFE1E48844202D0FE
:102A60001D48844201D1039800E00298A18909041D
:102A700008D500EBC00101EB001029684900B0FB4C
:102A8000F1F007E000EBC00101EB001029688900BC
:102A9000B0FBF1F06422B0FBF2F109010B096FF019
:102AA00018056B4300EB8300A3891D044FF032032C
:102AB00007D503EBC000B0FBF2F000F007000843BD
:102AC00006E003EB0010B0FBF2F000F00F0008434B
:102AD00020817FBD00100140001401408088C0F3B8
:102AE00008007047C1F3080181807047FEE703B416
:102AF00001984100009850EAC12018BF04204A0DF7
:102B000018BF40F0010040F2FF72B2EB515F08BF06
:102B100040F00200012808BF052002B070474100C4
:102B2000080218BF04200A0E18BF40F001004FF041
:102B30007F4232EA010108BF40F00200012808BFCD
:102B4000052070476FEAD05010F0FF0F01D0012030
:102B5000704700207047000010B510EE104A4FF08B
:102B600019406849002200EB44002DED028B884299
:102B700057D8DFED650A14F0004F60EE200A14BF4D
:102B8000BEEE001AB6EE001A71EE200AFDEEE00A63
:102B900010EE900A00EE900AF8EEE00A9FED5B1A44
:102BA00000EEC10A9FED5A1A00EEC10ADFED590A84
:102BB0009FED591A00EE201ADFED580A40EE010A87
:102BC0009FED571A574B00F0030100EE201A21EE3B
:102BD000000A7B4403EB8103D3ED000A524B7B4494
:102BE00003EB810393ED001A504B41EE000A7B4446
:102BF00003EB8101801091ED000A70EE800AEABBC0
:102C000000EE100AB8EEC01ADFED491A9FED490A2E
:102C1000BDEC028B01EE210ABCEEC00A20EE200AB8
:102C200010BD4FF0FF40A0431BD04FF0CE40B0EBA3
:102C3000440F82BFB7EE000ABDEC028B10BD3E48C8
:102C4000B0EB440F28BF012293D20220FDF7DFFD35
:102C500014F0004F15D0BDEC028BBDE8104000F021
:102C6000CBBC14F5000F02BF9FED340ABDEC028B04
:102C700010BDBDEC028BBDE8104000E007E000F0A5
:102C8000A5BCBDEC028BBDE8104000F0ADBC00EB74
:102C9000D07359104FF07E5202EBC15100EE101A62
:102CA000A0EB630002EBC05060EE200A00EE100AB9
:102CB00020EE208A18EE100A88B118EE100AB0F142
:102CC000FF4F15D018EE100AFFF729FF042808BFA0
:102CD00000F092FCB0EE480ABDEC028B10BD022061
:102CE000FDF795FDBDEC028BBDE8104000F084BC03
:102CF0000220FDF78CFDBDEC028BBDE8104000F01A
:102D000073BC00000000501E3BAAB8400070313E6A
:102D1000F4FD053712BB2A3D12BB2A3EFFFFFF3EE2
:102D2000FFFF7F3F0A3602000E360200DE3502004A
:102D30000000004B00007E4E0000A0850000000057
:102D400010B52DED028BB0EE608AF0EE408A18EEE1
:102D5000101A18EE900A06F0D7FE00F07040B0F19D
:102D6000005F0CD018EE100A20F00040C0F1FF40C8
:102D7000C00F02BFB0EE480ABDEC028B10BDB0EE32
:102D8000680ABDEC028B10BD10B52DED028BB0EEC4
:102D9000608AF0EE408A18EE101A18EE900A06F0DB
:102DA000B3FE00F07040B0F1004F0CD018EE100AE6
:102DB00020F00040C0F1FF40C00F02BFB0EE480A53
:102DC000BDEC028B10BDB0EE680ABDEC028B10BDED
:102DD00030B540F2FF742DED048BF0EE608A18EEF2
:102DE000901A85B0B0EE408A9FED2B9B05468DED85
:102DF000008B34EA115147D053EC192B51EC180BCE
:102E000006F09EFC40D02A4651EC180B06F05AFF03
:102E100041EC180B18EE900A8DED008B34EA10503F
:102E20001CD053EC192B51EC180B06F089FC2BD15C
:102E30000220FDF7ECFC00F0AFFB10EE901A18EE4C
:102E4000900A8DED020B8DED008B61F31E00039057
:102E50009DED020B05B0BDEC048B30BD0220FDF7EB
:102E6000D6FC00F089FB10EE901A18EE900A8DED5A
:102E7000020B8DED008B61F31E0003909DED020BA4
:102E800005B0BDEC048B30BD05B0B0EE480AF0EEE5
:102E9000680ABDEC048B30BD00000000000000009B
:102EA00010B500212DED028BB0EE408A4FF480501A
:102EB0004FF00000044618EE100A06F09FFE08EEE0
:102EC000100A41F2100004EA00014FF00000B0EED9
:102ED000480ABDEC028B10BD10B510EE100A2DEDA6
:102EE000068BB7EE001A10EE901AB0EE418A00225F
:102EF000A0F5000CDFEDFE9A4FF00073BCF1FE4F21
:102F00004FF07F4403EB410C80F0B481BCF1804F63
:102F1000C0F02082F74901449FEDF73AB1F5005F18
:102F200040F2D48200F58021CB0C03F00F0101EEBA
:102F3000901AC3F307137F3BA0EBC350B8EEE12A0E
:102F400000EE100A1A44DFEDED2AF0EE411A42EECF
:102F5000221AF0EE613A70EE232A30EE632A12EE66
:102F6000900A00F500606FF30B0001EE900A73EE1B
:102F7000E13A33EE804AC1EE223A22EE230A10EE05
:102F8000100A00F500606FF30B0000EE100A00EE6F
:102F9000612A00EE442A62EE232A70EE221A21EE04
:102FA000A12ADFEDD73A02EE233A23EE023A20EED1
:102FB000012A22EE811A03EE211A32EE010A10EEE6
:102FC000100A00F500606FF30B0000EE100A72EEBD
:102FD000401A31EE812A9FEDCB1A60EE011A9FED67
:102FE000CA1A20EE011A9FEDC90A02EE001A31EE4C
:102FF000810A10EE100A00F500606FF30B0000EE7E
:10300000100AC34871EEC01A31EE812A784400EBF1
:10301000C10090ED003AD0ED011A100101EE100A46
:10302000F8EEC12A32EE211A31EE001A31EE031AFF
:1030300031EE221A11EE100A00F500606FF30B005A
:1030400009EE100A39EE621A31EE431A31EE400AE7
:1030500030EE610A32EE40AA10EE900A002100F52F
:1030600000606FF30B0008EE900A084670EEE8AAC5
:103070004FF0000029EE280A00F00C01F0EEC00A23
:1030800010EE900AB0F18B4F0DDD10EE900AB4EB0C
:10309000400F08D310EE100A4FF08B4262F31E006F
:1030A00008EE900A13E069EE2A0A38EEAA1A4AEEF0
:1030B000010A30EE201A11EE100A00F500606FF3DD
:1030C0000B0008EE900A30EE680A70EE209A0C2091
:1030D0004FF0000038EEA90AB5EEC00AF1EE10FA82
:1030E00034BFFEEE000AF6EE000A30EE800ABDEEB6
:1030F000C00A10EE100A011100EE101AF8EEC00A14
:1031000000EE100AB8EEC00A38EEC00A30EE290A06
:10311000DFED801A9FED801A00EE211ADFED7F1A95
:103120007F4900F00F0040EE011A21EE800A794439
:1031300001EB800191ED001A7A49794401EB80019D
:10314000D1ED001A784901EE801A794401EB800034
:10315000764990ED000A31EE001AB0EEE00A10EE6A
:10316000100A884215DA10EE100AB4EB400F10D3A3
:103170009FED6F0A30EE800ADFED6E0A20EE200A26
:1031800068EE010ABDEC068BBCEEC00A20EE200AF8
:1031900010BD10EE100A6849884243DA10EE100A9A
:1031A000B4EB400F3ED3BDEEE00A68EE010A10EE2C
:1031B000100A00EBD0725110C90501F17E5100EEEA
:1031C000101AA0EB6200C00560EE200A00F17E50EC
:1031D00000EE100A60EE808A18EE900AB4EB400F01
:1031E0000FD10220FDF713FB00F0FEF910EE101ACC
:1031F00018EE100ABDEC068B61F31E0000EE100AFB
:1032000010BD18EE900A400011D018EE900AFFF79A
:1032100086FC042808BF00F0EFF9B0EE680ABDECA8
:10322000068B10BDF5EEC00AF1EE10FA0FD20220A7
:10323000FDF7EDFA00F0E0F910EE101A18EE100AA2
:10324000BDEC068B61F31E0000EE100A10BD0220DB
:10325000FDF7DDFA00F0C8F910EE101AB0EE480ADA
:1032600010EE100ABDEC068B61F31E0000EE100A92
:1032700010BD00BFBCF1804F6CD300BF00F1FF4315
:10328000B3F1FE4F24D200BFB0EEC00A10EE100A18
:10329000C1F3C7537F2B0DDB972BBFF63BAEC3F1BA
:1032A00096034FF0010C0CFA03F3A3F1010C1CEA96
:1032B000010F08D00120FDF7AAFABDEC068BBDE88E
:1032C000104000F089B90B4218BFBFEE008A21E61A
:1032D00043001CBF4FF08073B3EB400F34D96FF045
:1032E0001A02DFED161A20EE210A10EE100A27E06E
:1032F00000000000001080C0ABAAAA3E0000803D84
:103300007EE24C3E00B03842D49AB8BB3BAA384269
:10331000F0310200FC596337C9FF753A1872313D2C
:103320008E310200C2310200323102000000FC4244
:103330000000FE420000004B000040430000004D32
:1033400010F0004FA0D1E5E5A0F50003B3F1FE4F6A
:1033500021D2DFE503EB4103B3F1007F11D3F5EE9A
:10336000C00AF1EE10FA05D1430018BFB4EB400FCC
:1033700076D883E701F0004141F0FC5100EE901A4D
:103380007CE7B3F1807F06D210EE903AA3F50003FC
:1033900000EE903A72E720F000426FF0FF4C604C74
:1033A00002EB0C03A34210D321F000439C44A4453C
:1033B0000BD3B0F17E5F18BF5FEA410C50D0B2F181
:1033C000FF4F98BFB3F1FF4F05D9BDEC068BBDE8A9
:1033D000104000F0FEB8B0F1FF4F0FD0C1F3C7525C
:1033E0007F2A09DB972A11DAC2F19602012303FA38
:1033F00002F2531E0B4205D0002208E011F0004FEC
:1034000055D128E00A4218BF012200D1022210F54E
:10341000000F13D028B3B0F1004F26D010F1814F28
:103420004FD04FF0FE42B2EB400F94BF012000207E
:10343000012202EBE171884239D10CE011F0004F1A
:1034400002D0012A38D032E0012A02BF9FED350AAE
:10345000BDEC068B10BD9FED340ABDEC068B10BD94
:103460002FE011F0004F0CD121E0B1F1FF4F1ED041
:1034700011F5000F05D011F0004F15D00AB1012A47
:1034800008D00220FDF7C3F9BDEC068BBDE8104063
:1034900000F092B80220FDF7BAF900F08DF8BDEC0B
:1034A000068BB1EE400A10BD0AB1012A04D0B0EE7D
:1034B000690ABDEC068B10BDBDEC068B9FED1B0AA7
:1034C00010BDBDEC068BB7EE000A10BD30EE410A10
:1034D000B5EE001A9FED172A00EE413AB6EE001A3B
:1034E00060EE001A00EE431A61EEC11A9FED101A49
:1034F00020EE011A20EE020A9FED0F2A01EE820A49
:1035000071EE001A11EE900A00F500606FF30B00E7
:1035100009EE100A31EE491A31EE00AA9CE50000CE
:10352000FFFF3F00000080FF0000807F0000008060
:1035300000B0B841D49A38BB3BAAB84100000000A3
:1035400000B583B09FED0A0B0A4601468DED000BD6
:103550006846FDF771FC9DED000B51EC100B06F079
:10356000A9F803B000EE100A00BD00000000000042
:1035700000000000000000009FED050B10B553ECAB
:10358000102B51EC100B06F053F941EC100B10BD51
:1035900000000000000000709FED050B10B553EC1B
:1035A000102B51EC100B06F043F941EC100B10BD41
:1035B0000000000000000010DFED030AB7EE001A63
:1035C00081EE200A704700000000000030EE000A83
:1035D000704730EE200A7047DFED020A80EEA00A45
:1035E00070470000000000009FED020A20EE000A74
:1035F00070470000000000709FED020A20EE000AF4
:10360000704700000000001030B504462DED048B1B
:1036100081B06A4691ED008B51EC180B03F0E8FB8A
:1036200000989FED239B7E300090002821DC53EC16
:10363000192B51EC180B06F083F81AD0002140F634
:1036400008004FF00000054651EC180B06F032F868
:1036500008EE100A40F6080005EA00014FF00000ED
:10366000B5EEC08AF1EE10FA04BF0220FDF7CFF8E4
:1036700017E00098FF280EDB0220FDF7C8F853EC96
:10368000192B51EC180B06F0D1F98CBF9FED0A8A6B
:103690009FED0A8A05E051EC180B06F00BF808EED6
:1036A000100A84ED008A01B0BDEC048B30BD00002F
:1036B0000000000000000000000080FF0000807F8C
:1036C00010B5044690ED000B0846FFF781FB84ED32
:1036D000000B10BD10B54169044688472069A0421F
:1036E00000D1002010BD00002DE9F04F002699B058
:1036F0000F4605463446B0464CE0A868C4EBC40308
:103700008946426802EB83020E92806810AA00EBA1
:10371000C40A2C480D9251F8082F006A120A62F36D
:103720001F200190D1F804B01C2105A8FCF7F0FF80
:10373000D9F81800006800F04DFB0590D9F8180082
:10374000806806905FEA0A0009D0C0F80080D9F8C6
:103750000010416029B1498819B1012102E04046B9
:1037600003E00021016001B900200790D9F818009A
:103770001C2205A9406809900198CDE90A0B0D9813
:10378000FCF794FF1C2210A90E98FCF78FFF761C03
:10379000B6B2641C0DB1288800E00020A04205D913
:1037A000686818B150F824100029A6D11EB1A86885
:1037B0004068386001E0C7F8008019B03046BDE8C5
:1037C000F08F0000F85D02080021C0F34342042A94
:1037D00001D0082A06D1C0F3C612C0F34150C2403E
:1037E000012191400846704730380A2801D2012053
:1037F000704700207047000070B505460C464888A9
:103800006988884202D9AAB1002070BD92B1002611
:103810000CE000BF6168C6EBC6006A6801EB80017E
:1038200002EB80001C22FCF741FF761C6088B0424E
:10383000F0D801E06068686060886880208828802F
:10384000012070BD30B500B3F9B1F2B15268E2B1F8
:103850000F4C1368A34203D00260012913D014E077
:103860000023121D07E000BF52F82350A54204D0E8
:1038700040F823505B1C8B42F6D38B4205D152F8A3
:103880002300A04201D1012030BD002030BD000046
:10389000DECAFAA170B50D46060014461AD0CCB1A6
:1038A000104600F03FFB00B16088A84212D100230F
:1038B000042109E0C3EBC302606801EB8202805877
:1038C00020B146F823005B1CAB42F3D3AB4201D1DD
:1038D000012070BD002070BD0349884201D1012044
:1038E0007047002070470000DECAFAA12DE9FE4FA4
:1038F00092468946040003D0208E20B1656B03E018
:103900000020BDE8FE8F0025002060832083207CFE
:10391000C043800702D030221121DCE0B9F1000F52
:1039200061D0D5B32888C0B3D9F818000026D0F8E4
:10393000008056E0A868006800EB0610019052D0A5
:1039400058B3C6EBC600029009EB8000012100903D
:1039500000F0F2FADBF81830596888421AD800985B
:10396000DBF80C208069D768D0F80CC0674511D10E
:103970009768D0F808C067450CD152684068824209
:1039800008D1186800F016FA0746584603F078FA8E
:10399000874203D2182212219DE024E0DBF81800B0
:1039A000006800F017FA029920F07E4259F82100D1
:1039B00020F07E40824201D01922ECE70098406856
:1039C00088B100988069006878B14146404500D2CE
:1039D00008468046DDE900105A4600F08FF8761C54
:1039E0002DB1288804E01722D5E72122D3E7002053
:1039F000B04206D9686820B150F826B0BBF1000F7C
:103A000098D1BAF1000F74D0208E012806D9656BC9
:103A10000C3503D0288808B1002658E0182259E058
:103A2000A868006800EB061B3BD0BBF1000F38D044
:103A3000C6EBC60001900AEB80000121009000F067
:103A40007BFAD9F8183059688842E7D80098D9F835
:103A50000C208069D768D0F80CC06745DED1976824
:103A6000D0F808C06745D9D1526840688242D5D1A4
:103A7000186800F09FF90746484603F001FA8742AC
:103A8000CCD3D9F81800006800F0A4F920F07E42E9
:103A900001985AF8200020F07E40824203D019227B
:103AA00018E0172216E0009840680028F9D0009826
:103AB0008069006868B14146404500D208468046AA
:103AC0004A465846009900F019F8761C3DB12888FE
:103AD00006E021221321204600F094FD10E700208B
:103AE000B04206D9686820B150F82690B9F1000FAD
:103AF00096D1A4F818804FF0010002E770B5044693
:103B00000E461546104603F0BBF90146A060B069A9
:103B100000684843E060716861607268104420602A
:103B2000A8690268920007D4D0E90223D21A11448E
:103B30008160A9696068C86070BD70B506460025DF
:103B400021E0B068006800EB051488690268920003
:103B500005D58168A268606803F0D6FE08E0D0E968
:103B60000223D21A63681A44826089696068C86057
:103B7000D4E90101084460602168884201D3E0680B
:103B8000081A6D1C60600EB1308800E00020A84269
:103B900006D97068002803D050F825100029D0D12C
:103BA00070BD2DE9F0410646002529E0B168836922
:103BB000096801EB051419688900D4E901120DD5D3
:103BC000986803F0A1FED4E901010844606021680F
:103BD000884201D3E068081A606010E00A4462601D
:103BE00021688A4201D3E2688A1A62608169D1E958
:103BF0000237DB1B1A448A6080696168C1606D1CF2
:103C00000EB1308800E00020A84206D97068002874
:103C100003D050F825000028C8D1BDE8F0817047D6
:103C20002DE9F04F584B93B01B680A9354684369D1
:103C3000246853F82430029354684369646853F845
:103C40002430039354684369A46853F824300493E0
:103C500054684369E46853F82430059304690523E4
:103C6000B3EB142F0CD8156844690423B3EB152F5C
:103C700002D253681B6900E0012354F8233000E0AE
:103C80000023069304690623B3EB142F0CD11568A7
:103C900044690523B3EB152F02D25268526900E044
:103CA000012254F8222000E000220792806902AD30
:103CB00001F10804826808920088C0F3C610C008A9
:103CC00001908869D0F808B0002055E000204CE051
:103CD00000203CE000272DE0002626E0E868AA68E6
:103CE00000FB0AF009FB02030A980521B1EB102F33
:103CF00001D8286900E000200A99062200FB08F09C
:103D0000B2EB112F01D1696900E0002107FB01002E
:103D10006968184406FB01000899019A084459464D
:103D200003F0F2FD0199761C8B4460684068B04254
:103D3000D4D87F1C21680520B0EB112F02D2616816
:103D4000496900E00121B942C6D808F10100804666
:103D500021680420B0EB112F02D26068006900E0F6
:103D600001204045B6D809F10100814660688168AC
:103D70004945ADD80AF1010082466068C1685145E5
:103D8000A4D813B0BDE8F08F505F020870B579B1C8
:103D9000C0F3C6156943C91D21F00704C0F34151A2
:103DA000CC40FFF711FD00FB0540C01DC00870BDF1
:103DB000002070BD59B1C0F3C6125143C91D21F096
:103DC0000701C0F34150C140C91DC8087047002019
:103DD0007047000030B54021C0F34342022A19D099
:103DE0003A4A20F07E439C1A4D01934263D028DC6E
:103DF000374AA3EB020493425DD018DC402B5BD022
:103E0000403BB3F5802350D0802B3DD0B3F5806F7D
:103E100052D134E0C0F3C051C905C0F3C61241EA23
:103E2000C21100F07F02114341F4802144E0A4F567
:103E30004074F93C26D00F2C3AD0AC423CD12549F5
:103E40003AE0254BE21A9C4229D00CDC234AA21806
:103E500013D0B2F5F83F1FD0214BD2181AD0B2F5CB
:103E6000607F29D112E0A2F54072F93A10D00F2AF2
:103E700018D0AA4220D11B491EE01B491CE014495E
:103E8000C91F19E0194917E0194915E0194913E04C
:103E9000194911E019490FE0184980390CE015491A
:103EA000C91D09E014490F3106E01149803903E0CA
:103EB0000E490F3100E0114600F080420A4300F045
:103EC0000051114300F00060084330BD400406007B
:103ED000470404004010040007007E0000F483FF44
:103EE000800FFEFF40108400401082004008040054
:103EF000C00004004004840040088400C000840026
:103F000070B514460D46064600F00CF840B17068D6
:103F1000C5EBC50110EB810002D04460012070BDEB
:103F2000002070BD28B1416819B1408808B1012056
:103F3000704700207047000010B502002AD0164BD1
:103F40001068B3EBC01F03D0144BB3EBC01F01D1FB
:103F5000012000E0002008429069406802D01F3034
:103F600020F01F005369D9B2012900D000211C0A9A
:103F700007E0012907D0936953F821305843491CC1
:103F80001AB1234602E00123F8E700238B42F0DC5C
:103F9000002800DC002010BD00600042006000022C
:103FA00008B509A10968009148B101789DF8002081
:103FB000914204D104226946FCF707FB08B10020B6
:103FC00008BD012008BD0000038404841CB5002244
:103FD0000523CDE900320123014A00F0D9F91CBDC7
:103FE000740A00202DE9F04190B007460E461546B0
:103FF00000213846FFF7EAFF0F9010F0FF0F0AD1BB
:1040000001A800F033F818B100240DF110080DE0FC
:10401000386800F041F810B0BDE8F08156F824206F
:1040200021464046FFF76CFF641CA4B21EB1BDF8E8
:104030001200A042F2D8002401AE07E055F8242077
:104040002146301DFFF75CFF641CA4B21DB1BDF812
:104050000A00A042F2D801A9386800F01FF818B988
:10406000386800F019F80F900F98D4E71FB50028B2
:104070000ED00849D1E90023CDE90223CA68896836
:10408000CDE9001202AA694600F016F904B010BD8D
:104090000020FBE7F0A6000800F0C8B92DE9F041C8
:1040A00006460F463946304600F0CEF9044684B144
:1040B0003946204600F016FC05463946204600F0F9
:1040C00085FB00EA0504304600F04AFA2040BDE8CE
:1040D000F0810020FBE70000002802D10248034ADB
:1040E000026000F033B90000740A00200001C0A192
:1040F000002802D10248034A026000F089BA000099
:10410000740A00200001C0A100F052BA2DE9F0416C
:10411000066C816B04460025C163CEB1D9B1012084
:10412000626CB0470CE00220626CB047E06BFFF7B6
:10413000D1FA07460320626CE16BB0476D1CE76360
:10414000E16B0029EFD106E0FFF7C4FA6D1CE063D4
:10415000E06B0028F8D12846BDE8F0810346002036
:10416000996B002908D0CB600A69401C8A4203D0B1
:10417000002A01D01146F6E770472DE9F041846B23
:10418000002594B1012600272079C00707D0216AB5
:10419000204611B18847304600E038460544206982
:1041A000A04202D008B10446EEE72846BDE8F081FF
:1041B000F0B50024059F0460446084600D692646C4
:1041C0006D4221E0002D06DAD0F800C00CF1010CA0
:1041D000C0F800C014E0D2F808C0D7F808E0ACEB93
:1041E000050CF44506DAD0F808C00CF1010CC0F853
:1041F00008C005E0D0F804C00CF1010CC0F804C000
:10420000D1F808C0761C6544D3F808C0B445D9DCA1
:104210000568C560456805618568C0E90554C461E5
:1042200004624C696442002515E0002C03DA8669BB
:10423000761C86610CE05668D7F804C0361B6645CC
:1042400003DA066A761C066202E0C669761CC6615D
:10425000CE686D1C34445E68AE42E6DCF0BDD0E949
:104260000621012322B149B18384521E826109E0F3
:1042700021B100228284491EC16103E08384016A66
:10428000491E0162C1680160016941604169816044
:1042900070470168012219B1C284491E016070474C
:1042A000416821B1828CC284491E41607047C2843A
:1042B0008168491E8160704710B570B169B162B103
:1042C000074C0460D1E90041C0E90141D2E9001284
:1042D000C0E903120123184610BD002010BD0000E4
:1042E000DECAFAA1016810B1024A8A4300D0002058
:1042F000704700000001C0A130B44AB140B139B1EB
:10430000074C1368A34206D130BC0C32FFF7C2BA87
:1043100030BC0020704730BC1C32FFF793BA00005D
:10432000DECAFAA130B44AB140B139B1064C1368C3
:10433000A34206D130BC121DFFF7ACBA30BC00203E
:10434000704730BCFFF77EBADECAFAA1F8B50E4658
:10435000FFF7C8FF04000AD000270097208E00B1A5
:10436000606B6946FFF7C0F9050006D00BE010222C
:10437000114600F047F90020F8BD1822112120460F
:1043800000F040F9009706B135800098F8BD0000B4
:104390002DE9F04F89B00500DDE912104FF0000A59
:1043A000564663F30706CDE9011361F30F261D4F4F
:1043B0009146544660F31746834618D0C5F80090DE
:1043C00000F093F9B8B1B846BF8AC6F30721F0B23E
:1043D000002200F053F90646C7F30721F8B2002285
:1043E00000F04CF9864208D0D8F804400EE0F86995
:1043F00009B0BDE8F08F3C6808E00BA000680090B1
:104400006846FFF7CDFD18B9D8F80840C5F800A0F8
:10441000DDE901105A4600F031F9C9F808002046DC
:10442000E6E70000F85D02080384048410B5FFF796
:1044300059FF20B1BDE810400C3000F050B90148E0
:10444000806910BDF85D02082DE9F04F91B00C466F
:10445000FFF748FF050013D0B4B13DA12068FFF776
:104460003BFA06004FF0000B11D020680190D4E910
:104470000301CDE90401D4E90101CDE9020143E0E2
:10448000002011B0BDE8F08F112210215CE0012165
:104490002046D4F804A0FFF74FFD804604F11C002D
:1044A000D4F8209001211090FFF746FD0746142212
:1044B000294907A8FCF7FAF80120B8F1000F02D04B
:1044C000ADF8220002E0ADF822B0002409941FB13B
:1044D000ADF82A00109802E0ADF82AB000200B9049
:1044E000B9F1000F02D10FB1132206E0BAF1000FAB
:1044F00005D1B8F1000F02D01222102123E01422BE
:1045000007A901A8FCF7D2F814492868884212D1FB
:1045100086F00102144602A905F12000FFF76CF9AC
:1045200068B1224604A905F12800FFF765F940B1FA
:104530002846FFF713FE032028612846A1E7122230
:1045400000E013221621284600F05CF898E70000EE
:10455000696E6974000000004C5E02080001C0A191
:1045600070B5FFF7BFFE002807D0017C890705D48E
:104570001022112100F046F8002070BD0B4A01689E
:10458000914211D10546FFF7F8FD286C60B1AC6B84
:1045900054B1D5E910322146002098472069A04245
:1045A00002D008B10446F4E7012070BD0001C0A1AB
:1045B00070B513460D46FFF795FE04461A46294688
:1045C000FFF794F900281CD0208E08B1656B00E03D
:1045D0000025012802D9666B0C360DE000260BE0A1
:1045E0002846FFF7AAFA2046FFF790FD3046FFF76E
:1045F000D8FA608B401C6083608B218B8842EFD39C
:1046000080B270BD002802D00C3000F07FB8704737
:10461000F8B50E46FFF766FE040007D000270097A6
:10462000208E012808D9606B0C3006E0102211465C
:10463000FFF7E8FF0020F8BD00206946FFF754F8B7
:10464000050005D1182211212046FFF7DBFF009756
:1046500006B135800098F8BD4168D1E902014843B0
:10466000704702460068010A012004E05368491EB1
:1046700053F8213058430029F8D17047000640EA2A
:10468000014040EA02207047F0B500241FE000BF5F
:1046900000EB840595ED001A61EE001A81EEA01A78
:1046A00011EE105AC5F3C756C6F17E07C5F31606BC
:1046B00006F50006002D00DA76421F2F01DD0026E8
:1046C0003746F50123F8147042F82450641C8C42DC
:1046D000DEDBF0BD10B51EC980E81E0010BD002253
:1046E000016802700260084670470120704710B1EF
:1046F0008269002A00D10846704710B1806900B174
:10470000014609B18868704700207047037813F0AC
:10471000FF0F01D0002070470170016862F31F2174
:1047200001600120704710B50A6802604A68426063
:104730008A6982618A68130A826863F31F22826031
:10474000002206E0CB68C46853F8223044F82230D7
:10475000521C8368B2EB132FF4D30A69130A02695F
:1047600063F31F220261002206E04B69446953F89B
:10477000223044F82230521C0369B2EB132FF4D3D9
:1047800010BD000070B50024084D0CE00B5D5840D2
:10479000002300F0010676422E4086EA50005B1CA2
:1047A000082BF6DB641C9442F0D370BD2083B8ED77
:1047B00010B56FF00400FEF769F803481521017089
:1047C00045F20821416010BD2400002010B50446C8
:1047D0000A4601214248FFF78FFD002878D0404863
:1047E0003F49083100688860C8603D4A42F6E06190
:1047F000183201449160D16042F6386110320144B0
:104800009160D16002F5A8718860C86041F690019E
:1048100002F5B07201449160D16042F61861A2F5D0
:10482000A87201449160D16002F110018860C860F3
:1048300002F5B07200F500519160D160103200F5C0
:104840006C519160D160A2F5A87280319160D16005
:10485000234B00F5DA5268339A60DA6003F5A872E8
:104860009160D16002F110018860C860A2F5A07269
:1048700000F5D6519160D160103200F5675191601A
:10488000D16002F5A8718860C86002F5B07200F5C9
:1048900004519160D160A2F5A87200F508519160B1
:1048A000D16002F110018860C86002F5B07200F1B9
:1048B00080019160D160A2F5A07200F5DA7191607B
:1048C000D16002F110018860C860012010BDFFE7CF
:1048D000132230212046FFF795FE0020F6E7000066
:1048E0006C08002010B504460A4601213548FFF740
:1048F00019FD00285ED03349D431086840F080406B
:104900000860304800688860C86001F110021168D2
:1049100041F08041116000F5B4519160D1601032D6
:10492000116841F08041116000F5B8519160D1608B
:104930001032116841F08041116000F59E41916094
:10494000D1601032116841F08041116000F5A04142
:104950009160D1601032116841F08041116000F522
:1049600070419160D1601032116841F08041116056
:1049700000F572419160D1601032116841F08041C0
:10498000116000F5D9319160D1601032116841F0A9
:104990008041116000F5DA319160D16002F11001BF
:1049A0000A6842F080420A60074A10448860C86082
:1049B000012010BD122230212046FFF723FE0020E7
:1049C00010BD00007008002080B6010010B5A2B034
:1049D00004460020E062009105A2802102A8236A1B
:1049E000FBF780FC626902A8E169904722B010BD24
:1049F0007B2274797065223A226572726F72222C62
:104A000022736571223A256C752C22636F646522CE
:104A10003A222573227D0D0A000000002DE9F04F97
:104A20002DED028BADF57F7D04465D915DA804F010
:104A300065FC06464FF00009CDF86091002536B1BF
:104A4000F6A13046FBF78CFE08B95D9800B3002E46
:104A500054D05CA95DA804F0D3FC00284ED0F0A18E
:104A60003046FBF77DFE42F6E0674FF00108002874
:104A70004BD0216A5C98814270D02062E9A1204627
:104A8000FFF7A4FF0DF57F7DBDEC028BBDE8F08F35
:104A9000E568286905F000F806460F46E86804F066
:104AA000FBFF80468946A86804F0F6FF82468B46E5
:104AB000686804F0F1FFCDE90C01286804F0ECFF10
:104AC000CDE906ABCDE90889CDE90A67DDE90C56E9
:104AD00002AA63C220690090206808B1D4A300E054
:104AE000D5A3D74A4FF420715EA8FBF7FBFB6269A0
:104AF0005EA8E16990470DF57F7DC5E7D1A120460D
:104B0000FFF764FF0DF57F7DBEE75C982062C4F877
:104B10002C90206850B16068FEF714F830B194ED25
:104B2000010AB5EEC00AF1EE10FA06D8C7A1204678
:104B3000FFF74CFF0DF57F7DA6E75AA95DA804F0AD
:104B40005FFC20B15A98B84201D15D9838B1C3A139
:104B50002046FFF73BFF0DF57F7D95E714E0C4F895
:104B600024904FF0FF30A062C4F82C80BFA24FF415
:104B700020715EA85C9BFBF7B5FB62695EA8E169EA
:104B800090470DF57F7D7FE7E06A88B1BFA1304691
:104B9000FBF7E6FD98B1BEA13046FBF7E1FD00282A
:104BA0007ED0BCA12046FFF711FF0DF57F7D6BE79E
:104BB000BAA12046FFF70AFF0DF57F7D64E75BA9E8
:104BC0005DA804F01DFC78B15AA95DA804F018FC9A
:104BD00050B1616A5B98814206D15A9820B1402851
:104BE00002D8791A814206D2AFA12046FFF7EEFE25
:104BF0000DF57F7D48E7002518AF1DE05DA804F0A6
:104C00007DFB60B1017851B10DA9FEF799FC07EB6E
:104C1000850080ED000A0D980078C8B906E0A6A1CD
:104C20002046FFF7D3FE0DF57F7D2DE710EE100A2D
:104C3000FDF788FF60B16D1C5A988542DED35D9800
:104C400068B19FA12046FFF7C1FE0DF57F7D1BE7F0
:104C500099A12046FFF7BAFE0DF57F7D14E70025E8
:104C60002AE007EB850694ED011AD6ED000A80EEE6
:104C7000810AFEF715F9D4ED020AF8EEE00A70EEAB
:104C8000200A9FED930AFEF75BF8F0EE400A9FEDD5
:104C9000910AFEF779F8BDEEC00A10EE100A00E0A6
:104CA00020E05B9A21682A44885431460422A06A95
:104CB000FFF768FDA0626D1C5A988542D1D3606AE7
:104CC0005A9908446062009083A24FF420715EA854
:104CD0005C9BFBF707FB62695EA8E16990470DF5F5
:104CE0007F7DD1E659A95DA804F08AFB48B15D98A3
:104CF00038B9606AB84204D1A06A5999C043884261
:104D000006D07FA12046FFF761FE0DF57F7DBBE653
:104D1000C4F82C90D4E9063258A913A89847D0B10A
:104D200000260DF14C09B7EE008A09EB86073868BA
:104D3000FDF708FFB0B197ED000AB5EEC00AF1EE3D
:104D400010FA16DBB1EE400AFDF706FF70EE080A16
:104D500088EE200A19E06FA12046FFF737FE0DF517
:104D60007F7D91E66DA12046FFF730FE0DF57F7D3A
:104D70008AE6FDF7F1FEF0EE408A97ED000AFDF7B6
:104D8000EBFE70EE080A88EEA00A0EA800EB860083
:104D900080ED000AE06800EB8600D0ED000AF4EE3A
:104DA000C00AF1EE10FA02D808FA06F00543761CA4
:104DB000052EBAD3129804F06FFE06460F461198DE
:104DC00004F06AFE82468B46109804F065FE804629
:104DD00089460F9804F060FECDE90C010E9804F0AE
:104DE0005BFE0A46014604AB5898A3E8000FCDE9E4
:104DF0000A50CDE90867DDE90C568DE866004C4A9B
:104E00004FF420715EA85C9BFBF76CFA62695EA8A8
:104E1000E16990470DF57F7D36E6000024500000E3
:104E20002442000073657175656E636500000000C3
:104E3000747275650000000066616C7365000000A7
:104E400018640208666F726D6174000061695F6EBC
:104E50006F745F72656164790000000073616D704A
:104E60006C655F636F756E74000000007B2274795F
:104E70007065223A22626567696E222C2273657121
:104E8000223A256C757D0D0A0000000024440000C4
:104E900024520000636F6D6D616E64006E6F5F740D
:104EA00072616E73666572006F66667365745F6FBC
:104EB000725F636F756E7400666C6F6174000000E2
:104EC00065787472615F76616C75657300000000CF
:104ED000000000C30000FE427B2274797065223A14
:104EE0002261636B222C22736571223A256C752C2A
:104EF000226E657874223A256C757D0D0A000000DB
:104F00006372635F6F725F696E636F6D706C6574FF
:104F10006500000061695F72756E00006E6F6E66FD
:104F2000696E6974655F6F75747075740000000058
:104F3000D06402080248C168491CC1607047000083
:104F40002C0000202DE9F04F816989B002460B88C2
:104F50000BB1486800E00020406828B10BB14868F8
:104F600000E0002040680068012B02D94C680C3436
:104F700000E00024646844B1012B02D949680C3177
:104F800000E000214968096800E00021C368CC689E
:104F9000978BB3F80CB0B4F808C0B4F80C80148D3B
:104FA000B3F808A0168C958C9B88126B1FFA83F9B6
:104FB0001FFA88F813889288CDE907811FFA8CFCC4
:104FC000A4B2CDE9054CA9B29BB2CDE90331B9B287
:104FD000009192B2B4B2CDE901421FFA8BF21FFAEE
:104FE0008AF14B4602F09DF909B0BDE8F08F000050
:104FF0002DE9F04F04462DED028BD3B08069018876
:1050000009B1426800E0002252682AB109B1426841
:1050100000E00022526812680692012902D9426813
:105020000C3200E0002252683AB1012902D94268EC
:105030000C3200E00022526812684892022902D91C
:105040004268183200E0002252683AB1022902D9BF
:105050004268183200E00022526812680592022964
:105060000BD9426812F1180F07D032F8183F012B04
:1050700003D9526812B1526800E000220492032959
:1050800002D94268243200E0002252683AB1032972
:1050900002D94268243200E0002252681268499224
:1050A000032902D94268243200E00022526842B14A
:1050B000032902D94268243200E000225268556870
:1050C00000E00025626A92B11992032902D9426870
:1050D000243200E0002252683AB1032902D9426822
:1050E000243200E0002252689268189202E0FE4AE0
:1050F000CDE91852069A0229D26893889BB224936C
:10510000EB689B889BB21A93489BDB68DE68299604
:105110009B684D93D2F80C9092681F92228D92B2A8
:105120002892A28D92B21392E26B13881FFA83F831
:1051300093889EB2138992891FFA83FA97B2059ACF
:10514000D2689368209352682792626C4C92E26C0A
:105150004B92226D1E92A26D1368269352684A925A
:1051600002D94268183200E00022526862B1022976
:1051700002D94068183000E000204068806818B10B
:105180000021FFF7B4FA03E00020216AFFF7B5FA27
:10519000159027991F981C22401A81192898394484
:1051A000B1FBF0F0A06C14902098A9EB00014144F1
:1051B00013985144B1FBF0F000F1010AE06D5090FA
:1051C0001898AF69C9498669489880694E902EA899
:1051D000FBF76CFAC5480DF5807B2038B0E80E105F
:1051E0008BE80E1040A931910FC80DF5887B8BE834
:1051F0000F0044A833902EA81899FFF794FA31466F
:1052000035A8FFF767FA35A83490E86800218B4687
:1052100080682B904998806980682C9020982A900B
:1052200009EB0800CDE91C0826982D9100B22390C7
:1052300081460698059A01682868126851B14B6842
:1052400043B1B1F802C0BCF1000F03D01B68D3ED2D
:10525000008A01E0F7EE008A58B1D0F804C0BCF132
:10526000000F06D0438823B1DCF8003093ED008AAC
:1052700001E0B7EE008A069B94F84180D3F818C08D
:10528000059B9B69CDF84481DCF808809B683E93C0
:10529000049B9B699B683D931AB152680AB11268DE
:1052A00000E000223C9239B14A682AB1498819B11C
:1052B000516891F9001000E000213B9138B141683C
:1052C00029B1408818B1486890F9000000E000203A
:1052D0003A9001E1BAF1000F6EDD002026990090AE
:1052E000894504D1BBF1000F01D1012000904998FC
:1052F000806903C8FEF74AFD2C9A009BCDE9100295
:105300000121CDE90E13BA682B98519BCDE90A32E1
:1053100080B20DF1E80CCDE90C019CE80F0006937A
:105320000992CDE907102098139983B2DDE927028D
:1053300080B2CDE90421CDE902031A993E98CDE966
:1053400000012A98F0EE480A82B21F98B0EE680A6F
:1053500081B24046249B00F043FC13991C9888427C
:1053600001D0401A00E000202A991C90814200D20E
:1053700008462A901D98B0B31399401A002809D501
:105380001F9A24991D9B01FB02F1139AA2EB0303C0
:1053900001FB038801DC4FF0000080B21D901A9AD7
:1053A0002B98294602FB00F2DDE9180C159BE0471B
:1053B00009F101000FFA80F9AAF101005FEA000A81
:1053C0002FD52B9A1A98B168504300FB1910F26838
:1053D000824201D973681844824216D2149A12B2DA
:1053E00091450DD111E0FFE71F9924984843139987
:1053F00000FB0188D3E700BF10F8012B01F8012B57
:105400007368F2681A448242F6D81498A0EB090136
:105410002D98084400B22D901E9909EB01000FFA57
:1054200080F9149909B289453BDB1E991E9BA9EBB3
:1054300001000FFA80F94D989BB24899012280B281
:105440000593CDE906024B98089182B223984A99B8
:1054500080B289B2149BCDE902109BB201934C98A3
:10546000049280B200902D991498DDF840C1401A42
:1054700082B22B980BF1010B81B22EA81A9BE04748
:105480004E98816848984069C06801444E98816090
:105490001E98239900B2081A002800DC002000B2F0
:1054A00023906969B868C9680844B860606A28B11F
:1054B0001898B1684069C0680844B060284601F097
:1054C000DFFC0146F868BA680144914204D8B8602C
:1054D000606A08B1F068B06029988345FFF4FAAEBD
:1054E000F868B860F06803E07D6E0008BC5E0208F2
:1054F000B0604E984E99C068886053B0BDEC028B86
:10550000BDE8F08F2DE9F04F04462DED028BD5B0AC
:105510008069018809B1426800E0002252682AB11E
:1055200009B1426800E0002252681268069201291F
:1055300002D942680C3200E0002252683AB10129D7
:1055400002D942680C3200E0002252681268479289
:10555000022902D94268183200E0002252683AB1AA
:10556000022902D94268183200E00022526812680B
:10557000059202290BD9426812F1180F07D032F8B0
:10558000183F012B03D9526812B1526800E0002283
:105590000492032902D94268243200E000225268B2
:1055A0003AB1032902D94268243200E0002252684D
:1055B00012684892032902D94268243200E000228E
:1055C000526842B1032902D94268243200E0002225
:1055D0005268556800E00025626A92B12092032962
:1055E00002D94268243200E0002252683AB103290D
:1055F00002D94268243200E00022526892681F9269
:1056000002E0FE4ACDE91F52069A0229D268938829
:105610009BB21A93EB689B889BB21793479BDB68FE
:10562000DE6838969B684C93D2F80C909268229270
:10563000228D92B22892A28D92B21492E26B1388BC
:105640001FFA83F893889BB22793138992899FB29C
:1056500096B2059AD2689368199352682492626C44
:105660004B92E26C4A92226D2192A26D13682693AE
:105670005268499202D94268183200E0002252680A
:1056800062B1022902D94068183000E00020406869
:10569000806818B10021FFF72AF803E00020216A92
:1056A000FFF72BF81C90249922981C22411A279866
:1056B000084481192898B1FBF0F01999A06C169054
:1056C000A9EB0101414414983944B1FBF0F000F119
:1056D000010AE06D53901F98AF69C94986694798E0
:1056E00080694D9030A8FAF7E1FFC5480DF1F80B3D
:1056F0002038B0E80E108BE80E103EA933910FC889
:105700000DF5847B8BE80F0042A8359030A81F99D7
:10571000FFF709F831464FA8FEF7DCFF4FA8369097
:10572000E8680021059A8068259048988B46806932
:10573000806839901998299009EB080018902698EC
:10574000CDF8548000B2CDE92E108146069812683B
:105750000168286851B14B6843B1B1F802C0BCF18F
:10576000000F03D01B6893ED008A01E0B7EE008ABA
:1057700050B1436843B1B0F802C0BCF1000F03D090
:105780001B68D3ED008A01E0F7EE008A069B94F8CF
:105790004180D3F818C0059B9B69CDF8F080DCF8F8
:1057A00008809B683B93049B9B699B682D931AB16F
:1057B00052680AB1126800E000223A9239B14A6890
:1057C0002AB1498819B1516891F9001000E000210F
:1057D0002C9138B1416829B1408818B1486890F9D6
:1057E000000000E000202B9005E100BFBAF1000F9F
:1057F00072DD002026990090894504D1BBF1000F8D
:1058000001D1012000904898806903C8FEF7BEFAD4
:105810003999009A0123CDE91101CDE90F3225987C
:10582000BA6881B23A9B3C98CDE90C020B930DF11A
:10583000AC0C0E919CE80700159BCDE90910CDE951
:105840000732DDE92702199B1499CDE905109BB2B7
:10585000CDE9033224983B9A80B217990092CDE9A2
:1058600001102998F0EE680A82B22298B0EE480A38
:1058700081B240461A9B00F05FFA1499189888424A
:1058800001D0401A00E0002029991890814200D2EE
:10589000084629901598B0B31499401A002809D5E4
:1058A000229A1A9901FB02F1DDE91423A2EB03030A
:1058B00001FB038801DC4FF0000080B21590179ABD
:1058C0002598294602FB00F2DDE91F0C1C9BE047EE
:1058D00009F101000FFA80F9AAF101005FEA000A5C
:1058E0002ED5259A1798B168504300FB1910F2681D
:1058F000824201D973681844824216D2169A12B2B3
:1059000091450DD111E0FFE722991A98149A484366
:1059100000FB0288D3E700BF10F8012B01F8012B30
:105920007368F2681A448242F6D816992E98A1EB51
:105930000901084400B22E90219848440FFA80F9DA
:10594000169909B289453BDB2198219AA9EB000001
:105950000FFA80F94C9892B280B24799CDE90520B0
:105960000123CDE907312F994A988AB2499980B22B
:105970008BB21699CDE9032089B2CDE901134B987A
:105980002E9980B200901698DDF84CC1401A82B270
:1059900025980BF1010B81B230A8179BE0474D9879
:1059A000816847984069C06801444D988160219999
:1059B0002F9809B2401A002800DC002000B22F9076
:1059C0006969B868C9680844B860606A28B11F98F6
:1059D000B1684069C0680844B060284601F050FAD8
:1059E0000146F868BA680144914204D8B860606A18
:1059F00008B1F068B06038998B4503E07D6E00080F
:105A0000345F0208FFF4F2AEF868B860F068B06086
:105A10004D984D99C068886055B0BDEC028BBDE8CB
:105A2000F08F2DE9F04F816987B0088808B14A6886
:105A300000E00022526832B108B14A6800E000225A
:105A40005268156800E00025012802D94A680C3226
:105A500000E00022526842B1012802D94A680C32A3
:105A600000E000225268146800E00024022802D9F5
:105A70004A68183200E00022526842B1022802D976
:105A80004A68183200E000225268166800E00026DA
:105A900002280BD94A6812F1180F07D032F8183FC4
:105AA000012B03D9526812B1526800E000229046DF
:105AB000032802D94A68243200E00022526842B129
:105AC000032802D94868243000E0002040680768B5
:105AD00000E00027E86880881FFA80FBE068808883
:105AE0001FFA80FA04F10800FEF7B6FD8446D8F8E4
:105AF0001800D0F808907FB1B869D0F808802B68FA
:105B000020683768B26953B1596841B15E8836B1CF
:105B1000096891ED000A04E04FF00008EFE7B7EEE6
:105B2000000A38B1416829B146881EB10968D1ED33
:105B3000000A01E0F7EE000AA16992688C68A96981
:105B400089683BB15D682DB15B881BB16B6893F9C7
:105B5000003000E0002338B145682DB1408818B10D
:105B6000686890F9005000E000251FB1786808B11E
:105B7000006800E000208DE82808CDE90508CDE99F
:105B800003AC4B46204600F036FC07B0BDE8F08F72
:105B90002DE9FF4F9A462DED020B8BB09346DDE9C0
:105BA0002367DDE92145DDE91F238E46DDE91D017F
:105BB000DDE91A98DDF870C0CDE90301CDE90523D0
:105BC00048468DE80111CDE90745CDE909675346FF
:105BD0005A4671460D9801F0EDFD11B0BDE8F08F09
:105BE0002DE9FF4F82462DED020B99B09946DDE974
:105BF0003406299D3399704300FB0511DDF8C4C0BC
:105C0000DDF8AC80399F514509D91C98424302FB0D
:105C100009A13398814202D90120169001E016961D
:105C20000126159738983A463844A0EB4504234698
:105C300029466046FEF728FD07EBC50B07EB8500FC
:105C400000214FF0010C0FE0B4F90020531E152B7A
:105C500006D2309B93400CFA02F703EB570200E0A8
:105C6000309A491C04C0A41CA942EDDBA4EB4501F9
:105C7000A0EB8500CDE912101C984C46604300B2A1
:105C80001490684200EB80013898119500EB4101B7
:105C900037984FF00009012815D12A9A04FB05F026
:105CA000504300FB08F04246B1EB400F0BDB2A9853
:105CB000D94604FB00F303FB02F0CDE9000B2946B3
:105CC000289802F0C9FA3398002717902EE0139A0B
:105CD0001C9BCDE90D32CDE90FB932982F992A9B43
:105CE000CDE90B10CDE909381498169980B22D9B97
:105CF000349ACDE90710CDE90532DDE911122C986F
:105D0000CDE90340CDE90121159800905046179B3D
:105D10002E9A289902F0C8FC179934982D9A00FB06
:105D200005101499179001FB02AA7F1CB742CEDB25
:105D30001FB0BDE8F08F00002DE9FF4F8A462DED22
:105D4000020BC3B00020DDE963180490DDF88091F8
:105D50006198539E5F9A00FB09F000FB062245986C
:105D60005D9F5A9D1C4682420AD94798459A00FB7E
:105D70000AF000FB04225F98824201D901200490BE
:105D80005E98032801D0022801D10020049008EB7E
:105D90000100A0EB460083460346424631463846A2
:105DA000CDF83480FEF770FC5E98C10709F102005F
:105DB00061993B9002D0891C484301E009FB01F046
:105DC00016905B995598CDE90005CDE90218324649
:105DD0002046549B529902F0EDF906EB4601549887
:105DE00008EB81050F9504FB00F7559800217843D7
:105DF00080B2099008EB86003D9008EBC6000123B5
:105E00003C9014E0BBF90020A2F1010CBCF1150F8D
:105E100008D2DDF870C10CFA02FC03FA02F20CEBB6
:105E2000520200E05C9A0BF1020B04C0491CB14223
:105E3000E8DBABEB46000A903F900D983E90479808
:105E4000CDF8D0902F906198339054983890559811
:105E5000379056982590CDF8C0A05798269058981E
:105E600027905998289036A8009032AB2EAA23A9E3
:105E700018A8FEF79DF95E98C0F3400015905E9853
:105E8000032821D00020429000203A9052980C9094
:105E9000549960004843559948430F9901EB4000DD
:105EA0001090DDE954014843604370434FF4A05122
:105EB000B1EB400F00DB410001EBD1704FEA60080D
:105EC0006298012802D00FE00120DCE709987043B6
:105ED000404509DCA007099A10990C98334623D055
:105EE00001F0B6FD01203A90099998FBF1F080B2DB
:105EF000864200D230464090B6FBF0F04190409888
:105F0000B6FBF0F100FB116018B14198401C80B263
:105F10004190559A60005043549A0499504314900C
:105F200000297AD0002028E101F0C2FEDAE718A8A3
:105F3000FEF795F95E98032818D022985F99704370
:105F400000FB0910179006903D9811903F980A9019
:105F50003E980D903C980E9040980B90419842903E
:105F600052980C903A98139640B1FEE022985F99AF
:105F7000401C3B9A491C00FB0210E3E7099AA0076A
:105F80007AD0EDE01B9818901C9819901D981A90E3
:105F90000020A3E018A8FEF77CF9BDF886000128D0
:105FA00013D056992D9848435899A0EB010BA007A0
:105FB0005799229800FB01F05999A0EB01085599D7
:105FC00008EB010045D0049064E0579922984843BB
:105FD0005999A0EB010B55990BEB0100049032E0AD
:105FE00056992D9848435899A0EB0108549908EB0D
:105FF0000100039022E000BFBBF1000F07DB4799CF
:106000008B4504DAB8F1000F01DBD04506DB2246F0
:1060100029465B9801F06CFB0BE0BCE0A0070BFB92
:106020000A814598224601FB040029460ED001F062
:1060300035FF039805EB440508F101084045DBDC1A
:1060400004980BF1010B5845CADC26E001F0AAFFC9
:10605000EFE703900DE008FB0AB145983A4601FBD3
:106060000400294601F09EFF039805EB470508F15F
:1060700001084045EFDC10E087E008FB0AB14598D5
:106080003A4601FB0400294601F008FF05EB4705ED
:1060900008F1010804994145EFDC0F99149801EBD0
:1060A0004000A84218D1DDE90D0105AD069B159A07
:1060B00085E80F0009AD002395E80700CDE903014D
:1060C000CDE9013216980090DDE90F103346119AA0
:1060D000FBF7D3FC0F9D06902D98401C2D90484552
:1060E000FFF658AF0F98854213D0DDE90D0104ADDE
:1060F000069B159A85E80F00DDE9092316980B9990
:106100008DE80F00DDE90F103346119A02F0BEFF53
:106110000F9D0B9917980844179006901398401AF2
:1061200080B2139008461399884200D201460B9121
:10613000D9B1099A0C9902FB00110C91119901EB4C
:10614000800111910A9901EB40010A910D9901EB2F
:1061500080010D910E9901EB80000E90A00714D0E4
:10616000DDE90B30109901F073FC4299481E80B2B2
:106170004290BFF407AF2298401C61992290884258
:10618000FFF6D5AE49B0BDE8F08FDDE90B301099D0
:1061900001F08EFDE9E741983B903D9811903C98C5
:1061A0000E9040980B9017965F9819E13A9838B97D
:1061B000A007DDE90B30099A109907D001F048FCDF
:1061C000139806905E98032803D006E001F070FD56
:1061D000F6E706984844C01C06900020BCE018A8CA
:1061E000FEF73DF80020B1E018A8FEF752F8BDF820
:1061F0008600012813D02D99569841435898A1EB59
:10620000000BA0075799229800FB01F05999A0EBC9
:106210000108559908EB010044D0039063E02299EE
:10622000579841435998A1EB000B55990BEB01008E
:10623000059030E056992D9848435899A0EB0108F5
:10624000549908EB0100039020E000BFBBF1000F60
:1062500007DB47998B4504DAB8F1000F01DBD04525
:1062600005DB224629465B9801F042FA0AE0A007C6
:106270000BFB0A814598224601FB040029460ED0FB
:1062800001F00CFE05EB440508F1010803994145B6
:10629000DCDC0BF1010B05995945CBDC25E001F065
:1062A00081FEEFE704900CE008FB0AB145983A46FE
:1062B00001FB0400294601F075FE05EB470508F1D6
:1062C000010804994145EFDC0FE008FB0AB145984D
:1062D0003A4601FB0400294601F0E0FD039805EB76
:1062E000470508F101084045EFDC0F99149801EBD0
:1062F0004000A84228D14299002011B12D9901B93E
:106300000220DDE90D120DF11408069D159B88E8A9
:106310002E0009AD95E80E00CDE90103CDE9031289
:1063200016980090DDE90F103346119AFBF7A5FB94
:106330000690429838B12D99A9F10100814202D10D
:106340000698801C06900F9D2D98401C2D90484566
:10635000FFF64AAF2298401C014622906198814284
:10636000FFF63DAF0F98854213D0DDE90D0104AD76
:10637000069B159A85E80F00DDE9092316980B990D
:106380008DE80F00DDE90F103346119A02F07EFE12
:106390000F9D0B991798401A80B2179008461799CD
:1063A000884200D201460B91D9B10C9A099901FBA0
:1063B00000210C91119901EB800111910A9901EBD7
:1063C00040010A910D9901EB80010D910E9901EBAD
:1063D00080010E91159959B1139A169900FB01206D
:1063E00013903B99481E80B23B90BFF4DFAEC9E6E4
:1063F00013990844F4E72DE9FF4F06462DED020BF3
:1064000087B08846DDE91B04DDE9197A04EBC70192
:1064100089460B4622463946DDF860B0FEF734F96E
:10642000002512E00C981799CDE90310CDE9056419
:10643000CDE90049169802903B465A4640460B99D2
:1064400001F036FFD8443E446D1C5545EAD30DB0EB
:10645000BDE8F08F2DE9FF4F90462DED020B83B084
:106460000020DDF848A01A99834688427ED2002099
:1064700081E0002279E0189B7F260BFB03F1169B3D
:10648000CD1A1799159B4143CC1A694201D50021B9
:1064900000E06942634201D5002300E063420293B9
:1064A000089B149F5B1BBB4200DD3B469E46139F2F
:1064B000A8EB0403BB4200DD3B46994618E06F1889
:1064C0000197059F029B174400970EE0019F04EB84
:1064D000030C07FB08C707FB0AF7DDF800C017F934
:1064E0000C70B74200DA3E465B1C4B45EEDB491CA4
:1064F0007145E4DB10EE101AB1F17E5F0CD1DDE9DD
:106500001B13994208D1199B0BFB0301069B01FB4E
:106510000AF11344CE5426E01B99711A00EE901A2A
:106520001C99B8EEE01A00EE901AF8EEE00A40EE80
:10653000010AF5EEC00AF1EE10FA02DBB6EE001A1F
:1065400001E09FED121A199B71EE200A0BFB030369
:1065500003FB0AF3FDEEE00A10EE901A01F30704C4
:10656000069911445C54521C92B200E00BE0524573
:1065700081D3401C80B219998842FFF47AAF0BF1A5
:10658000010080B26FE709B0BDE8F08FFCFFFFBEED
:106590002DE9FF4F90462DED020B83B00020DDF872
:1065A00048A01A99834688427ED2002083E00022C8
:1065B0007DE000BF189B6FF07F060BFB03F1169B7D
:1065C000CD1A1799159B4143CC1A694201D5002178
:1065D00000E06942634201D5002300E06342029378
:1065E000089B149F5B1BBB4200DD3B469E46139FEE
:1065F000A8EB0403BB4200DD3B46994618E06F1848
:106600000197059F029B174400970EE0019F04EB42
:10661000030C07FB08C707FB0AF7DDF800C017F9F2
:106620000C70B74200DD3E465B1C4B45EEDB491C5F
:106630007145E4DB10EE101AB1F17E5F0CD1DDE99B
:106640001B13994208D1199B0BFB0301069B01FB0D
:106650000AF11344CE5426E01B99711A00EE901AE9
:106660001C99B8EEE01A00EE901AF8EEE00A40EE3F
:10667000010AF5EEC00AF1EE10FA02DBB6EE001ADE
:1066800001E09FED121A199B71EE200A0BFB030328
:1066900003FB0AF3FDEEE00A10EE901A01F3070483
:1066A000069911445C5400E00DE0521C92B2524530
:1066B00080D3401C80B219998842FFF478AF0BF167
:1066C000010080B26DE709B0BDE8F08FFCFFFFBEAE
:1066D00000F04ABC00F076BC00F092BC00F0A4BC14
:1066E0002DE9F05F1F46DDE90CBA92F900600C4617
:1066F00000254FEA4A09DDF8288011E0002005E076
:106700005C44401C04F8016B04F8016BB842F7DBF1
:106710004A462146304601F03FF904EB4A046D1C1D
:106720004545EBDBBDE8F09F2DE9F05F92F90040B5
:10673000DDE90C8B0A984FF6FF75062B05D0032B6D
:1067400027D000220BF1010643E0E2B205EA042360
:10675000134343EA024242EA0462002315E004C103
:1067600004C101F8074B01F8014B01F8074B01F890
:10677000014B0C70CC710C72CC730C74CC750C7614
:10678000CC770A624A6228315B1C8342E7DBBDE8B2
:10679000F09FE2B205EA0423134343EA024242EACD
:1067A000046293B200250EE004C16D1C21F8053B84
:1067B00001F8014B01F80A4B21F8063C01F8014CA5
:1067C00004C101F8014B8542EEDBE0E701F8014B23
:1067D000521CB242FADB4FF000095D1EA0F1010A23
:1067E00018E000BF01EB0807002005E007F8014BA7
:1067F000401C07F8014B4744A842F7DB022101EB9C
:106800004B023946204601F0C7F807EB4B0109F16E
:106810000109891CD145E5DB01EB0800002105E0F9
:1068200000F8014B491C00F8014B4044A942F7DB3A
:10683000002102E000F8014B491CB142FADBA6E757
:106840002DE9FF5F0C46DDE90E95DDE91387DDE9F3
:1068500010BA082B01D0002631E00298524690F978
:106860000050284601F098F804EB0A06002415E0D1
:1068700042463146284601F08FF846445A46314692
:10688000009801F041F800985E44584400903A4660
:106890003146284601F080F83E44641C4C45E7DB55
:1068A000129A04B031462846BDE8F05F01F074B892
:1068B0002A462146029801F027F82C442E445645DA
:1068C000F6DB00201EE02A462146029801F01CF863
:1068D0002C442E444645F6DB5A462146009801F0EA
:1068E00013F800985C4458440026009006E02A46BD
:1068F0002146029801F008F82C442E44BE42F6DBF3
:106900000AF10100824648454FF00006E2DB06E04E
:106910002A462146029800F0F7FF2C442E44129894
:106920008642F5DBBDE8FF9F2DE9FF4F83B0884627
:10693000DDE9139108EB0104DDF854B09246129D95
:106940000027019423E0002606E02A46214603980A
:1069500000F0DAFF2C442E445E45F6DB2146119A06
:10696000039800F0D1FF119903980C440844039058
:10697000401B0026009006E02A462146009800F0C1
:10698000C3FF2C44761C10988642F5DB7F1C5745CC
:10699000D9DB4446019D05E04A462146284600F0E1
:1069A000B3FF4C44AC42F7D106985044401E00FB64
:1069B000098516982C1806E04A462146284600F01C
:1069C000A3FFA4EB0904AC42F6D107B0BDE8F08FF9
:1069D0002DE9FF4F83B00D461A99DDF80CB06F1802
:1069E000DDF84890159C002080460698804540DAE6
:1069F0001B98DA463E18009609E016981499361A44
:106A00000AEB01000A468246314600F07DFFBE4295
:106A1000F3D1009E58463146139A00F075FF139942
:106A2000701801908B4410991798461805984643A2
:106A300008FB011000901898002708EB000A10E0EE
:106A40000098039AC01B1499801E00FB01200AFBCA
:106A50000962169902FB0151149A00F055FF761C49
:106A60007F1C4E45ECDB1C990198471808F101008A
:106A7000BAE718982E46400000FB045706E022466D
:106A80003146384600F040FF26443F1BBE42F6D157
:106A90001198401E00FB04551998400000FB145645
:106AA00006E022462946304600F02EFF2D1B2644E4
:106AB000B542F6D107B0BDE8F08F017F39B10129A9
:106AC00009D0022905D0032907D100F007B800F04A
:106AD0005CB800F0B4B800F0FEB870472DE9FF478D
:106AE00081690A880AB14B6800E000235B6833B112
:106AF0000AB14B6800E000235B681D6800E00025D8
:106B0000012A02D94B680C3300E000235B6843B1D3
:106B1000012A02D949680C3100E0002149680C685B
:106B200000E00024E968826A406A4F68CB68018807
:106B300092680FFA81FC81880FFA81F801898089B7
:106B40000FFA81FA0FFA80F9A869A1696D69646981
:106B50008068EE6889686D68E4685CEA080C05D1B5
:106B6000BAF1020F02D1B9F1020F07D0CDE90264E8
:106B7000CDE90075FFF7D8FDBDE8FF87CDE90264D8
:106B8000CDE90075FFF7ACFDF6E72DE9F04F81691F
:106B900087B00A880AB14B6800E000235B682BB11C
:106BA0000AB14B6800E000235B681B68012A02D928
:106BB0004C680C3400E0002464684CB1012A02D90E
:106BC00049680C3100E000214968D1F8008001E0FB
:106BD0004FF00008D968D0F82890406AD1F80CB07E
:106BE0009A690188D8F818700EB25B698188D7F865
:106BF00008A00DB2D3F80CC05F68D8F81430018932
:106C000080890CB2D3F80C8001B29B68906812881E
:106C10005D435943C2F3C61304FB08F4D9F80820B6
:106C20000494CDE9055106FB08F6CDE902C6CDE98D
:106C300000B75146FFF704FE07B0BDE8F08F2DE91D
:106C4000F047816988B00B880BB14A6800E00022E8
:106C500052682AB10BB14A6800E0002252681268FB
:106C6000012B02D94C680C3400E00024646844B164
:106C7000012B02D949680C3100E0002149680E68F7
:106C800000E00026D168406AD1F80CA001880BB260
:106C900081880CB2018980890DB20FFA80F9906960
:106CA0005269B1698068D2E9028C72698968D2E957
:106CB00002767C4304AF03FB06F27543CDF80090E7
:106CC000039687E83400CDE901C85246FFF72CFE51
:106CD00008B0BDE8F0872DE9F04F81698FB00A88D0
:106CE0000AB14B6800E000235B6833B10AB14B681E
:106CF00000E000235B681D6800E00025012A02D93E
:106D00004B680C3300E000235B6843B1012A02D9D1
:106D100049680C3100E0002149680C6800E000245B
:106D2000E9680423CA680D9289680091E168CA681D
:106D30000192A268D1F808B0B3EB122F01D20A6910
:106D400000E00122406AA7696469018806890BB2E4
:106D5000818880890FFA86F806B2A869D7F808E01A
:106D60006D69D4E9027CD5E9029A806809B27E4354
:106D7000CDF808B0CDF824800C96CDE9071301FBBF
:106D800007F403FB0CF5CDE90A54CDE905C7CDE9BD
:106D900003A971460D9BFFF71BFE0FB0BDE8F08FF6
:106DA00030B4816902460B880BB1486800E00020CE
:106DB000406828B10BB1486800E0002040680068D6
:106DC000012B02D94C680C3400E00024646844B103
:106DD000012B02D949680C3100E00021496809689B
:106DE00000E0002130BC1C32FCF71ABF000000009C
:106DF00010B582B01446CDE900010023009A23604B
:106E0000194B21F0004098422ADA024328D0B0F50D
:106E1000801FA8BF226810DA9FED150B53EC102BD2
:106E20009DED000B51EC100B02F002FDCDE90001CD
:106E30006FF0350221F0004022600F4B6FF31E51BE
:106E400003EB20501044206041F0FF5040F0005010
:106E500001909DED000B00BF02B051EC100B10BD76
:106E60009DED000BF8E700000000F07F000000003F
:106E7000000000000000504302FCFFFF70470000CC
:106E80000146C0684A698969C068D2680968504388
:106E9000044A1140A1F58022C03A01D1C01DC008AA
:106EA00070470000FFFF7F012DE9F04106460F46C5
:106EB0000A4CE56894E80700FDF726F9E168491BEC
:106EC0003960012802D00020BDE8F081A0681422BA
:106ED00041683046F9F7A5FB0120F5E72C000020BA
:106EE0007CB51A48006801901A4C9FED190A84ED90
:106EF000010A0020A0601548001DE06016482061CE
:106F0000164860611648A061002201A91548FDF7E6
:106F100069F8009010F0FF0F16D1124D002128687B
:106F2000FDF7DAF8686000212868FDF7E1F8A8604D
:106F30006968002908D0002806D04968002903D0D4
:106F40004068002800D021607CBD00005C9D0008E6
:106F500012A84D3E206F0020D4630208259300083C
:106F6000A96E00082C000020F7EE000A10B580EE94
:106F7000801A00EE103A0023DFED111AF8EEC00A75
:106F80001BE000BFB0EC012AB0EE600A02EE010A7D
:106F9000B5EEC00AF1EE10FA02DBB6EE002A01E00F
:106FA000B0EE612A5B1C32EE000ABDEEC00A10EEA4
:106FB000104A04F3070401F8014B9342E2DB10BDD1
:106FC000FCFFFFBE00EE903AB6EE001A10B5F8EEE8
:106FD000600A002370EE810A0FE000BFF0EC011A96
:106FE0005B1C81EE801A31EE201ABDEEC11A11EE43
:106FF000104A84F3080401F8014B9342EEDB10BD04
:1070000030B500240CE000BF10F9015BED1A00EE72
:10701000905A641CF8EEE00A60EE800AE1EC010A86
:107020009442F1DB30BD000030B500240CE000BF1D
:1070300010F8015BED1A00EE905A641CF8EEE00ABD
:1070400060EE800AE1EC010A9442F1DB30BD000001
:1070500000254FF4A060FBF743FBFDF7A9FB4FF4BD
:10706000E13002F075F92E484FF47A710068B0FBF8
:10707000F1F0401E4FF00008B0F1807F09D24FF0D0
:10708000E0214861274AF0201070C1F818800720DD
:107090000861FFF725FFDFF89090D9F80C60234FC7
:1070A0003888C0F30D04AC4202D0D9F80C602546F4
:1070B00000041ED5B4F5006F04D31DA12048FDF7D0
:1070C00085FC10E07CB11E4822461E493030F9F79D
:1070D000A8FA1B48303000F80480A7F80080014669
:1070E0003038FDF79BFCA7F800800025D9F80C602C
:1070F000D6E71348C06A08B9002CD1D0D9F80C00E3
:1071000041F28831801B8842CAD9A7F80080002547
:10711000D9F80C600CA10A48FDF758FCC0E7000044
:107120000000002023ED00E02C0000203C000020A7
:107130006C696E655F746F6F5F6C6F6E67000000E7
:10714000206F002050770020726563656976655F67
:1071500074696D656F7574002DE9F041806901886F
:1071600009B1426800E00022526832B109B14268B8
:1071700000E000225268146800E00024012902D9CE
:1071800042680C3200E00022526842B1012902D963
:1071900040680C3000E000204068066800E00026EF
:1071A00004F10800FDF75DFAA769B569D7F800C0DA
:1071B000CCF3434101290ED02368A968002B71D07C
:1071C00002465868CCF3C054F0B35D88E5B3056857
:1071D00095ED000A5EE03168BC6849B30246286854
:1071E0004B68C0F3C0502BB14E881EB11E6896ED9F
:1071F000000A01E0B7EE000A68B12BB1488818B167
:10720000586890F9003000E000232046A968BDE8E6
:10721000F041FFF75DBA23B1488810B15868037890
:1072200000E000232046A968BDE8F041FFF752BA0C
:1072300006462868C0F3C61700F07F01791AC0F32C
:10724000C050081A403000E022E014D0404200EE66
:10725000100AF8EEC00AB0EE000AFBF73DFE204629
:10726000002106E0D0ED000A491C60EE800AE0EC47
:10727000010AB142F6D3A968082F3246204603D04E
:10728000BDE8F04100F01AB9BDE8F04100F0A0B946
:10729000B7EE000A6CB130B15B8823B1406890F959
:1072A000003001E011E00023B868BDE8F041FFF7CD
:1072B00013BA20B15B8813B14068037800E0002363
:1072C000B868BDE8F041FFF709BA0C460546CCF3B3
:1072D000C6100CF07F01411ACCF3C0528E1A403612
:1072E0000828B8682A4621460DD000F01DFA002E65
:1072F00015D000EE106AF8EEC00AB0EE000AFBF7F7
:10730000EBFD002009E000F0ADFEF0E7D4ED000A4F
:10731000401C60EE800AE4EC010AA842F6D3BDE806
:10732000F0812DE9F04F8BB01546DDE91B721C464C
:10733000DDE919A9DDE917EB9669D0F818C00368F3
:10734000126853B1586840B1B3F80280B8F1000F29
:1073500003D0006890ED000A01E0B7EE000A52B1D8
:10736000506840B1B2F80280B8F1000F03D0006855
:10737000D0ED000A01E0F7EE000ADCF80800B6687C
:107380005BB1D3F804C0BCF1000F06D05B8823B119
:10739000DCF8043093F9003000E000235AB1D2F851
:1073A00004C0BCF1000F06D0528822B1DCF80420E2
:1073B00092F9002000E00022CDE90932CDE90797DB
:1073C000CDE904EBCDF818A0DDE91423DDF858C0B1
:1073D000CDF80CC00094CDE901230A462B46314676
:1073E000FEF7D6FB0BB0BDE8F08F2DE9FF4F8BB059
:1073F000D0F81880DDE91F51DDE91D76DDE91BA914
:10740000DDE919EBD1F818C004680A683CB160687E
:1074100028B1618819B10068D0ED000A01E0F7EEEB
:10742000000A3AB1506828B1518819B1006890ED4E
:10743000001A01E0B7EE001AD8F8080080EE810AC1
:10744000DCF808105CB1D4F804C0BCF1000F06D021
:10745000648824B1DCF8044094F9004000E0002482
:107460005AB1D2F804C0BCF1000F06D0528822B144
:10747000DCF8042092F9002000E00022CDE9094266
:10748000CDE90765CDE904A95446CDF80CB00697BF
:10749000189C0093CDE9014EF5EEC00A7246F1EE5C
:1074A00010FADDE90C235D4604DBFFF771F80FB03D
:1074B000BDE8F08FFEF7CEFFF9E7000010B59308A6
:1074C0009FED420A61E000BFF0EC010A60EE800A25
:1074D000F5EEC00AF1EE10FA02DDB6EE001A01E098
:1074E000BEEE001A71EE200AFDEEE00A10EE904AA0
:1074F00004F30F0421F8024BF0EC010A60EE800A5D
:10750000F5EEC00AF1EE10FA02DDB6EE001A01E067
:10751000BEEE001A71EE200AFDEEE00A10EE904A6F
:1075200004F30F0421F8024BF0EC010A60EE800A2C
:10753000F5EEC00AF1EE10FA02DDB6EE001A01E037
:10754000BEEE001A71EE200AFDEEE00A10EE904A3F
:1075500004F30F0421F8024BF0EC010A60EE800AFC
:10756000F5EEC00AF1EE10FA02DDB6EE001A01E007
:10757000BEEE001A5B1E71EE200AFDEEE00A10EE70
:10758000904A04F30F0421F8024B002B9CD102F027
:10759000030218E0F0EC010A60EE800AF5EEC00A82
:1075A000F1EE10FA02DDB6EE001A01E0BEEE001AAE
:1075B000521E71EE200AFDEEE00A10EE903A03F33F
:1075C0000F0321F8023B002AE4D110BD0000004760
:1075D00010B593089FED450A65E000BFF0EC010A85
:1075E00060EE800AF5EEC00AF1EE10FA02DDB6EEAA
:1075F000001A01E0BEEE001A71EE200AFDEEE00A6C
:1076000010EE904A24B204F3070401F8014BF0ECA9
:10761000010A60EE800AF5EEC00AF1EE10FA02DD12
:10762000B6EE001A01E0BEEE001A71EE200AFDEE81
:10763000E00A10EE904A24B204F3070401F8014B6B
:10764000F0EC010A60EE800AF5EEC00AF1EE10FAE5
:1076500002DDB6EE001A01E0BEEE001A71EE200A5D
:10766000FDEEE00A10EE904A24B204F3070401F89C
:10767000014BF0EC010A60EE800AF5EEC00AF1EE73
:1076800010FA02DDB6EE001A01E0BEEE001A5B1E33
:1076900071EE200AFDEEE00A10EE904A24B204F3E7
:1076A000070401F8014B002B98D102F0030219E006
:1076B000F0EC010A60EE800AF5EEC00AF1EE10FA75
:1076C00002DDB6EE001A01E0BEEE001A521E71EEA7
:1076D000200AFDEEE00A10EE903A1BB203F3070316
:1076E00001F8013B002AE3D110BD00000000004377
:1076F00030B5C0EA004593082C142DB209E000BF54
:1077000021F8025B5B1E21F8024B21F8025B21F895
:10771000024B002BF4D102F0030202E021F8020B2D
:10772000521E002AFAD130BD10B593089FED200AF1
:107730002AE000BF30F9024B00EE904AF8EEE00A72
:1077400060EE800AC1ED000A30F9024B00EE904A6B
:10775000F8EEE00A60EE800AC1ED010A30F9044B50
:1077600000EE904AF8EEE00A60EE800AC1ED020AEF
:1077700030F9024C00EE904AF8EEE00A60EE800A22
:10778000C1ED030A10315B1E002BD3D102F00302BE
:107790000BE000BF30F9023B521E00EE903AF8EECB
:1077A000E00A60EE800AE1EC010A002AF2D110BD85
:1077B000000000382DE9FF4FC0EE201A2DED020B1E
:1077C00082B09346CDE90010DDF84490002019996D
:1077D0008246884273DA002389E0002483E0179D03
:1077E00000220AFB05F1159D10464D1B139905EB70
:1077F000010600D5002507998E421FDD0E461DE0CB
:10780000169903FB01F71499791A129F0F4400D5BA
:107810000021DC465F4500DD6746DDF804C00CEB67
:10782000040E08E005FB0B1C0CFB09FC401C1CF9BA
:107830000EC0491C6244B942F4DB6D1CB542DFDB6B
:10784000B4EE600AF1EE10FA19D1DDE91A15A94279
:1078500015D1002A00EBD07102DB02EB610101E0DF
:10786000A2EB610191FBF0F0189900F307020AFB0B
:107870000130009900FB09F02144425432E001EE4E
:10788000102AF8EEC12A01EE100A1A98B8EEC11AB1
:1078900082EE812A01EE100A1B98B8EEC11A32EE70
:1078A000412A01EE100AB8EEC11A01EE821AB5EEB5
:1078B000C01AF1EE10FA03DBB6EE002A02E01DE07A
:1078C0009FED102A189932EE011A0AFB013101FBD3
:1078D00009F1BDEEC11A11EE100A00F3070200987B
:1078E00020440A54641C4C45FFF679AF5B1C189881
:1078F0008342FFF672AF0AF1010068E708B0BDE805
:10790000F08F0000FCFFFFBEF0B588420ED0002AC9
:107910000CD08318814210D999420ED2114403E051
:1079200013F8012D01F8012D8342F9D8F0BD00BFF5
:1079300010F8013B01F8013B521E8B0701D0002AD1
:10794000F6D1170911E000BF50F8046B7F1E50F804
:10795000045B50F8084B50F8043C41F8046B41F8C4
:10796000045B41F8084B41F8043C002FECD1C2F312
:10797000810304E050F8044B41F8044B5B1E002BDC
:10798000F8D102F0030204E010F8013B01F8013BDA
:10799000521E002AF8D1F0BD10B54FF6FF74C3B2E5
:1079A00004EA00241C4344EA034343EA006302E080
:1079B00001F8010B521E8C0701D0002AF8D11409DE
:1079C00009E000BF41F8043B641E41F8043B41F864
:1079D000083B41F8043C002CF4D1C2F3810402E0DE
:1079E00041F8043B641E002CFAD102F0030202E0CD
:1079F00001F8010B521E002AFAD110BDF0B597080C
:107A0000059E14E050F8045B2FFA95F4D4FA03F4C1
:107A10002FFA85F5D5FA03F521F8025B2D1421F82C
:107A2000025B21F8024B241421F8024B7F1E002F29
:107A3000E8D102F0030273B206E000BF10F9014B77
:107A4000E41A21F8024B521E002AF7D1F0BD0000C3
:107A50002DE9F04F9E4683184FEA5E0A151FFAE0A3
:107A60000024A2F11009AEE050F8046B53F804CBE7
:107A70002FFA96F82FFA86F6370CC7EA080BC6EAF3
:107A800008472FFA9CF82FFA8CFC4FEA1C46C6EAEE
:107A90000806CCEA084C21F8027B3F1421F8027B4F
:107AA0004FEA2C4721F802CB21F8027B4FEA2B4703
:107AB00021F802BB21F8027B21F8026B361421F871
:107AC000026B50F8047B53F8046B2FFA97FC2FFAE3
:107AD00087F84FEA1847C7EA0C0BC8EA0C472FFA99
:107AE00096F82FFA86FC4FEA1C46C6EA0806CCEA4E
:107AF000084C21F8027B3F1421F8027B4FEA2C4707
:107B000021F802CB21F8027B4FEA2B47A1F800B005
:107B10004F8021F8046F36144E8050F8087B53F8DC
:107B2000086B2FFA97FC2FFA87F84FEA1847C7EA35
:107B30000C0BC8EA0C472FFA96F82FFA86FC4FEA8E
:107B40001C46C6EA0806CCEA084C21F8047F3F141C
:107B50004F8021F804CF4FEA2C474F8021F804BF13
:107B60004FEA2B474F8021F8046F36144E8050F8AF
:107B7000047C53F8046C2FFA97FC2FFA87F84FEA2D
:107B80001847C7EA0C0BC8EA0C472FFA96F82FFAE9
:107B900086FC4FEA1C46C6EA0806CCEA084C21F8E7
:107BA000047F3F144F8021F804CF4FEA2C474F80C9
:107BB00021F804BF4FEA2B474F8021F8046F361499
:107BC0004E80091D10344C457FF74EAF2FE000BFAB
:107BD00050F8046B53F8047B2FFA96F82FFA86FCC2
:107BE0004FEA1C46C6EA0809CCEA08462FFA97F87D
:107BF0002FFA87FC4FEA1C47C7EA0807CCEA084C73
:107C000021F8026B361421F8026B4FEA2C4621F85A
:107C100002CB21F8026B4FEA294621F8029B21F89A
:107C2000026B3E1421F8027B241D21F8026BAC424A
:107C3000CEDD08E010F9016B21F8026B13F9016B3E
:107C400021F8026B641C9442F4DBAAF10104104495
:107C500013441FFA84FABAF1000F7FF401AF5FEA10
:107C6000CE7322D0002615E050F8043B2FFA93F48F
:107C70002FFA83F73B0CC3EA0403C7EA044421F854
:107C8000024B241421F8024B21F8023B1B1421F86B
:107C9000023B361DAE42E7DD05E000BF10F9013BB7
:107CA00021F8023B761C9642F8DBBDE8F08F00001D
:107CB0002DE9FF4F8418039B151F4FEA530AC6E0B6
:107CC0000023A2F1100686E050F8048B54F8047BE0
:107CD0002FFA98FC2FFA88F92FFA97F82FFA87F7DE
:107CE00021F802CB4FEA2C4C21F802CB4FEA284C6A
:107CF00021F8028B21F802CB4FEA294C21F8029B94
:107D000021F802CB21F8027B3F1421F8027B50F8C6
:107D1000047B54F8049B2FFA97FC2FFA87FE2FFA66
:107D200099F82FFA89F721F802CB4FEA2C4C21F869
:107D300002CB4FEA284C21F8028B21F802CB4FEA04
:107D40002E4CA1F800E0A1F802C021F8047F3F14F6
:107D50004F8050F8087B54F8048B2FFA97FC2FFAC9
:107D600087F92FFA98F72FFA88F821F804CF4FEA0D
:107D70002C4CA1F802C021F8047F3F144F8021F859
:107D8000049F4FEA29474F8021F8048F4FEA284784
:107D90004F8050F8047C54F8048B2FFA97FC2FFA8C
:107DA00087F92FFA98F72FFA88F821F804CF4FEACD
:107DB0002C4CA1F802C021F8047F3F144F8021F819
:107DC000049F4FEA29474F8021F8048F4FEA284744
:107DD0004F80091D1033B3427FF776AF23E000BF19
:107DE00050F8046B54F8047B2FFA96FC2FFA86F6B1
:107DF0002FFA97F82FFA87F721F802CB4FEA2C4C8D
:107E000021F802CB4FEA284C21F8028B21F802CB53
:107E100021F8026B361421F8026B3E1421F8027B24
:107E20001B1D21F8026BAB42DADD08E010F9016B93
:107E300021F8026B14F9016B21F8026B5B1C934271
:107E4000F4DBAAF10103104414441FFA83FABAF1D7
:107E5000000F7FF435AF039BDB071CD0002610E03A
:107E600050F8043B2FFA93F42FFA83F321F8024BD6
:107E7000241421F8024B21F8023B1B1421F8023B89
:107E8000361DAE42ECDD04E010F9013B21F8023B67
:107E9000761C9642F8DBBDE8FF8F0000F0B50023AA
:107EA000A2F110075AE000BF50F8044B50F8045BF1
:107EB0002FFA94F62FFA84FC4FEA1C44C4EA060415
:107EC000CCEA06462FFA95FE2FFA85FC4FEA1C45B0
:107ED000C5EA0E05CCEA0E4C21F8026B361421F8E7
:107EE000026B21F8024B241421F8024B4FEA2C4478
:107EF00021F802CB21F8024B2C1421F8025B21F867
:107F0000024B50F8084B50F8046C2FFA94F52FFAF6
:107F100084FC4FEA1C44C4EA0504CCEA05452FFA68
:107F200096FE2FFA86FC4FEA1C46C6EA0E06CCEAFD
:107F30000E4C21F8025B2D1421F8025B21F8024B54
:107F4000241421F8024B4FEA2C44A1F800C04C80C5
:107F500021F8046F34144C80091D1033BB42A3DD9B
:107F6000161FB3421BDC50F8044B2FFA94F52FFA7E
:107F700084F73C0CC4EA0504C7EA054521F8025B16
:107F80002D1421F8025B21F8024B241421F8024B36
:107F90001B1DE6E710F9014B21F8024B5B1C9342D5
:107FA000F8DBF0BDF0B50023A2F1100742E000BFFE
:107FB00050F8044B50F8045B2FFA94F62FFA84F42F
:107FC0002FFA95FC2FFA85F521F8026B361421F86B
:107FD000026B21F8024B241421F8024B4FEA2C4487
:107FE00021F802CB21F8024B2C1421F8025B21F876
:107FF000024B50F8085B50F8044C2FFA95F62FFA14
:1080000085F52FFA94FC2FFA84F421F8026B3614CC
:1080100021F8026B21F8025B2D1421F8025B4FEA74
:108020002C45A1F800C04D8021F8044F24144C8049
:10803000091D1033BB42BBDD121F934211DC50F807
:10804000044B2FFA94F52FFA84F421F8025B2D14D7
:1080500021F8025B21F8024B241421F8024B1B1D6E
:10806000EBE7F0BD10B593089FED200A2AE000BFB2
:1080700010F9014B00EE904AF8EEE00A60EE800A3B
:10808000C1ED000A10F9014B00EE904AF8EEE00A4B
:1080900060EE800AC1ED010A10F9024B00EE904A31
:1080A000F8EEE00A60EE800AC1ED020A10F9014C18
:1080B00000EE904AF8EEE00A60EE800AC1ED030A95
:1080C00010315B1E002BD3D102F003020BE000BF86
:1080D00010F9013B521E00EE903AF8EEE00A60EE15
:1080E000800AE1EC010A002AF2D110BD0000003C38
:1080F00070B5DDE904546DB16D1C12D08E1E0125E2
:10810000B54054FB0252491E0A41D11801F3070140
:10811000017070BD640054FB02320A4102F3070192
:10812000F6E7C1F101018C4004F31F0151FB12F18C
:108130001944EBE7F0B5DDE90547DDE90765B7B1BF
:108140007F1C22D0A2F1020C012707FA0CF756FB84
:108150000376521E1641264455FB037313411A1928
:1081600006F30703037002F307000870F0BD760002
:1081700056FB03466D0055FB0343164106F3070407
:108180000470134103F30700EFE7C2F10107BE409B
:1081900006F31F0252FB13F2BD4005F31F0555FB0A
:1081A00013F3224402F307020270181900F30700C8
:1081B000DBE700002DE9F04F5843DDE9095BDDE91D
:1081C0000BA4684387B204EB8209002340E0B8089F
:1081D000002614E05FF0000551F804CB2FFA9CF85C
:1081E0002FFA8CFC94FA1CF494FA18F4401E6D1CBF
:1081F00080B2802DF0DB251405FA84F42644802813
:108200004FF00004E6D80BE051F8045B2FFA95FC20
:108210002FFA85F594FA15F494FA1CF4401E80B2F6
:108220000028F1D1201400FA84F0841907F003002B
:1082300005E000BF11F9015B401E2C4480B200280C
:10824000F8D15BF8235004FB1A5449F823405B1C17
:108250009342BCDBBDE8F08F2DE9F84F9A46DDE98B
:108260000A5693468946044600EB05084F100EE077
:108270005B46324641462046CDF800A001F0E4F8C6
:1082800004EB450408EB450806EB85067F1E002F2E
:10829000EED15FEAC97008D0002004E014F9011B98
:1082A00026F8021B401CA842F8DBBDE8F88F00004E
:1082B0002DE9F04F8FB015461AAA1E4692E808061F
:1082C00083461E9806EB860200EB42020E92199F2F
:1082D00000EB8600002213E0B7F900C0ACF1010406
:1082E000152C09D24FF0010809FA0CF408FA0CF821
:1082F00004EB580410C001E040F8049B521CBF1C62
:10830000B242E9DBA7EB46021992A0EB86000A9085
:1083100070080D90184663F31F4000930C46034607
:108320002A4658460E99FFF769FB0D984EE100BFAB
:108330000AF10400DAF8008008C8824661190022B8
:10834000A5F1100E0E987DE051F804CB8B4654F841
:10835000047B50F8041B2FFA97F92FFA87F7CDF812
:1083600018902FFA9CF92FFA8CFC21FB078721FB30
:108370000C3CCDF80C9050F8041BDDF8189021FB54
:108380000973DDF80C90019321FB09C3029354F8A3
:10839000043BDBF800C050F8087B0BF104012FFA16
:1083A00093F8CDF818802FFA83F82FFA9CFB2FFA58
:1083B0008CFC019B27FB0839029B27FB0C3C50F8E7
:1083C000047CDDF8188027FB089927FB0BC3029378
:1083D00054F8083B51F804CB50F8107B2FFA93FB6C
:1083E0002FFA83F82FFA9CF32FFA8CFC27FB0899BD
:1083F0000393029B27FB0C3C50F80C7C27FB0B994A
:10840000039B27FB03C3029354F804CC51F8043BAD
:1084100050F8087C2FFA9CFB2FFA8CF82FFA93FC6B
:10842000CDF80CC02FFA83FC27FB0899029B27FB91
:108430000C3350F8047C27FB0B98DDF80CC027FBAD
:108440000C33103272457FF77FAF2F1F0597BA426A
:108450002DDC54F804BB51F8049B50F8047B2FFA30
:108460009BFC2FFA8BFBCDF818C02FFA99FCCDF8A6
:108470000CC02FFA89FC27FB0B8827FB0C3750F820
:10848000043BDDF818C023FB0C88DDF80CC023FB8F
:108490000C73121D059FDAE730F8027B14F901CB4B
:1084A00011F9019B17FB0C8817FB0933521CAA42D8
:1084B000F2DB1998B0F90000162817DB1899A0F123
:1084C000020C012280C902FA0CF258FB0722401E5E
:1084D00002410A9800681044199A00F307071D9892
:1084E00002F102090A9A07701D9F2CE0002812DD94
:1084F00018990A9A4FEA480880C952F804CB58FBE9
:1085000007C70741199807F3070700F102091D98EB
:1085100007701D9F18E0C0F1010008FA00F81898D4
:10852000199908F31F02006801F1020952FB10F0CB
:108530000A9A18991268091D104400F307071D983C
:108540000A9A07701D9F121DB9F900007F1C16289A
:1085500011DB51F804CB1891A0F10208012101FAB6
:1085600008F153FB0C11401E014101CA084409F1F6
:10857000020119911FE000280EDD51F804CB18917B
:1085800002CA0A925A0052FB0C11014109F1020081
:10859000199001F3070011E0C0F1010009F1020C8C
:1085A000834003F31F00CDF864C008C950FB13F0EB
:1085B000189102CA084400F307000A9207F8010B59
:1085C0000D982C44401E80B21D970D9000287FF41A
:1085D000AFAE06F0010661E0AA085AF8041B0E9837
:1085E00010E000BF50F804CB54F8043B50F8047B73
:1085F0002FFA93F82FFA83F32CFB031127FB0811B2
:10860000521E92B2002AEDD105F0030208E000BF2D
:1086100030F8027B14F9013B17FB0311521E92B292
:10862000002AF5D11998B0F9000016280BDB189A2A
:10863000831E176801229A4051FB0721401E014109
:108640000A98006817E000280ADD4A0018990B68AC
:108650000A99096852FB0311014101F307010DE07A
:10866000C0F101008140189801F31F01006851FB1F
:1086700010F00A990968084400F307011D98017079
:108680001D98401C1D901998801C19901898001D69
:1086900018900A98001D761EB6B20A90002E9BD143
:1086A0000FB00020BDE8F08F2DE9FF4FAFB0DDF82F
:1086B00018B14C994B98F1B1CDF83810DDE9420171
:1086C00048433F9C45994C4348992994CA0742998D
:1086D00001F10201279103D008464399891C4843C0
:1086E000239000200990DDE93F0148431D903E980A
:1086F000801E0A90FEE30E90E0E73D9830F91100ED
:1087000006903D9800EB41002C90B0F902001490C7
:108710003C9850F821001A903C9800EB81002B9077
:10872000406813904A9850F8210012904A9800EB44
:1087300081002A9040680C900698162801DB0120E1
:1087400005E0002801DD002001E04FF0FF301B9024
:108750001498162801DB012005E0002801DD002027
:1087600001E04FF0FF300B904C9840B9299A3098B7
:108770005B4602FB0B0100940E9A00F065FE0020A0
:1087800028902190479870B121A8009028AB5946B5
:10879000299A0E9800F020FF47992898484328907E
:1087A0002198484321900999319850F8210028993F
:1087B000084428900999319800EB8100219940687C
:1087C000084421901D992F981791A1F1040A1C903B
:1087D000DDE944013F9A01FB12000F90002081E384
:1087E000489880071DD54898C00707D0229832992D
:1087F000401C279A491C00FB021004E00846329AEC
:10880000429900FB012024904499229848434199C1
:1088100048431E90002020904298401E26902098A9
:1088200021E23E98329A4143429801FB0020EAE758
:108830003F991E9B48434099219D484303442F98EC
:10884000289918440A462E46DDF8389000231C90DB
:108850003AE100BF04F00F034FEA141C2593D8E05F
:1088600059F8048B59F8043B109350F8043BCE465A
:108870002FFA83F9CDF80C90DEF800700EF10409A0
:10888000BE4659F8047BCDF8609008972FFA93F90B
:10889000CDF80890DDF80C9029FB0811DDF8089060
:1088A000109B29FB0319CDF80090DDF80C9029FBF3
:1088B0000E51DDF8089029FB071500EB0A0104951D
:1088C0000B682FFA83F12FFA93F521FB082821FB7F
:1088D0000E62109B029525FB0387DDF860900197DF
:1088E000089F59F8041B59F804EB25FB0727059747
:1088F00059F8042B59F8043BCDF8609050F8045B0C
:108900002FFA85F72FFA95F6DDF8009027FB0198EE
:1089100026FB0E88049DCDF8008027FB025526FB20
:10892000035700EB0A0504972E682FFA86F52FFAF5
:1089300096F6019F25FB0171059F25FB027726FB1B
:108940000E18DDF86090CDF8048059F8041B59F832
:10895000042B26FB0376059659F8043B59F8045B73
:10896000CDF8609050F8047B2FFA87F62FFA97F92C
:10897000DDF8008026FB018829FB02870097049F11
:1089800026FB037629FB056700EB0A060497366889
:108990002FFA86F72FFA96FEDDF8048027FB018870
:1089A000059E27FB03612EFB0283DDF86090019397
:1089B00059F8042B59F8043B2EFB05170597109323
:1089C00059F8048B50F8041B59F804EB2FFA81F680
:1089D0002FFA91F5009F26FB027125FB0311049FDE
:1089E00026FB087625FB0E6500EB0A031B682FFAB1
:1089F00083F72FFA93F60296019B3E4627FB02323D
:108A0000059F26FB0877029E109B26FB032226FB70
:108A10000E76BCF10003ACF1010C3FF721AF259BB2
:108A20009F0803F0030E32E059F8043B159359F800
:108A3000043B109350F8048B2FFA88FCCDF80CC03F
:108A400059F8043B119359F8043B2FFA98F808930E
:108A5000159B2CFB0311109B28FB0311119B2CFB76
:108A60000355089B28FB035500EB0A031B682FFAEC
:108A700083FC2FFA93F8159B2CFB0322119B2CFBF4
:108A80000366109B28FB0322089B28FB03663B1E02
:108A9000A7F10107C8DC10E039F8023B90F900703B
:108AA00039F802CB17FB031117FB0C55179FC7575B
:108AB00017FB032217FB0C66401CBEF1010EEBD224
:108AC0000F9B18442D9B5B1C2D935B45FFF6C2AE9C
:108AD000489880071FD5249F1B98BB1C2493129B8A
:108AE0000DF10409009389E8070007F101084146E8
:108AF00038461A9B069AFFF71DFB23982399DDE958
:108B00000B23009389E86400DDE9133238444144C3
:108B1000FFF710FBA4E024983E9F3E9B00EB470725
:108B200024971B9F0344EFB37F1C56D0DDF818C079
:108B30000127ACF1020C07FA0CF7DDF868C051FB15
:108B40000C7C0699DDF84880491E4CFA01FCC444AF
:108B5000DDF8688052FB08720A41129911440CF347
:108B6000070200F8012B00BF01F3070103F8011B06
:108B70000B9989B3491C14995AD00122891E8A4045
:108B8000139955FB012514990C9F491E0D413D4435
:108B9000139F56FB07220A410C99114405F3070263
:108BA000027000E002E001F3070058E04FEA410CD8
:108BB000129F1A995CFB01714FEA420C1A9A5CFBF6
:108BC0000272069F394101F3070100F8011B069963
:108BD0000A4102F30701C9E719E0069FC7F1010C3A
:108BE00001FA0CF11A9F01F31F0151FB17F702FA6A
:108BF0000CF21A9902F31F0252FB11F1129A3A4435
:108C000002F3070200F8012B129A1144ACE70C9A08
:108C100013996D0055FB01220C9D760056FB015106
:108C2000149D2A4102F30702027014980141B8E72B
:108C3000C1F10107BD40139905F31F0252FB11F268
:108C4000BE40139D06F31F0151FB15F10C9D2A44F4
:108C500002F3070202700C98084400F30700187032
:108C60002098801C209026998842FFF6E1AD42981A
:108C7000C0077DD04298219D289A0E99012806D0E0
:108C8000DDE91C3003EB40001C900020B3E01E9B8C
:108C90002F981844F8E7449E1C9803FB0606A4F19D
:108CA00010030020189374E051F8043B51F8047B42
:108CB00051F804CBCDF810C051F804EB884656F8B3
:108CC000041BB1462FFA81F62FFA91F126FB0322FD
:108CD00021FB072CCDF800C0DDF810C026FB0C529C
:108CE00021FB0E230293D8F80030D8F80450D8F8AE
:108CF00008E0D8F80C2059F8047B08F104012FFA99
:108D000087F82FFA97F7DDF800C028FB03C327FB8D
:108D1000053C029BCDF800C028FB0E3327FB023236
:108D20000292CD680A69D1F814808B69D9F800C025
:108D300009F1040E2FFA8CF72FFA9CF6DDF800C02B
:108D400027FB05C526FB0259029A27FB082226FBB2
:108D50000328CDF80880D1F81C800A6A05924B6A76
:108D60008D6ADEF800200EF104062FFA82FC00E086
:108D7000B6E02FFA92F72CFB0898059A27FB02829F
:108D8000DDF808802CFB038327FB05351030189B8A
:108D90002C31984288DDA4F10409484527DC51F8BC
:108DA000043B159351F8047B51F8083B049351F8A8
:108DB00004EC56F8043B2FFA83FC2FFA93F8159B2A
:108DC0002CFB032228FB0722049B2CFB035528FBCA
:108DD0000E55001DE1E700BF31F802CB16F9013B4B
:108DE00031F8027B13FB0C2213FB0755401CA042F9
:108DF000F2DB1E98401C03461E905845FFF64BAF11
:108E00004898800714D51B98249ECDE9000230466F
:108E1000129B1A9A0699FFF76BF923980B99CDE9E3
:108E20000015DDE9132130440C9BFFF761F957E091
:108E30002AA9DDF8909091E8490009F1010EB6F9F0
:108E4000001016290CDB80CBA1F102084FF0010CB9
:108E50000CFA08FC52FB07C2491E0A4102C814E082
:108E6000002909DD80CB50F804CB520052FB07C229
:108E70000A4102F307020BE0C1F101018A4002CB73
:108E800002F31F0252FB11F104C8114401F307025F
:108E900089F80020B6F9021016290ADB1B688E1E1D
:108EA0000122B24055FB0322491E00680A411044CA
:108EB00012E0002906DD1A6800686B0053FB02000F
:108EC000084109E0C1F101018D401A6805F31F0155
:108ED00051FB12F10068084400F307018EF80010FE
:108EE0002298401C0146229043988142FFF678ACBC
:108EF000299800E018E0309900FB0BF001EB4001ED
:108F0000309148998907329903D5239A01EB4201A0
:108F100000E0891C32914C9919B10E9901EB800047
:108F20000E900998801C0990DDE9091081427FF7B5
:108F3000E4AB3E98C0076FD03C993E984FF0000AD2
:108F400001EB80000A904A993E9801EB800009905D
:108F5000DDE93D0100EB41000B908FE04898800770
:108F600017D54898C00707D03299279A0AF101000F
:108F7000491C00FB021003E0429A32980AFB0200EF
:108F8000449986460AFB01F0419948430490002029
:108F90006EE03E98429A0AFB00F1329801FB020013
:108FA000EEE73F98DDE9301309FB00F240984243B9
:108FB0003E9803EB8000049B50F8040C13442F9A56
:108FC0009E18002212E0449B002502FB03630AE086
:108FD00013F9018BDDF81CC111F9017BA8EB0C0C16
:108FE0000CFB07006D1CA542F2DB521C5A45EADB64
:108FF0000B9931F9021C16290FDB0A9B8D1E53F8C1
:10900000046C0123AB4050FB0630491E084109990E
:1090100051F8041C08441BE034E000290ADD450037
:109020000A9850F8043C099850F8040C55FB0300CA
:1090300008410DE0C1F1010188400A9900F31F00C9
:1090400051F8041C50FB11F0099951F8041C084414
:1090500000F307008EF800004898800702D50EF153
:10906000010002E03E990EEB0100864609F1010085
:1090700042998146884294DB0AF1010A43998A4564
:10908000FFF66CAF33B00020BDE8F08F2DE9FF4F45
:109090008DB09146DDE91BA3DDE91E82DDE92041AB
:1090A0004FEA5A0B0CB11A9C00E00124A4B20794B9
:1090B0004FEA930E0C4403F0030305940893BBE0BE
:1090C000D9F8004009F10405019440CDA946354680
:1090D00001960E9B764624E053F8047B50F804CBAF
:1090E000CDF810C050F804CBCDF818C0DDF810C092
:1090F0002CFB074CCDF800C0DDF818C02CFB075C3A
:10910000CDF804C050F8084B53F8045B50F8047CC9
:10911000DDF800C024FB05C4DDF804C027FB05C54D
:10912000761E002ED8DC089E13E000BF30F802CB7C
:10913000CDF80CC033F8027B30F802CBCDF808C074
:10914000DDF80CC01CFB0744DDF808C01CFB07550C
:10915000761E002EEADC1D9BB3F90030162B0DDBCA
:1091600058F8046BA3F1020C012707FA0CF754FB23
:1091700006745B1E1C4108CA1C4408E0002B08DD75
:1091800080CA58F8046B640054FB06741C411D9B94
:109190000BE0C3F10106B4401D9B58F8046B04F3C7
:1091A0001F0454FB16F440CA344404F3070401F8C6
:1091B000014B33F9024F162C11DB58F8046BA4F164
:1091C000020C012707FA0CF755FB0675641E2541B2
:1091D00010CA9B1C2C4404F307041D931CE0002CB4
:1091E0000BDD80CA58F8046B6D0055FB06752541F0
:1091F0009B1C05F307041D930EE09B1CC4F10104A6
:10920000A5401D9358F8044B05F31F0353FB14F3BB
:1092100010CA234403F30704059B1C70059B079C9D
:109220005B1C03EB44035B1E059301EB4401ABF1B4
:1092300001031FFA83FB491EBBF1000F7FF440AF0F
:109240005FEACA733ED00E9B7546D9F800400DE028
:1092500050F8047B53F804CB50F8046B27FB0C4404
:1092600053F8047B26FB07446D1EADB2002DEFD1F1
:10927000089D07E030F8026B33F8027B16FB0744C9
:109280006D1EADB2002DF5D11D98B0F90000162865
:109290000BDB851E0123D8F80060AB4054FB06337E
:1092A000401E03411068184420E0002813DD6300CD
:1092B000D8F80040126853FB0422024102F3070071
:1092C00001F8010B2098A0B11A9A0AFB1210401C59
:1092D00011B0BDE8F08FC0F101008440D8F8003033
:1092E00004F31F0050FB13F01268104400F3070052
:1092F000E6E710980144A1EB0A00E9E770B50446DF
:109300002568002D09D02C212846F7F754F90021B3
:1093100028B100F8011B206002E0002070BD216030
:10932000284670BD70B50446084D0AE080212846E5
:10933000F9F734FB0028F9D014F8011B2846F9F797
:10934000D1FB20780028F1D170BD00000010014051
:109350002DE9F04188B0064601210846F9F7CCF91D
:1093600001211020F9F7D6F9DFF88C8007220921B6
:109370004046F9F76EF907220A214046F9F769F9E4
:109380004FF4C060069002258DF81C508DF81D50DA
:1093900000248DF81E4001278DF81F7006A9404655
:1093A000F9F719F90296ADF80C40ADF80E40ADF89A
:1093B0001040ADF814400C20ADF812000F4C02A97B
:1093C0002046F9F72DFB012240F225512046F9F7FE
:1093D0000CFB01212046F9F7D5FA25208DF8040071
:1093E0008DF805508DF806508DF8077001A8F9F733
:1093F00043F908B0BDE8F0810000024000100140D0
:10940000F8B50D46FFF77AFF0446A4B1207890B175
:109410002D2810D02B280ED0F6F760FF002106462D
:1094200001600A2269462046F7F78CF80246009848
:10943000007820B901E00020F8BD306808B10020B4
:10944000F8BD2A600120F8BD2DE9F04F9B464FF092
:10945000000C099CBBE00023A4F110057FE000BFD5
:1094600050F8046B51F8048B2FFA96F92FFA86F70F
:109470002FFA98F62FFA88F822F8027B3F1422F888
:10948000027B4FEA294722F8029B22F8027B4FEA2F
:10949000284722F8028B22F8027B22F8026B36144E
:1094A00022F8026B50F8048B51F8046B2FFA98F9EC
:1094B0002FFA88F72FFA96F82FFA86F622F8027B11
:1094C0003F1422F8027B4FEA294722F8029B22F838
:1094D000027B16803614568022F8048F4FEA284605
:1094E000568050F8048B51F8086B2FFA98F92FFA30
:1094F00088F72FFA96F82FFA86F622F8047F3F14A1
:10950000578022F8049F4FEA2947578022F8046FBA
:109510003614568022F8048F4FEA2846568050F8B9
:10952000048B51F8046C2FFA98F92FFA88F72FFA68
:1095300096F82FFA86F622F8047F3F14578022F817
:10954000049F4FEA2947578022F8046F361456804B
:1095500022F8048F4FEA28465680121D1033AB4282
:109560007FF77EAF271FBB422DDC50F8046B51F80C
:10957000048B2FFA96F52FFA86F62FFA98FA2FFA1F
:1095800088F822F8026B361422F8026B22F8025B8C
:109590002D1422F8025B4FEA284522F8028B1B1D8E
:1095A00022F8025B4FEA2A4522F802AB22F8025B5E
:1095B000D9E700BF10F9015B22F8025B11F9015BEA
:1095C00022F8025B5B1CA342F4DB0CF1010CDC45CE
:1095D000FFF641AFBDE8F08FF0B500273C463E46B0
:1095E000DDF814C034E0951021E000BF30F902EB43
:1095F0006D1EA7EB0E0730F902EBA7EB0E0730F953
:1096000002EBA7EB0E0730F902EBA7EB0E0730F9E0
:1096100002EBA4EB0E0430F902EBA4EB0E0430F9DC
:1096200002EBA4EB0E0430F902EBA4EB0E04002DC8
:10963000DCD102F0030508E030F902EB6D1EA7EB68
:109640000E0730F902EBA4EB0E04002DF4D1761CCA
:109650008E42C8DB1F60CCF80040F0BD10B5002979
:109660000AD00878002807D005487844F7F778F83A
:10967000002801D0002010BD0248784410BD000031
:10968000F6CE0100EECE010010B500290AD0087810
:10969000002807D005487844F7F762F8002801D081
:1096A000002010BD0248784410BD0000DACF010050
:1096B000D2CF010021F00042A2F16052B2F5801F2A
:1096C00001F0004328BFD2F17F6C0BD95FEA001C88
:1096D00043EAC20242EB507018BF704728BF20F027
:1096E00001007047B2F5801FBCBF184670474FEAB3
:1096F000410C1CF5001F02D2084600F079BA70B583
:1097000000F040F900000089FFF7F6BF4FF000407D
:10971000A0F580007047000002494FF0000000F003
:109720009FBA00BF0000F87F491058BFC1F1404107
:109730005B1058BFC3F140438B42EFF3008070478A
:1097400051EA030C17D41CF5801F58BFBCF5801FCD
:1097500000F10680994218BF704708BF90427047D9
:1097600007D711F5801F58BF13F5801F19D49942F0
:109770007047894270471CF5801F08D5BCF5801FD3
:10978000F7D58B4218BF704708BF824270474FF42D
:10979000001C1CEB410F38BF1CEB430F01D28B4266
:1097A000704770B500F0EEF8922449004FF0005178
:1097B0004FF08053FFF7B8BF51EA030C17D41CF5E4
:1097C000801F58BFBCF5801F00F10680994218BF6A
:1097D000704708BF9042704707D711F5801F58BFE8
:1097E00013F5801F19D499427047894270471CF5C0
:1097F000801F08D5BCF5801FF7D58B4218BF704776
:1098000008BF824270474FF4001C1CEB410F38BF69
:109810001CEB430F01D28B42704770B500F0B2F8D9
:10982000922449004FF000514FF08053FFF77CBF66
:10983000DFF848C170B51CEA111E1EBF1CEA1315E3
:109840009EEA0C0F95EA0C0F00F06F8081EA03048A
:1098500023EA4C134EEAD47E21EA4C1141F48011E4
:1098600043F48013AE44A1FB024CA0FB0365AEF1B0
:109870007F7E361955EB0C05A1FB034C4CF1000320
:10988000A0FB021C16EB0C06654153F100030942D4
:1098900018BF46F0010613F4007F0BD14FEA0331E5
:1098A0004FEA0530340341EA155140EA16506FF093
:1098B00003020AE04FEAC3214FEAC520F40241EA5D
:1098C000555140EA56506FF0020202EB2E4201EB76
:1098D000025585EACE710AD05FEA440C18BF24F025
:1098E000004450F1000041F1000120EAD47040F240
:1098F000FE7C624500D270BDA84214BF4FF0804488
:109900004FF04044002E08BF0024BEF1806FA8BF76
:10991000A1F1C041BDE8704080F282804FF00000AC
:1099200001F1C04101F0004170479EEA0C0F0CEAC2
:10993000131518BF95EA0C0F06D04FF0000081EA0E
:10994000030E0EF0004170BD00F01CF88900013ECE
:1099500000F007B800F009B84FEA430C5FEA5C5C1E
:1099600008D081EA030100F05BB84FEA410C5FEADE
:109970005C5CF6D14FF00000014970470000FF0722
:109980000000F87F0EF1020E2EF0030E5EF8046B5D
:10999000364205D4012A43EB030515F5001F12D802
:1099A000012841EB010C1CF5001F0CD80ED14FEA29
:1099B000D17C15F5001F0CEB4C0C0CF1020C08BF10
:1099C0004CEBD37C04E04FF0080C01E04FEAD37C71
:1099D0000CEB4C0526FA05F606F00706B6F1040C6A
:1099E00006D20EEB860CBDE870404CF0010C6047CF
:1099F000DFE80CF0090B02024FF000414FF00000CD
:109A0000A1F5002170BD19461046012851EB010453
:109A100018BFD4F5001484BF002001F0004170BDD0
:109A20000808A0F500114FEA3101704753EA010C14
:109A300017D41CF5801F58BFBCF5801F00F10680AD
:109A40008B4218BF704708BF8242704707D713F593
:109A5000801F58BF11F5801F19D48B4270479B425D
:109A600070471CF5801F08D5BCF5801FF7D59942BB
:109A700018BF704708BF904270474FF4001C1CEBA2
:109A8000430F38BF1CEB410F01D2994270470FB40E
:109A90000CBC03BCFFF7C1BE43004FEAD30C4FEA36
:109AA0003C0C43401FBF40070CF1605113F0FE4FC8
:109AB00070471CF0006F03D100200CF0004170478C
:109AC0000CF0004343EA507010B540EACC0000F0BF
:109AD00044F800BF000000924FEA0001FFF7A0BF6A
:109AE0004FF000414FF00000A1F500217047000049
:109AF00000EE100A00EE901AB4EE600AF1EE10FAD1
:109B000078BF704700F00DB810B5FFF7F1FFEFF325
:109B1000008020F0104038BF40F0004080F3008803
:109B200010BDBDE8104010B500F017F800000009A6
:109B300000F007B84FF0404010F1004FEFF3008005
:109B40007047401058BFC0F14040491058BFC1F1A4
:109B500040418142EFF3008070470EF1020E2EF07B
:109B6000030E5EF8044B244204D44FEA4102B2F1E2
:109B70007F4F11D84FEA4003B3F17F4F0CD80ED17D
:109B80004FEAD07CB2F17F4F0CEB4C0C0CF1020C85
:109B900008BF4CEBD17C04E04FF0080C01E04FEA29
:109BA000D17C0CEB4C0324FA03F404F00704B4F169
:109BB000040C06D20EEB840CBDE810404CF0010CF6
:109BC0006047DFE80CF0070802024FF00040A0F504
:109BD000800010BD0846420018BFD2F1807288BFD5
:109BE00000F0004010BD4FF04070E1EE100A7047E9
:109BF000FF2141EAD050C005704700005FEA400CE9
:109C00005FEA1C6CBCF17F0314D4D3F1170240F35C
:109C10001C804FF0010C0CFA02FCACF10103034074
:109C2000B3EB5C0220EA030008BF10EA0C0F88BF08
:109C300060447047B3F1FF3F28BF5FEA002C00F09B
:109C4000004088BF40F07E507047BCF1FF0FB8BFA6
:109C5000704710B5FFF781FF40DBB6BEF6F70DBFCA
:109C60000CF00F03092B08BF082000F05F800A2BBF
:109C70000BD0082B18BF704708BF1CF0400F0AD04C
:109C80004FF000004FF0000170471CF0400F18BF6C
:109C90004FF0004070471CF0100F08D020F07043C8
:109CA00000F07F4242EAD3014FEA4370704700F070
:109CB000604021F07F4242EA000201F07F4040EA2A
:109CC000727070474FF0FF0C4CF4E06C1CEA1153BB
:109CD0001CBF9CEA030C9445C2BFDA4201EB02515F
:109CE0007047002B0DD0BCF1000F0FD0002A01F0FF
:109CF0000041A4BF41F0E04141F07F614FF000001E
:109D0000704701F000414FF00000704750EA013306
:109D10004FF09B0C18BF4CF0806C7FF4FDAC70478B
:109D2000F7F710BBF7F76CBCF7F7FABD1CF4801F10
:109D300011D01CF4E02F03D06FEACC3149007047FA
:109D40004FF04050EFF3008222F0704242EA0002EE
:109D500082F3008870474FF00000704760110020C8
:109D6000CDCC0C3F9A99193FCDCC0C3F0000403F21
:109D70006666263F10C3A03D80000000749D000869
:109D8000789D000812A84D3E00000000849D000848
:109D9000889D000810C3A03D80000000949D00082D
:109DA000989D0008BD0E4E3A01A6793AB75CE53A97
:109DB000D207723A8F0D1A3BEC354B3A2638E73A08
:109DC000DE8E623BA0B8853AC12C2F3A624B8A3AAC
:109DD000D5E6AB3A83779F3A2344883A5B5A3C3ABC
:109DE0002B68003BF3A9E83A00DCA93AB3F8B83A8B
:109DF0004462843AF26F8C3AA648D03A7165053BCA
:109E00003420EA3A72F7103AE2A5FB3A1F7AAA3AEE
:109E10007E9A493A0A4FA03A89D7F33AE3C19F3A6A
:109E2000C29DDB3A000000000000000000000000BE
:109E30000000000000000000000000000000000022
:109E400000000000A49D0008249E0008F978B83D99
:109E5000800000004C9E0008509E000810C3A03DEA
:109E6000800000005C9E0008609E0008F978B83D04
:109E7000800000006C9E0008709E00083972C43A91
:109E80009DD9D63AC370943AD531A93A5A70213B3C
:109E9000FA2BCD3A1462F93A758F103B998FEC3A50
:109EA0008E00E43AB361B43A90FE8B3AE69FA13A51
:109EB0005313EF3A697DF43A47171D3B8F24C53A97
:109EC000EF382F3B8CB9A83AF957A83A3A14383BE7
:109ED0008A97073BF601133B61F8393BEF88AD3AAF
:109EE000D7FB133BA42D0A3BF8206B3BF4E5ED3A7E
:109EF00045B4DF3AEEF0B93A062DBC3A14949C3AD8
:109F0000317C0D3BA7BF283B8566CA3A1967BB3A2F
:109F1000CA41063B6A5AF23A6DAAC73A4B254E3BF4
:109F20005F45CA3A5718203B37EE053BECB3C43ABD
:109F3000E0960E3B4680173B2434F33A2A02D03A8F
:109F40003566A63AFC8CD43A197CE63A73DEB53A0B
:109F50009D03213B33A2FB3A9DE4763B91CAB63A7E
:109F6000FAB7DF3A97C5B83ACC26F33ABC06163BA7
:109F7000E8B0113B8FDEC03AB2E4343B0000000091
:109F800000000000000000000000000000000000D1
:109F900000000000000000000000000000000000C1
:109FA00000000000000000000000000000000000B1
:109FB0000000000000000000000000007C9E00087F
:109FC0007C9F0008B78E0E3D80000000C49F0008F3
:109FD000C89F0008F978B83D80000000D49F0008B1
:109FE000D89F0008B78E0E3D80000000E49F000857
:109FF000E89F000801FBE33A7406DE3AE236E83AED
:10A000005BA3E93AE872243B61CAE53AF451FE3AAF
:10A01000D0200C3BB1EAF83AF62E213B662A203BD1
:10A02000060A6F3B602FB83A73212B3BB452F83AC3
:10A030005C7C1F3B8B070C3BEAA4F33A31252C3B9D
:10A04000EF61083B17FB2D3BF22EEB3A179FE93AE5
:10A05000B393273B686AD23A4BDEAB3A471EE03AED
:10A06000C4C2053BE48DF43A8509333BA7EDEE3AD3
:10A07000FA4BCA3AF004AB3A6CC0DD3A8888203B10
:10A080000CDBF93A425A1A3B6294393BE7D1003B68
:10A090007E63E63A02ACEB3AC91EE33A5682D43A02
:10A0A000797CF13A9B0F1F3B3B871F3BB649EE3A49
:10A0B0001B0B413B50C2D93A523E0D3B2ADFDE3AE0
:10A0C0005CFC1E3BC92F4F3B8509103BF1DF3E3B3B
:10A0D0004B350B3B61AEF33A0DAD173BE90E1B3B25
:10A0E00070FEDB3A3652F53A9B01D23A9CCD1B3BCF
:10A0F000A1CCB93A6566FD3AB6EEEA3AE7D8B63A87
:10A10000750EF63A0532FF3A3B131E3BC7F4103B7F
:10A1100014BED23AEFCDC73AFC00113BB35FE53A2B
:10A12000A79EED3A9955243B7C3CC83AEFB8FD3ADE
:10A13000E29AD43AF52E073B9C3A003B7F28C63A78
:10A14000F7440D3BE605193B14F1E43A8EB7023BA8
:10A1500088D9203BADA20A3BCB7AF03A37EFB43A2C
:10A1600065E4F03ACAE8073BEC882A3B70BDF23A56
:10A17000E45D3C3BA4D6E63AC25D613B15B3A43A2C
:10A180000249D43AB7D6263B730ECE3A52E9073B82
:10A19000B5FD413BBF3F043B33F7E03A4C0E063B75
:10A1A000D4D6303BACA4F93A679ED43A9E440F3BD8
:10A1B00041E80D3B2199113B44C2E43A47CEEE3AC7
:10A1C000C313BC3A051FFC3A6B14F23A5F3A213BC9
:10A1D000A1B01A3BAC59063BC6E20C3B782F013BC1
:10A1E00043D5093B8846063BDCBA213B87B4343B68
:10A1F00082C2183B000000000000000000000000C8
:10A20000000000000000000000000000000000004E
:10A21000000000000000000000000000000000003E
:10A22000000000000000000000000000000000002E
:10A23000000000000000000000000000000000001E
:10A24000000000000000000000000000000000000E
:10A2500000000000000000000000000000000000FE
:10A2600000000000000000000000000000000000EE
:10A2700000000000F49F0008F4A100083C190A3D0A
:10A28000800000007CA2000880A20008B78E0E3D6E
:10A29000800000008CA2000890A200083C190A3D32
:10A2A000800000009CA20008A0A2000877CE0F3B0F
:10A2B000733ED03A89B4E53A72AEB43ACE64B63A57
:10A2C0005FD20B3B7683033BD2A11F3B784B1A3BFB
:10A2D0002E23C13AA993023B8DBBD13AEBA8A93AF0
:10A2E00063C8D33A64C9C33A67FED63A9DC5D23A29
:10A2F0000DC0B33A5C50EE3AB91ECF3A3DF2AC3ADB
:10A300002231C03AC293E03AB2CAD93A4C03AE3ACB
:10A310009121DE3A4EB6EA3A7F50CE3A23EDE23A48
:10A32000764EE83AD5FCC73A4F770B3B4C33EF3AC1
:10A330005F47CA3AEED2DB3A5711F53A0FC3D03A2B
:10A3400053D9C83AAE85F63AA647C03A4E68F43AB1
:10A350006461083B635CBF3A58DFD23AF5DEF73AF6
:10A36000A944CB3A5B39C53A0AEDEC3AAC0BD13A89
:10A370006994093B1A97053B0799F33A9B19E13A0F
:10A38000C1152C3BB95FDF3AB39A273B5473CB3AE4
:10A3900046C2A43A77D4B33AD1F0C53A82CF0D3B46
:10A3A00014FAD73A01A7DA3A2A01BA3AAA5D1D3B54
:10A3B000CF11B33A8299063BE566493BE9C4E03ADE
:10A3C00080D0A43AECD11D3B5F4CC83A8473093B62
:10A3D000A95FD43A70D6D03A63064B3B8418C23A90
:10A3E000D56CD73ACBB5CA3A14B8023B5CC3E43A51
:10A3F000089FB83ADA3BD03AF4410B3BFE9DD63A7F
:10A4000009C0A13AE405F33AAC07E33A3131DE3A48
:10A410005713C73A8716B43A82F8D03A5930E03A1F
:10A42000FC59FE3A806FF63ACB24C83A7B8F133B37
:10A43000D19BD43A78D3FB3AD503E73ABD9BF43AA3
:10A440006AE2E33A1BEEAA3AB04EC63AC71A0B3B91
:10A45000255A1C3B6213023B70F4E43A611F053B32
:10A46000B806FC3AA8D5D13A30CADB3A3B76ED3A89
:10A470004FD6C83A4F27AC3A51ACD43ACBB50A3B89
:10A48000E00EB03AE9B9203BEAA2EA3A8509CD3AB2
:10A49000913DD13AA409FE3A8572CD3A4765E63A34
:10A4A0003AA9D33AF684AB3A62D9FE3A00000000EA
:10A4B000000000000000000000000000000000009C
:10A4C000000000000000000000000000000000008C
:10A4D000000000000000000000000000000000007C
:10A4E000000000000000000000000000000000006C
:10A4F000000000000000000000000000000000005C
:10A50000000000000000000000000000000000004B
:10A51000000000000000000000000000000000003B
:10A52000000000000000000000000000ACA20008D5
:10A53000ACA40008A147633C8000000034A50008DB
:10A5400038A5000812A84D3E0000000044A50008F0
:10A5500048A5000812A84D3E0000000054A50008C0
:10A5600058A50008C5CEA93D1B00000064A5000841
:10A5700068A50008178A243B24FB1B3B68D8113BC5
:10A580001988163B58C3183B00000000000000006B
:10A5900074A5000888A50008050001007C9D00083E
:10A5A000050001008C9D0008050001009C9D00082D
:10A5B00005002000449E000805000100549E00088C
:10A5C00005000100649E000805000100749E00085B
:10A5D00005004000BC9F000805000100CC9F00085A
:10A5E00005000100DC9F000805000100EC9F000849
:10A5F0000500800074A200080500010084A2000884
:10A600000500010094A2000805000100A4A20008B2
:10A61000050080002CA50008050001003CA50008ED
:10A62000050001004CA50008050001005CA500081C
:10A63000050001006CA500080500050090A50008B4
:10A6400004000000500400200400000094040020D6
:10A6500004000000D40400200400000020050020B5
:10A6600080000000400484000100000060A6000893
:10A6700060A600080400000060050020040000003F
:10A68000BC050020800000004004840001000000A0
:10A6900084A6000884A6000804000000FC05002031
:10A6A00004000000580600208000000040048400E0
:10A6B00001000000A8A60008A8A6000804000000E9
:10A6C0009806002004000000F406002000000000AE
:10A6D0004004840001000000CCA60008CCA60008BD
:10A6E000040000003407002004000000840700205C
:10A6F000000001002811002000000100441100208A
:10A7000001000000C05D0000010000000100000029
:10A7100040040400000000000000000000000000F1
:10A72000C05D000001040000000000000100000006
:10A7300094B6010001000000010000004004044044
:10A7400000000000000000000000000094B60100BE
:10A7500001040000000000000000000000000000F4
:10A760002CDFBADB15D93CE5F71BD5E62C1413F921
:10A7700012E803EADC0E13291E3A28DCF3521CFE11
:10A78000BCBF08220837F8BF2AF80B27E9AEE32E32
:10A7900047EDDFE75BDECEE0E5C3043F3C27D8CAE8
:10A7A0001EE0E0FD060AFA2CF4313BFCDE392147BD
:10A7B000342CE0CA023E28F9E92E5B7F6A50C7EAD2
:10A7C000502219AC0F3C035A0EF21AF93F16F4BE90
:10A7D0000D28D9E7F9031E19300EEEFD0821F2DA33
:10A7E000EFD3121916063CCEEC46B90B02EB191941
:10A7F0000E141E0DCE32B6CC4103413FDEF8D91FF8
:10A800000CDC17D5301D1C4041F3CADE38C713F8E5
:10A810002C4523F409F413F6DB22FEE3D7052501CA
:10A82000D6193AFAEA210FFCFA00491EF912460934
:10A83000E1352010142E593E021C10F30820101789
:10A840002C523D362501F0E1040309182A27351260
:10A850001AEBEBF80DD904181424092411F4FBE3C6
:10A8600024FB181422462E0610F1F0DC0C070B1105
:10A8700032340C2516EDE90201F408FE4138F91DC9
:10A880000F0409F90C13EA1D293E0712EE1705E41F
:10A890000421121601263A080410FE08F2010400F1
:10A8A000F0150B120D0D1A0A021C1E2409E52215C3
:10A8B000F501F905F0096343F6D8F0E5E6E92CF374
:10A8C000C6147F34DDCA08F6E8070306E31211C890
:10A8D000ADE9F80EEB0D1412DF0030F0C700EEEF1B
:10A8E000E5E9E72FECE13C3F0B0EEBEF11E4CA1278
:10A8F00010D12A490E0A2211190EF4EB1AFCEF1896
:10A90000E9142B1AFD00F818E91B17ECE703F40E05
:10A910000519030414001BDEE5F1F7E01815E9D86A
:10A920001409F3E5D7FFF402F3150CF1F0FAE7E1AF
:10A9300008131A1D04FB06F200153D7E41FB07E6D5
:10A9400012FCEFF219F92D7F31FAE4D81219F0DE7A
:10A950001800FD120211F002FC1CF6EAE9F9FAE017
:10A96000F0F9F3FDE7070711F9EEF2F9F30E0EED3A
:10A97000EFEEF40CE5EBECE7F9F804FC11FEF00E59
:10A980001C2BD51CBBD5B8F70CEBF0E62FDAFE2E4E
:10A99000061EF60714DBAB073EBBBC141F1A110FD3
:10A9A0000FF8C5FD37E9DD0613301925D7FD46F749
:10A9B000C34155737B382D2FFD2D4B06C03F2C7F97
:10A9C0005B37371FFD0BF2D722301D2B1CF03533C0
:10A9D0000C17061313FACFEC10D8EB14F60804DFAB
:10A9E00011D5BEFBEFEBE507331BF0DA12F1CD001A
:10A9F00014FC3818F0FC1110E623E1D146F52E1EA8
:10AA0000C6EDE843EA04343016C91F1E04DDDA201F
:10AA10002CF2F6FF26D618030C020012F714E2CF30
:10AA20000D062517DCF42034D8FC0CA5DFEBD72865
:10AA30000B110CF4FDEE56F5F1F8021FEDF10F07C6
:10AA40000AFD7F1C01F0EDEFFCF8FE0EFC082E095C
:10AA500015060416EE00E9FDF7E80609F6ED1C1FE1
:10AA600005F209040B03EEE6FDED1622FC08F606DE
:10AA700006EAF3E7F2F40EF910F3EBFB01F8FD152B
:10AA8000EFF2F509030301FD0107041FF4F9D9F9F9
:10AA90000B0B0DED1D04E807F1D6D5E50D07F8EB1E
:10AAA00011FBEEFBFFEFD4F011F61CF5FA042816AB
:10AAB000F1C9E4EC071F2CEAE3212608DBB9C9FF42
:10AAC000012133E7DA170EFFD6C3E90210080EF7AB
:10AAD000F217FF01F8E8EB04FF080CEBFA04E60FAD
:10AAE000FCF7DDF4DDD6DA3CE6D12926C3C9DAC4A9
:10AAF000DDD10D47F4B67F34E8E3A89CDBD6202BEC
:10AB0000CFF636310AE7E8E5E6E52B19E611FD5701
:10AB10002E23E2E80CFDEEFAFA05E12524FBDBD951
:10AB20001D0B13CFF428EFFD0E2003FEFA1F00D6F5
:10AB3000F007FEF5BB15E5FD03122C02031CED1515
:10AB4000EEFA0D002D1007CAE104C32FD5F2F2076B
:10AB50000F0F1DD2EE3BC02800E6060E0119F9ECDE
:10AB600009210117DB1632380A27F7070C29F937B4
:10AB7000E917133F0CFEF0DEF5FCED31EBEF0F189B
:10AB800012DAE2EE2FC5F22B0FDAED082C2EFDE4DF
:10AB90001B19B4C7ED0F2E0FD7F1041EEA11E814EC
:10ABA00006D9D0DBD1DF071DFAEEEF1DFEE3E9DEAB
:10ABB000ECDC091FF9FAE82409FEF0E9E1D9F928EB
:10ABC000F2E6DDF2DADBEFEDE4D9E813F3E8CFD813
:10ABD000E3ECF503F0ECF1FBF7E7EAD3E3E301176D
:10ABE00013FEEAFF18F9FE02F716E9F7F00601F185
:10ABF000F70AEF03FF0DEBC710FEEF00010508EDAC
:10AC0000F503F9FF08F708E700F5000BFBF50AEE7E
:10AC10000CFEF604F401F9F62001F3EB051705E943
:10AC2000FF07EBEEF40FF7E6110200E80504371911
:10AC300000FFFEECF304FBEFF6137F37EAF9E3E7DE
:10AC4000F7051004F2F56A3010FA01E0F1F0FD0B9F
:10AC5000F3F715FBE7FEFEFAEDFE1208EA08220EF6
:10AC6000F80216090908FF0604FE100BFFFB07FF98
:10AC700008F501FCFBFC07FFFB030300FD0406FBDA
:10AC8000FC000103FA05FFF20C0802F50E000101B9
:10AC9000EDF60203FEFEF9FE100A5D22F8F208024C
:10ACA000F1EAFE0AFCFE7F3703FC0805F9E8EC1424
:10ACB00009E73105F009071008EFF00E03F107FB73
:10ACC000F0FE0E0904F4F60009F6F3E7FDF4060CB5
:10ACD000030302FB03FCF9E7FA07F903FF08F90590
:10ACE00007FCF4FD0A010A0F1112FBFAFFFF00FE38
:10ACF0000101FE0E0D0207FE0FFB0D16FF000C0BEF
:10AD00001691B03A0D961A7F1ABEBFDEDD8DB637AA
:10AD100013951441DDF5E9E9EBCAE0FA23D3FA2BE8
:10AD2000220F0220ED01F5181DFDE20330EBF8F5CE
:10AD300014F6E7FBF4FAFDD502CDF0F8FCE2FFF1E2
:10AD4000F3F50BDE08C8FE0F07221622EC1DE7FC08
:10AD5000EFE50AFAD30E5CEEBE4B3623FEF1F0F2BD
:10AD6000021B59F3C819147110F50B07FE0728D8F8
:10AD7000E91A113EEC3B2901D2012A1BE312F1CD65
:10AD8000AEEB2109D1F50517E51DEB96B0CCE8FC3B
:10AD90000DD5F00FFA04FCC9DA2C216401EAE00BAE
:10ADA000FAFCE0231C443E4A15EBFC2632DE03F19C
:10ADB000271E3A1EDC14142FE721E9E4C79DA6ECF8
:10ADC000D6021C22DC03F2DFE0B9E5FFF81A271EE9
:10ADD000F00AEBD507C5F0F3E8131B24C432DF07F4
:10ADE00036A6C7E6BEDC1157EAF9161E23C09B81C2
:10ADF000D8141C10DC10F9F9CBECD1F71B1A14E0B5
:10AE0000EEFAF3F2C01F0711B7E0205CFBDCF70499
:10AE1000E6DEA7F48CB5F767B4E7EDE8B5CCD6BAB3
:10AE2000E0265131DB3DFFDADAE80606B41337F4E9
:10AE3000C04C06F9D7D21C4A0D313510EA0E022556
:10AE4000E6E00B5D141E07031AEACCF7EDDFEA4FCC
:10AE5000E5E9D50519CDF812DC04F301E8CAFC1ABE
:10AE600018D306151A02F5F5E50320FAEBEDEA0C06
:10AE700019FEF302F8E40CF00E080130FAE907FAC3
:10AE80000AFE051FF503E330FAD0DD0CE4F3FE15EE
:10AE9000E1F3052809F2F116C5F23109B2033D14B8
:10AEA0000706F9FFC4FA49349C2F450810CEDBF79A
:10AEB000C1023C16B62A0515FAE7D4F7E4131CEADA
:10AEC000EC26D70900F710F3F80909090BFAE01688
:10AED0001FF6E0EEFA283EE9EE15021FFBDBDA0D65
:10AEE000002928D0FA2CF1E9EEDD11F92E16D2FB5B
:10AEF00024D8EC48010D110B0FCFD50442CE2F7F83
:10AF00004D26D9DA25E6D50614CD2E3E373102D7A7
:10AF1000FF02EC151AF41F0D26FB18EDD7ABE35E0C
:10AF2000FED4F21714ECF9E8D0B8DD7FFEC9020AAE
:10AF3000F2DCF7B6CEC9FE2FFFE4E310EFEE03F12B
:10AF400012FAF01503F8DEF9F1ED12EAF0EBF01A5F
:10AF50000FE00F3219FD09D0F60F04080A142E5025
:10AF6000241102F7080A1EE1F12618230A01EAFB60
:10AF7000150C0AF5F910F8020FEAF2040AFBE609CB
:10AF800013FD04080D0205030AFCF8EC11F217FD8D
:10AF9000010600F4FE100206F00C11F1FDFDFEFAB0
:10AFA000D7FD19FBD916010F171805FFCCDB0D359E
:10AFB000C4F8F20E050708DEE3F0FF1ADAF9EFEF46
:10AFC00018FBFDF4E8F11914D001D2EB060EFC08D1
:10AFD000F6FEBF3B24E691041D705100BDE2FF5612
:10AFE000BACDD5E70F4E1DD8D2CE3F53AA104BFE97
:10AFF0002F4CFDE6BD10301ADF0C04DA4D5338E754
:10B00000F4E70910D912DACDFD272F2BEFEF013924
:10B01000D7DFE183CA160EC4FB203EEB0403E9EC44
:10B020003539E4F2110D0DCD241DF1493736E9C350
:10B030002420170AE351B3E717EBB7D4C7002C2439
:10B04000E72AEEE93C0B898104CFE21CF9D3E6C084
:10B0500027F2BD8F0DE1FFF6F31AA3D6071AEECE45
:10B06000FEEF03D03FF4051E5B413D01051A08DCED
:10B070003BF22B1C201016D4E6D50EFB11E915D29D
:10B08000E1D1E0EE2822E5D9061C3801EB030903E3
:10B090001D1809D20D093DF4FBF0DAE0120D09FB91
:10B0A000FB06330A2107FFEB1D1B11DEF70404FB2F
:10B0B0000D0FE1FF110AFB02E7211CF10512EEE57D
:10B0C0000CFCE8E60904F5131BFDF2ECF3F70800AD
:10B0D0001314F41332F2E7F5EB051D11F817E7F638
:10B0E00010F3D7C1F1F5011D0A05F5F005F3E1B242
:10B0F00000CDEF3E1BDB0BFD27F6E7A0CFC1F869C3
:10B10000F1F802DBEBF1CE81E8C2F14CF0ECF3E9AF
:10B11000E4FCE9A2EFD7E23D10D4D6DDF2ECECBCC2
:10B12000E6E90821E60FFF0A140EE4B3D024322129
:10B13000CB36133D3002FDEB07F4DFE811F203EDEF
:10B14000F5FCDC030E2A341DEF2F4301142CBE99AD
:10B1500027290FFC32D34817360EC9810604C4C80C
:10B160004BC0CED71900D2B3C6FB193C09F312C4A9
:10B17000EA1C28D1D8FD2A32CCDBE4D718FB6414B2
:10B18000E1E4E510FCF3BA17E019651807DCF6E610
:10B19000F6FCB4F6ADDA472C01F202081BEE18F902
:10B1A000B3ECC60BF6E0FCEEE2061CEB03F1C89D27
:10B1B000B6DA3C3CDD23282022FABE84A6C25458CD
:10B1C00095356E49FFF908C7C9DF3821D7016C32C0
:10B1D000B9D8DBCCA5EF036503E702E89DDDBDE050
:10B1E000A38D034CE2D8A69DAD9DA5050A121103BF
:10B1F00010011911F40EFF100BFA02FFF5E02523E0
:10B20000E711F9F9FBEDF5E91014190AFA01F4F365
:10B21000292E0CCA020E05FBECE4FC17062B12D7F4
:10B22000F41AF9F90A05E2F6F0ECF013F6F30D1D45
:10B230001BDDDCE50BDD0423F7E4F4EF1D12F7F36F
:10B240002304F5EE20EFF2E40A02ED17021010E2FB
:10B25000F3FBE3E2EB14F4FFF5131B0FEA16DEF940
:10B26000F6F009F628F80A0A17F6C4CCE91617EA28
:10B2700000E50221F30A1A1A13311AFEEDF9242807
:10B28000E4117D7F5A2902E011161EF702155F4A6C
:10B2900030F0FFE612FD07E80B0FEAFFE6FFF214BD
:10B2A000FE0D0901010100F3FBF0EEF001F7F3F2EE
:10B2B0000DF803EFFEEBE2FC040EFE09F60A00EEC9
:10B2C000FDFBE4E8030809EB0504F7F0F4EB04EEFA
:10B2D000100A0BFC0A060BF802FB01F4FEFA09FA4D
:10B2E00005F906101505F3E908FFFBF6F30AF5FF6B
:10B2F00007FD00F8F401FCF302FEE6EEFCEF06F5B4
:10B300000FF808EB030AE208F30B0D0501F9010839
:10B31000FB073323160707F5E2EA1C1AE7FB7F2831
:10B320001804E6E1E5000C1CDA0B3D2F240DE3DCEC
:10B33000FD071C0FE211FD06150902E70800010BCD
:10B34000F208EFFE0509F5DFF0060302F5FE05053C
:10B35000FAFFFAF00801F702F4FEF322121EF807D2
:10B36000F3D0E50202D6C701E9C9F13DF8E9EA24C4
:10B3700009CCE41800F6EF2CCEF81405F7041B08EE
:10B380000D1DFEF7FC08F4E1FF240B32361713F213
:10B39000150BE8F907E4D91122F6F2F4D6F31C0DE7
:10B3A00006F6FAF7F5C9FDFEF6112EFFED13151698
:10B3B000FDD7D1FF10070AF71402F329FAE0200B9A
:10B3C00018F1EE0EFE04FDFDD1E7331FFB1725D764
:10B3D00003461F22E010070900ECE60AFC00633A6E
:10B3E000EBF6B69AF7AEC62F10AA7F513EF8C78C7F
:10B3F000F1EDDEFA14D5232A282AF8E9E6CEDDFBA2
:10B4000014EF06090418FBE82F38F5CA152A072996
:10B410000EDEE70B1C18F703FA19203115B7ECD331
:10B42000F00D0BE10201FC0910B3B4DBF4F9130FCA
:10B430001506DEDDC0A9D6E9101116E80BF2E3CF40
:10B44000D4B5DBF21710F9DDEB21010AED0514F29A
:10B45000222702DA2013F61BEA05040601FC07F195
:10B46000FFF3D9DCCADB1702E6DE0F0810E0A0E22A
:10B47000F6E6F1F208000F0CE9F198E0FC02000199
:10B48000010A0EF3D611C316F7F21A08020502F2EA
:10B49000FC07E815DCF515460A0C100D0AF63823F2
:10B4A000FC090C0F15EF08FC08ED7F50400BE8E39A
:10B4B00004FDD4FD21D6784F251C11D8FFF51509C0
:10B4C0000B16140812E83642033107FEE925EBCCCF
:10B4D0002304EC34DFE607F92BE4EFD9CAC089CBAB
:10B4E000BCB5D532FAFB3C29FFC5969202F110F6A5
:10B4F00021130F3B3532F2E81920F7E740E0E3076C
:10B50000ED437426EF0AEDE6260FFAFFC1D136D7D8
:10B5100019F833E1C1411020D5C2CAAC1CF634EE93
:10B52000BE37FB2813C6C79122FB20FE1A05085719
:10B5300007D0EA9706F8F9CB3409D154FA9EE79878
:10B540001DF3FED95109A94F1DC1A69C05F5DFCCFD
:10B5500037F6E33015AC90812F19F70CF5CEA52303
:10B560002CF4FABAEE243E09031BDB0F03AF17E1FC
:10B57000050605DDF41BE2FFEB0439FED60D1A21AA
:10B580000615DEFAF5EA2A03F8F51A260A08EAFC97
:10B590001AEDC7F02224E5F028EF14EFF905E1E7F2
:10B5A0003D29DACB47F8E0064941541727F2FDD68A
:10B5B0002C14F21D2E1C6C3BC0E62008EEF931F075
:10B5C0001FF30E28DFEFFB2CB8034A1927FD0C06EA
:10B5D000F10B0617CEFC521C063724F407E1C00518
:10B5E00016BF2534F62B23FE12A7A6F73E8128F7B7
:10B5F000EFE2EEE4EBCAE0271CB834FDF9FD0A04E3
:10B6000000F20EE907172710ED063526EDFFF2E6EA
:10B610000113F0F8DB192C1B14F6F3DB1402FED334
:10B62000DB121CFFF8040D1209F4F801D4FC2B47BF
:10B63000F5040209F60B0405D9FB2825CCFE091AEE
:10B64000D802FDFEDCE3DB2A01EA16230A04FC042F
:10B65000E2DBED231AEFD9F922D1F111FD00F5114A
:10B66000F7ECE30A1EE50408100FEE1415DDF5F7FC
:10B6700016ECF5CFEDF9F6E30F10000B14F8F4E734
:10B680000A1F02EBD3115823A33A7F5C570DC2BAAD
:10B69000EC364609CA42594423EBCCD70F240EF9A5
:10B6A0000119E0FD020301150B1503F60504F5066B
:10B6B000FCFC141707F71B10EAF6FDF30607E9FE7A
:10B6C000161B09FF0CFAEF0F07EDEFFD0B13090432
:10B6D000FCFB0DFBE8FFF1E718FFEEF60FFD050997
:10B6E000FBFE0C0A0FE5F2F028F51BE5E2F7150E5C
:10B6F00001172200F01E600D0C0D11FBE2317DEDF3
:10B70000C05B7F25210EFA070A1E1302FD2D4E1A7B
:10B71000E50AE00C1F0BFAF212E5120DEB0FF50132
:10B7200015F5F8ECFCF807FBF100F407F50BF3EF67
:10B73000EBF601F510FBF4F10DF5F6F3F2F1F5106F
:10B7400015090AE708F4F8FFEC1008F6FF01EADA39
:10B75000FDF0EE1EECEF01112205E7CFEAF903033D
:10B76000FDF8FB1A1507F4EDFFE4E20906E0F30526
:10B77000FAE8E4DAF5F1EE20F1F1E3F40D0DE9DC9D
:10B7800005FFD2EF1BE0E5FD030F0006EEF3120B01
:10B7900002FCEB04D20CE3F1F4E1080C03E9FB0931
:10B7A000FF08EF0A04D7DFFD1AC71812FE2C0D168A
:10B7B00012EAD1FD29CF1A130A0A251713F5D71655
:10B7C0000FCE25FFF9EB1C1805FBF5FCF7E9FCF59E
:10B7D000FFFB14FB00EC00FFF0F805FE00F61C1563
:10B7E000EF0A091302051C0DFBFB14F7FB07F90315
:10B7F000060111F2FE061104110700040C040603F1
:10B80000DD0219ED1104FDF4ED17F3EDD010161360
:10B81000FF0710FAECFF43401207F2E617FCF003B3
:10B8200006F2577F341F03ED120303DF0A001D3CAD
:10B830000F08E807212CF8DDFC0FE5F1FAF40C0203
:10B840002C242CBA04FE0728612D20ED342ED6E3DB
:10B8500028FAD7D0DB045E1BDDEBE6F8172AEA8571
:10B86000BBD544FC1DFDF7DF192122CCB1BA19105C
:10B8700006F5F9CF2810EED6B4CEDA303304F6E56B
:10B880000AEC051C04E7E6190EFFF814FB0FEBE7C2
:10B89000D8F6E1E61F050906210385E2FB00FB015E
:10B8A000E7E9DEFD2AC68DF327ECF6D103ACE14FC4
:10B8B00021CFF6370FFB180E1F13F6DBF0F92070BF
:10B8C0003E5468242E0DD8D23621A30403267F5D72
:10B8D000270C0ADD283BC0B923D733350EDF13D63A
:10B8E0000FE5D2ED43D70CF50296D93F47AA1EDAF1
:10B8F00044DBCAE3132416ECF32B01DD16E0D3007E
:10B90000EC12FAF8F205EEFC03EDFAE6F8F2FCFEB2
:10B91000F40EF70028132229FEE513FAFF0114059F
:10B9200031E9100C0CEFE514F9EEF3F208E8E4FD50
:10B9300002EDEAF90800E3FD2703F3DE060C150526
:10B94000F4FFF8FE0C03FAD0F4F32325DA0AE60933
:10B95000080CEEC2EEF2120FE6FEEE10F8FFE8D48D
:10B96000EDF401F1F90CFF0F02FDEBF0F9201AEAFA
:10B97000051CE1F8F502E6FF050301120DF8C3DF2F
:10B98000D0D3E323FEF00319F9F2F819DC01C90161
:10B99000D9E00605ED01447F4718CFBF1D0A09F124
:10B9A00004FD1F6F4F120A02FA2910EDE30F2E0358
:10B9B000D7E1CED3ECD6A20B39C44833FA009CC0F1
:10B9C00003DA8117499127442A1FE6C61607BCE906
:10B9D0002FB910F70C1AFAEA0502D714F6DD05E1C3
:10B9E0000EFD1EE6F710F314EFEE110DF909FDEE52
:10B9F000F904E8EA1EF3F4E61EF6EF10FDE80A117A
:10BA0000FDF600F30B0B06F8D5060018FBF4E4E88E
:10BA10001B1EF5E1DFD3F614E4F0F4172826DDD67B
:10BA2000E003020BD6FFFD041802F4FFFE03DC283E
:10BA3000F8DEB1050701FAF4DED7FD24F8DED2DA2C
:10BA4000E401FEFADDEB271DD115D3E5F017271130
:10BA50001332F0DBFC21C9DD0B1F133B1B2EFFDD76
:10BA6000DF241610133EEFDBF9230C02E0F9D5DBDF
:10BA700009152B1E232619B00F0FC4E1E7FB6B55E8
:10BA8000143C1ED0151B0A211BFE253AF5D4F3EAFF
:10BA900007013823F8D89CACB9DFF25511C2612FE9
:10BAA00027F0BD81F9DBFC1B0ACD7B2B3BFACDA334
:10BAB000FB10070DFCCD551B0DBECCDD13011BFC8F
:10BAC00013FA21E9B1B2F50DE51860E8AF1322E2EF
:10BAD000AF98CEC5043B2DD2C44942FEC2C0F0CCC3
:10BAE0003506E4BF2EEBFED7F70C0601323DF3C45A
:10BAF00002E3D6150CD515E61B1DFBCFF11E10F089
:10BB00001BD0BADFE217F8FA02D812F20ADFB4B299
:10BB1000DFE00E1CE90128D3E8D9A0BF19CB11162C
:10BB20001CD6FEB6C7C5C3E81C062BFDF51FE4AD49
:10BB3000FBFB19E711100CDE0709EAE53B31300F7A
:10BB40002AF2E5E90AFDBFC70A243918D7FC0D1E01
:10BB5000FC0E09BF130924F5C0102529C303731E69
:10BB6000241E00EBE8F44604B8367F11F9FE12D823
:10BB7000E01C2606DD1448CBE70704141622200239
:10BB8000F7FCE1F0ECFF0CFCF30300F60D05E1EA35
:10BB900013031605040F18F318F0C6D3EDD1F3F70D
:10BBA0002CE8D5E41BE8F603EEDCEB121FFEED01FA
:10BBB0001AF2371819F2F2E7082910D7231910DE04
:10BBC000F5D6072403E8F50E070F51F1E9EC242A16
:10BBD000F9FCFB2711E77FEEF5E6380FD6E5F62AEC
:10BBE000FDE238EBFFE32304D9FF211AD02329EB30
:10BBF000EE0F2F31DD13441DCC3042433609F4FAE9
:10BC0000FFDDF2050BE206382AFCEDF90BEFE0EB65
:10BC10001AEADE121AFBEBF61313FEFFEDFDDFDC72
:10BC2000FC200A19F8160810EA14E9D3F909F208F9
:10BC3000E206010FF60DF5111608F2E4F1E3E11644
:10BC400010F4173D1C03DDCBF8F3EE0F06E1161ED2
:10BC500029FD1A06011E0111F9F7D9F1F6082C1475
:10BC6000FEECF10AFA05CFED02EC19FCF90909091D
:10BC7000F6F2F2D50AFE0C03F708DFF009E1EBEF6C
:10BC8000EFF7662E111901E3D6FA3015EBF3440EE7
:10BC90001E1A1EBAE81F2327E6EEE2093C19DBB3A1
:10BCA00035030D16F4D6DA101426EEE6110D062132
:10BCB000F3EBF2180C1505E1E7F706190CE4E606BC
:10BCC000F402ECFFF4DD0C1C14243F19F2EF211AEE
:10BCD000FDF3F3F3E931131C1808FE091013B7D173
:10BCE0000415E5E3F408E6FA0EF5C0D21BECB7BF85
:10BCF000F11416D20733BAC43B25FAE1E8003BF44D
:10BD0000F43CD6D833290CEF9EBBF865D6D733E781
:10BD1000FE00BE9BD481EB6B09B255C2ED0CDB87F4
:10BD2000FFEEF62400C9E0D013500FED13D0EC095C
:10BD300015E2FEDEE418F1F50AD3CE1305DA09EFB9
:10BD40000E1412F2FAF4DE0B0FCC050E10131FFDC9
:10BD50000B1005ED03EB0B06061707F7F102FE05C6
:10BD60000A0BF1F3F8050FFB0A021006F32010E7A7
:10BD7000FAF3120403FE1106F918E5F21DF11B1582
:10BD8000070E0CE60518EFEF0AEA1B0D001A1FEF6D
:10BD90000B0901FE2AF005050E0F22E408240EEF20
:10BDA0001DFD0AFC051CFEE0F907FDF1EF10FF0682
:10BDB000162A07E517241E09E7EA11F808331AE1E5
:10BDC000F51A7920DEEBFBF30A0B1BF906247F3C06
:10BDD00000FAFEFE09261CF200273B1DFDF2FDFEC7
:10BDE00015FCFFFFCFFDFFFFB9FFFFFF13FCFFFFB7
:10BDF0006B00000093020000F9000000C5FFFFFF88
:10BE000094FDFFFF7FFDFFFFE3FDFFFFB500000096
:10BE1000CFFFFFFF6502000047000000DDFFFFFFCE
:10BE200091FFFFFF00FEFFFF7DFEFFFF4A020000C3
:10BE300026FEFFFF9DFEFFFF6A000000C7FEFFFF1A
:10BE4000AB010000C600000044FEFFFFAB02000093
:10BE5000AAFEFFFF10FDFFFF1900000024000000F4
:10BE60001037F00036DB81C228B1A5D80F26EDF9D6
:10BE7000D4D3FD21FF0B64FCFBF3F5240FC8F9E7D5
:10BE8000E907F11CF9F217EA0638CCE92E0629E693
:10BE900029262D14E228F00501083111F61D37FA84
:10BEA000ACF7DFD3B0DC113303FECDD5032A000D90
:10BEB000E3EF09C53ED9CBCC1D242CD7124D18C3B6
:10BEC000D9ACE10E1ADC19FFF700DBDB46330B07B8
:10BED000FDC0E810D21C9FDC0065F409D03FCDB254
:10BEE000EFDA3B14EBF31FD2EF18151DFFC4DEDAB7
:10BEF000E51D053504ED0138F6F51FE1F43590E454
:10BF0000FFDE09E7E922351719F51B5F09DC02118D
:10BF10001B2E104A25EAF5F02210CD0857C5E3493B
:10BF20000CFA07DB1A21EB4D98B6F7D63FD0F8D8BC
:10BF30006707F3282AD7F2C6521FD7D5EE2BD9D6DA
:10BF4000F3BD2AD4D230E17A2B11621FBC24B5E9AB
:10BF5000C8EEF2F4F9D6140AEAFA20DDDE27CBDCCB
:10BF6000F9F71D04CF2CEE58FB122511CED8F1099C
:10BF7000202123E116F285FFF7E91407F218A2E465
:10BF8000DFFBF003E4FCCD0119D5D7F0E3A01AE7FD
:10BF9000120315CF2F10C423C4E6EF103EFE16F592
:10BFA000E707291A2415D9F4ACF11FDA210A03F0A6
:10BFB000E7BD19F309323E28F520C00CDB1D36DC45
:10BFC000FBDFC2E30AD9F1E0BA0AE6E526F51CEE8A
:10BFD000F7C21801E416FCE715E39D16FC26E00AFB
:10BFE000EA40F9FF14E20C1AFD1FF00908F2D7CF5E
:10BFF000FF16DBFB211A200AE8F0D0EE29EF1B2503
:10C00000E80B22F643CEFCE6BDD4D1C4EA3D3A4665
:10C0100031B8E7EBFE28070CEB1440BC81ED0AEDCC
:10C02000F29EB7C4D4DBDC1B30E5DDC4FF02F202B4
:10C030000DC02F2AF7191D01BFFCF3FBF3FD2ED80D
:10C040000C191A21F0FBD3FB27D2C2DA21090B46C7
:10C05000A9DD24DA1C1114271E16E3C0F5411A0EBF
:10C06000192BCE1714371D262729C6DFE3EA2FE840
:10C07000FE12381E651822E815E11E0C22E0182673
:10C08000F8211F4619FA0B2F131CB328FA0647C4D0
:10C09000011F0A1AF5F5020826F1E82A3B14140AD2
:10C0A000CEFC021D15000749FDEBE0090BC7F1EDC1
:10C0B000123CD0D74238E41913E71F06342F03C5CA
:10C0C00031CB160625160041142432DB4C1525FD14
:10C0D000C4BE144D040B453045DE2723F07F4CCB06
:10C0E00024C93121E524CE591CE2F7FCECE9B3FB6D
:10C0F000D2142BFFE833F70852F8090718214AE851
:10C10000CDDFEED7E4F7CA270E2F0E9C0A2A0B309C
:10C11000E8DD38E620F162F2F806C61100C77503C3
:10C12000F20BFEF703F9CFF5DCF508CE121F10185D
:10C13000DDD7D1EF0D07F0FC0F10F71D19F4E7184C
:10C140002904F82C00F3E9032A25D920C1EB0C16A9
:10C1500021F512F0082A15ECF5F1FE230BE920F584
:10C16000F225FCFCFEE706950701BA05FA10F5EE8C
:10C17000141B09E921CD1DD9DDFA250AE13407FB9D
:10C18000F902C30300DBFADFDC07000AF829FE200E
:10C19000040FD9E10C0FF4FD0F1AF90418B4F604DA
:10C1A000F2FFC581E0F433088DDA2016D9E0DFED27
:10C1B0000311E9F2AEFFDCF3D408A4F6C3979FF2B3
:10C1C0000D212AEC0325050AC7DA2B23E50006D248
:10C1D00029F7AC04CE00060DB7C7D4F38DE7E0E82D
:10C1E00017C0DBCAEBF629F0DAC53FE930E30400FB
:10C1F0001107F130092D0A13EEE60CED0A160611AF
:10C2000000DFF0028109E6FCF3B9B500F13CF7F676
:10C2100002B5B411ED2EEB1CE43C1AE2000DB5F5AD
:10C220001D021C07B8FEF6FF00132515F822EAF8D8
:10C23000CDC926E0CA1F0100FEF50409ECF1020396
:10C24000FCF1EB070A04101EF510F7250B37090265
:10C250001C01E8F11B0217BD1F0A9DD80C2C261FDC
:10C26000D0F711EC1914DE12D6FFEBF742EE02F70D
:10C2700027F6E4F91A2003DAEEEA97ED0F2EF0CC58
:10C28000EBFE03E12AFCFC0FFD13240106F0E6A4FB
:10C290000AF6F80E05FE29082210120DEEF7E6F652
:10C2A000F00A0CDE28431D2BEA02FC1FC9DEF2D186
:10C2B000EAD61502FAD7CFF41CDCF5E5C6FCBEFBC6
:10C2C00004D711210CFD0EE1E0EFC7D922D7AAEA6D
:10C2D000D606044B1F2AFBF00002102DE91E1EFC9F
:10C2E000CCDCF1F3C7BCFDE5F305000CF6F6DA385B
:10C2F0002A1215290A231C02F3ECF1EB3006F8226E
:10C30000CC9719BCF8AD2BEF33D516D4020312FE2F
:10C31000200A070CDB05F8D703E918DA36D210E15A
:10C32000DCB7070B1DA4BB0C30CCDFDE192E37EFBA
:10C330001108EFD9AA040BCADACA1FF4EBFB384B79
:10C34000F5EE81990102191412FC17D5DDF50CCA1E
:10C35000FCF21A05E71707CCF637EB062F0BE9FCC2
:10C36000AD9612B531B45BC121FB15F8251629D065
:10C370000D05EB0CA0D921AFC5D117E0BCFB0B0A12
:10C38000DBA19DC0F63AE55306020ED521EFDDBADA
:10C390002F38E1DC14372BBFF916401B3D2ACCC8DF
:10C3A000D51BCAC802F8240DBCDFF51CE7D3A2E6F2
:10C3B00008048105F6F2F9F3EBEB07E9E015DEEE90
:10C3C000002EF4EAFCDF61FF141C1738F821CC1EA4
:10C3D0000F1DDC081006F40CD568DCDEDC08042335
:10C3E000B50C0D0C19CBDFE5CFAEF9341E1C4F1A7E
:10C3F0005733E6EAECEDDEF3E8D70EF4BD20FB0898
:10C400002DFCB21F14D71EF82B27FB2015D6EAE807
:10C41000D3EEE7F414E4FCC2D90E0B334BD335D77B
:10C42000C4FFFD10513A3EFE000215E107EBFD028C
:10C4300003E7F81A1AA9F023F64C22E4EC06921549
:10C44000D3F21EAD2DFBF002CA27FEF613A5C817C6
:10C4500024982C1FD1DA852001D0EA1B04F8BFF103
:10C46000E3D82C0129FE099F01F61AEEFAA9C0E4CF
:10C47000C3EE1937EF55C2DEF5E31DF40AF00918D3
:10C4800006C7CDA62007ED172827F408E6B3FCB4AD
:10C490002C1BFD330155D1D007E0385F150EDDF0C0
:10C4A000C98BFDE80433D7263B032B150CF4E4E4D9
:10C4B000F9E7E6FBCEEE2400F1EEF6171C0D17ECC3
:10C4C000D4A0D6D9EEBB0CE1C3F24B810F071613F3
:10C4D000FE0D17FAC3E2E7F8DA21B4CFE41B0D8FA3
:10C4E000F7FF1BC7E7DCE8E8D7C906CC21290E1BFC
:10C4F000D80DACFCF10BE0F7F31615010F3DFBD79F
:10C5000010333BFC38F91A01DC15B6070A3B690207
:10C51000F231F8D907C8DDD9F0F71A05FEDC513B36
:10C52000E40B1427CF0701640BFEE8F3FDFC1AD5DA
:10C530000DF9CDEB0BD6EF2EE1BC01DF28C50EF3D4
:10C5400007142FCAEF39141EEA1911170BB1CF1EA9
:10C55000D8CDDACCC9D3020E37EEFE0304042D1A6F
:10C5600023D4E71AF0BDDE19F8C212D112FCF3F1A0
:10C570000AF9A9DE018100E5FCA91CFDFE14C9141D
:10C5800035FBF51409E3211EEDEA2CE11DB9FD2E62
:10C590002402183DCAFDDBE00FDBE5FCCAE9DC0A3A
:10C5A00037DF3F22170110DC40D705C7F3BAF4206C
:10C5B000310B2400222FD90D1D15F20C45C4082B78
:10C5C000E7FFF006F80DBF27DCEB04D437B3E1C872
:10C5D0001DEF03F1CE0C2EDFF1019803ECDB10D23E
:10C5E00015F3C21CE400AB343708E5C5FFF0B01CFE
:10C5F000F90803072BDD0E300002CDE31AFC0FF61D
:10C60000220623E9F4D6E31EBBC6DEC7E40AF11E08
:10C610003A0CF9D5EFED42F3F419D7FBCFDAFF2549
:10C6200023F9041612B4E00F1DD4181D05CFD2F95A
:10C630001028FEDFEEE5F90EB9DAFAD0E4BFE4FD2A
:10C640001039F4E0EC14FF2CF5E63607E4BEF21ED8
:10C65000D42CC8512DC2F717FBE1A03A15D6EB1C1C
:10C660000BFA241F2EBF10C5D1EDB2EBE5EC503212
:10C670000DEF0430083508E505FE1E42CBFCE8ED61
:10C680005133F62411ACCBCC102711E0ECF1041897
:10C6900015D21004162C3BEE00D225441C1F6BE76C
:10C6A000DAB7E5BB3B19CE2A0AC3FDDF2DD1050F52
:10C6B00018BE06FC48960CF618CC42EDDD16F8269E
:10C6C000D9CBD0BBEBE7E0CFECFD0B0CC9C8E3083E
:10C6D00025D81E8EFF81BCAB1003AC28E6EB23FFF0
:10C6E000D001091F3DC92889E9CA10E5390A3C5A19
:10C6F0002F681E463EE3312CD64E100CFB18100D51
:10C70000E02127EAE9A9EC0CADEBDDEFDB12E70154
:10C71000E0ECEF1F1926E2063809D6153514FDE3C3
:10C7200035CE160BEF12F50B37F622FDEDF0CE05E8
:10C73000E10139B617D5FDFF19FF0BDBEB3C2C1ED1
:10C740000FF609081804DD30F3250DE6DBFD20FFA8
:10C7500018F91CF325F9FAE602F8CFF408F91305E5
:10C76000DC1B40E713360847E9143DD5DCF623DD32
:10C77000E8F61D3A04F2C30FFDF5810801F4262CFA
:10C780001A34EB150CFB2727F500122203F720E7DC
:10C79000FCE2D9CAF635071B1DD9CBFD16FC3A447D
:10C7A000112EF3E9FBD50DD6F513C8FBD2F1F8BB7A
:10C7B000EDEDDBEB08272529CA08190ED3EE56E16B
:10C7C000E200F303F2D204BCF00BEDECE71101D769
:10C7D00001F2D4DE00BE1A0BCDFC0105E90A26FAEF
:10C7E000E1E1FBD9E7D70DD6B20EEB2B0221D40045
:10C7F00017DDD0D6EEF8FFE6BAF3D028FC14ECE251
:10C80000BDEC18D15809E65720054D972A074BD0A3
:10C81000B02233FB0EE500BE440EEB1B54F3110AAD
:10C82000D5C413E735E72F0208EE26CD36D634D728
:10C83000E8392704FA04FEFE1B06C6390236D8DCA6
:10C84000F9F02FD21CCDE921E813FB1A2FF600D9FD
:10C850003AF9F8F6F726120D25EDFC1936CFF40D4E
:10C86000BABC09E6219FF62C150ECFFE04E038EE87
:10C87000FCCEEEEEE0F5AFEAC41116E584F5FCEC73
:10C88000B5A6FAD0E0B6FEFAD5F6DCEBA6E103E9F0
:10C8900011F9D3B4ADD7E4E3B8DCC08F8AE881E600
:10C8A0008AB62E06B11622E4F3EE1CDCEDFF9E0FD5
:10C8B0000410170FF5F0ED29EB5E050AE0219C2925
:10C8C00019CF51BD20FBD01E0B0F0DE72BC4BB2E83
:10C8D00014D90A3CE205C1F520EE0EF70839F8E755
:10C8E00014A73CF3F83210251333F80206D208D30C
:10C8F000C29DD4F8D6E6931D1DFEC6461A0BD9FA82
:10C900002BE42D11F62CED212639F908ECE7FF2A4E
:10C91000DDC10AF4C4E001D916A109EFE61BF6D186
:10C920003EF92DF7011FA495CF3DEBC8D527F9DEC1
:10C93000D9F1020F360F52CC29EFD9220E3265CF32
:10C9400001FB2118F831F2DFBD63B00EB01CCE2D13
:10C95000C1B52C534AE2EDFC14130B1E3202321205
:10C96000D1C4CB0C17A3DAB1CD0EAA3306DD13D692
:10C97000DDDDE3D1EF1DB3D31924B86F2CE215BC74
:10C980001ACDDFFFF7E2E0C74106EB00EEF625F136
:10C99000DE053B3D400FBEF118030E3BFDFA3702AA
:10C9A0000B1118FD17DED381E6E3E3D2C534232C47
:10C9B0003E46F7380BEBCF4716C9E057DA212E2059
:10C9C000FFB8DFEBF2DA18EFEB0FD54D080E41E0C0
:10C9D00001EB09F19BFB2BE20DE2461CD504E5F7C8
:10C9E00007AA1ADF0EFD3CFD0BF31A37CC00FC073B
:10C9F000F7D3F6FD18E2000BE6E61FFC180F25DE64
:10CA0000031C21FBF8F74CF421EFEB05DB09FF29B0
:10CA1000EB0D16F128D21009100BE6E5FBEBF9003F
:10CA2000BDED17230BE1FACED1EDF0020BD207DEFC
:10CA30001F4C0525320D132FDB252AFB1F41BC029D
:10CA4000DEDDE20CEDBAFF06D6F12D00399EB1FD18
:10CA5000F3012A0B3BF6C410D3FE2A1319DFD1F1E0
:10CA60009DA126B92D05E42E1C8F04F4E8E7CEF431
:10CA7000F113E806B0F7FDF5B4EE1B8CD545F8D6FA
:10CA8000CA81D88814F6ABFC1DA6DACCE1233308A2
:10CA900048F8F9CABD29F30AB30512BC030FE43400
:10CAA0001F20EA0B39DBF43BF8C5DD25816411FB5F
:10CAB00033C4D00BF0203733C625140FF8DBF10454
:10CAC0000E291DF73DE3E323F2FC48E2D3C7AD088E
:10CAD0000EE6F9E80B2F2C0F01451E2A0927F00955
:10CAE000FE0AECF9ECFBFF141A0F402FF5E1EB08FE
:10CAF000F2D003202C100C18CFFDEDF9093BDC100F
:10CB0000E3211C0F2912D5D9C4F70ED7FEF70C2C40
:10CB1000E503F30231FD1431B60BF1082D00C51108
:10CB20003531E30505DD01090F0108CAF5F128B526
:10CB3000D1EEFAEA0DFE05E90E1414F9BCF6F5E59E
:10CB400013202E0FD504F0241316F6FBEB1E24053C
:10CB5000C425120F15D51AF8F2E7F0DCD8FD24CB66
:10CB60002811232F14EF1DF3170F150A0D0C1FC0EA
:10CB7000DAFD1324101C1A13221D430E07DF1C05B7
:10CB8000F0FAEF12F9090CFCD1BB850A115FFB1812
:10CB9000C081F235D7E3FAFFED14F2F4DFE3BA25F2
:10CBA000FEF92D14061406FAFB0705D109BBDC1C9F
:10CBB000DAD234E1BD0DF72D0EE5EF241100DF25AB
:10CBC00003E4CCEE01F6EF2F0110090E2F00190837
:10CBD00005E2FE232845FFC40EE4E1DB280D0C0A24
:10CBE00005ED16080304B01FF42C11E7E615F0F26A
:10CBF000F8F407FE140132D109F994FE023608D187
:10CC0000EB00F3F0E6F40812FD1416EC08F5E3D09F
:10CC1000F3F123ED04D10DFA2D1C0FF5FCF6E1F72D
:10CC2000D8071005FEE71108FAF50AFC1DFEFCDD29
:10CC3000E7EE10E722E10E0006E500A5FEEDD6F2D4
:10CC40000FF5160A08F224E4E001F5D2DDBFF1FA8F
:10CC5000D710F7DB18190239F8F922F8C1ECCEF534
:10CC6000E6F4EEFFFDB40648C1F500E63525492798
:10CC70002C352719DEE90107E102C9E7C83F791120
:10CC800011F7393D43EF14C1F8B5DB0257F6EE2B2F
:10CC900002B601104B04DE12E970F516E932AB4022
:10CCA000EDE51901C21115E71C2E013348131FFBD6
:10CCB000071C1B5D06FFA3DC0A174814E917A8E848
:10CCC000F2F7FBDFECF3E4F812FD0DF4DF1BF1CD1E
:10CCD000FF2E0142E90914E00BC6131103CCE2E870
:10CCE000D625F52528C51DE9D606CF1CF0FC7FF614
:10CCF000192334F40E002FFEAB2D18E9E1B23603F0
:10CD0000C860042B03D4B92495ECE23C165147F9D2
:10CD10000607DFF037F8F4D5EC621B2FE74907E888
:10CD2000B71FE4FF0FB35639C321F227060B29FFC3
:10CD3000FC18CC15F632CB8DEF3B142CEA26F7C04D
:10CD400003E9CE2C041DFAF7140FE41909D72113B7
:10CD50001CF80D0315CF00DEFBD6E6BE1526030B2F
:10CD60001FF6EBEC13F0F7D7B0CA02B9FE140215A8
:10CD700004070EE3041403051FF9BF27D9030A0BA8
:10CD800008FFFBEDC2FB0C12FCFAE701F1FAFEEF23
:10CD900011FC20EFF613C70508DFDB02DEC30F1915
:10CDA0000511FFF8DF110E1FE9FF07FCEB1411D589
:10CDB000FF0DA4C01B021611FCE5F6E5E7EF111507
:10CDC000140B0417F2F7FD02D305CA02D52F1AFF80
:10CDD000DFF281C40F000905F92210FAD90E1A06F4
:10CDE000060BF00020F40EF2DD190AF7F607130225
:10CDF000E005D70505E809ECF92A070E10FE05EE57
:10CE0000F0FEEA1C161A09EBEDF9EB23EE03FC0920
:10CE10000B03E014FBE101F7EEEB0E0A16EEEC1645
:10CE2000422BF4F8EAEA29F50619AAFCF1CB57FAE5
:10CE30004D19552F05FA9B0011D2003232D90C1B27
:10CE40001F523D112DD53102051CCBEBDF9910C8C7
:10CE50000ED315C41AC8BE0A37BCF80D28BBEE5154
:10CE6000CDE4F1C2BBD5F8FB98EB93E7C3F4DCCB80
:10CE7000EA9FF6F9F214C114261FBDE1D2CDB6EA3D
:10CE8000CEC51003811CF5E3A2F50CB8ECAE9F1FD4
:10CE900094B214ECD426D83AFE132805E61DE1BA64
:10CEA00011E727E212F90819EF0B1F2BF4160BFC00
:10CEB00006CA1127F22F232301111F07063B2C1549
:10CEC000D40936ED0C1B8E96BD2FBEFAF1041C045E
:10CED00009EFDF0F240BFDB1D237AF230919252548
:10CEE000321A030AE2EE32C4C71A041F031EF113FA
:10CEF00024BECCEF5E2702EB3C28653118402C04A1
:10CF00003011D8FB20F2CE01F0FAF7F017B0D93F7C
:10CF100002E3FDE85059DE15DC57C23009F0BD1AB6
:10CF2000362FEA1332F8B5A608A003DE1B16E52B50
:10CF3000CCE42D1A06394C32F00C1D3D370D31FA78
:10CF40000C02E80FE500B7D1DCCBB4C3191EEAFB35
:10CF5000F9F3252C0E2354E70CF5D7EA0AFB32F639
:10CF600038F9D9E681E2A23401F3BEADD9445504C3
:10CF7000160500AA1ECB0AB55FC50F0E9F0500F46B
:10CF8000F2F5E0302EE6AF22F006FED317E421F8EA
:10CF9000362B0FC722A6DACAF213EE221BD9CFE135
:10CFA000FE2923150EE45E3126C6012A2EF73B1614
:10CFB000D9D1331FFCC8EC22CE403A2508F95BF2E8
:10CFC0001E241A06E46DF61E07511F0947F9F90BD6
:10CFD000F313F829192D2D12380A30370F15CAEE20
:10CFE0000C00F308ECF3A642DF2216B1DAF5ECFDF3
:10CFF000E3B8EA062ED7F30058F80C2FF61502A472
:10D00000E1CC28070F11341D050626201DD9080282
:10D01000DE12181B061ED3110AF3EF37E43EE29B23
:10D02000EFEA25EF031E0ACD17DA1B3629F0EC17BD
:10D03000F607EEF90CE707FE0DD3F8172A1CF218D5
:10D0400000EA23D6BFDFE9C4B6EB0DF91E19000DC7
:10D0500024EF08260E18EEF236F7D9FFDDD8190BAB
:10D060001D03A6D1F3B7BF26F13324F117E90B93C3
:10D0700028EFD6CDDA03D9A9EA8100DBEFA4F3E5E6
:10D0800025F2BA1839030FEB262F1BF906EDF6E847
:10D09000222510D524F105F228FDF3090C1A1312EC
:10D0A00022F5F1FDF2042B0909F6ECEB14E30E0670
:10D0B0000FEA12F00A012BEBE31BF2F9FAF20D135F
:10D0C0001F01BC302B3AF61426E6DE2E081819D1C3
:10D0D0009DE220F5B7BD1DBBEBA1F9F102F90BF103
:10D0E000F2F4D7010716208112CEBFDDF30BFC0549
:10D0F000E1F1FBDAC9F7FAF50DE6FFFAC9B3EF285B
:10D100000DD49EF2B7FAF6C61517F206020500E135
:10D11000EFCB1AD6FC0EA41CF2F90AFB01D9FFD9F9
:10D120000605D2EBD60633E20B0C03F7DB16D30A67
:10D13000E6DCD7FF05340216092625FE0FFDF72C85
:10D140000BF6F6080701F8ED2806FFE32C1A1EF986
:10D1500017F61712F822FB08F518FE030F252726ED
:10D160000EDCE20403E03D04EFF6FA07DC17DDE530
:10D17000000F150DE31006E9F939F112F6E6E604A1
:10D18000F9F11ED7F431F4271BF80318F5F3E21771
:10D19000F904190605E71AF7EFC9EEE60516F514C6
:10D1A0003C370D0731EA173C0AEDE1BBF644E10ECE
:10D1B0001C4ED5E3DBD04DC9370DD9E991F8F63ACD
:10D1C00012E0D1063C18DE1B112F30E308C8F3A98A
:10D1D0006918F90A0118DFF9EDC4BB384F9EDD0666
:10D1E000CBBCEADC00F185E810CD31FADEC1CC968B
:10D1F0003CF4D70D0338CFF9F6CCDA3102CE13D593
:10D2000008F99AF1010A93B826D41AE20E272FEBF7
:10D2100035F4F7E9EFFBF12ADC4403E1104350EA6F
:10D22000FA13D509DC0701D409F5CBBC150B59EF6E
:10D2300028505DEA14E1251C113732F1CB253A184C
:10D240001206E3AA00C1FA1EEC27D7C6EC2A3B045B
:10D250001411FE1A1201DFE025E1200AF60BF0811D
:10D26000EC20FD10E8102A25D11EDC46F513210123
:10D27000F11EF74416A597C8F4FB11DBA5F1F8DF02
:10D28000D9CAECE013C42B10EF00EE1CE3F225D456
:10D29000050A02FFF9F2F1F1F9D9FFE9F6B132FA24
:10D2A000DFF90CB00EDEFEECE8FBF1FDE91206E85A
:10D2B0000C10ED1DEF091D27050211EC09F30616F0
:10D2C000DADF02D91DF40811E50500FEF712E427A4
:10D2D00016E6011118FD0005FC18120820FDFDF1ED
:10D2E00013D8F6F621F5060117010D1EF2D7DAF66E
:10D2F000DCFEF00E0A13E2F6FD0A170D121DEAD548
:10D3000005F9F109F20608D40FE7FF1D15EDF01835
:10D31000FAEE1706F705F8FAE7D81F13FC2212D227
:10D3200009E305EFF4E7D581F0FF00F80F111213C0
:10D33000050C06FE070D010DF8F313F0260CF61090
:10D34000F211DDD5B2C8EBFAE1FD0AD01F131F06BA
:10D3500012F5EB050008CED7E5F9E5F3E7B1E424D3
:10D3600021C0DFFD81BBECE101D7E0D8C3F9E000CB
:10D370002308FFE80CF9AC2400EF07E419EAC7EE34
:10D38000DDE216FFB6FCDF39BCF6F7E72FDFF00071
:10D39000F503D7CE14DEEE160B13CE30EF25E6CF15
:10D3A00036F5DEF6FC12C547D4E2CB1D1DF00CF6B7
:10D3B000F1A0D7D9D90CCBF2F8C7EB9DE51CD1F77A
:10D3C00006143A2C3735BAC5FC0E2AFFF00B060BB3
:10D3D000B0E9D6F31D3D0F110CDAE910F4180DFA7F
:10D3E0001802C427D9EFA60B171BCD08D803AD0030
:10D3F000A3C321EFC2082215E228BCFF20D10E39B9
:10D40000122820ED03FEF7EDF211F0F1FAF8CD0F3E
:10D41000DBB6EDAD0BE51C242141BB20FEF3FE3451
:10D420003809E1F4A7EAFC04E7EFD6F50115E9189D
:10D43000DEDA06300BDA13D31BDBCF05100BEBED76
:10D44000FF15DF1507B61B2801041B13FCE917E5C0
:10D45000E70002FB1A07EE1923FC1912F9110E015D
:10D46000D818261031BB07EDFA1BEC3306D803069B
:10D470000B2CFFFE03F7F9F6C6D90CD4010400F912
:10D4800007FD2C1AFFC818EFFEF9EFFEE90F16C0D2
:10D49000231DD60311F9081701F81C14ED050FED33
:10D4A000D2A9FE02E5FDED28F9EFD006E7F7E60286
:10D4B000CD81ECE3F4ABEB0CDA0828F6F00692DE53
:10D4C000F2CC0CE518F3081009052725F6141EDA2E
:10D4D000B7F4E60CFD4DFFE519EDF509010902E988
:10D4E000E7ECE607FE19D8110F04B3070B09FF0399
:10D4F000D5C306F4FAEFECE9DB100DEA0527E0EA04
:10D50000F30515F42309E7D7EE03101CF603EDF439
:10D51000D5F706F2162811F5220E0816171404F88E
:10D520000031F0021CE628F5F1FA120404BCDD0C0F
:10D53000FDD7CD081A0CDDF2EFD104130DF3CC1991
:10D540000B18DE09E80FE3FC30D8151F34FCE0EFC0
:10D55000181EFB17F53D33DE08F60E0D1010EEEC2D
:10D560001A1A200A011CB30A18E3F2910915F230C5
:10D57000DBE0EB1824EB3F2705E63CF425FC1B2BF6
:10D58000231402172BC822190CF6D3AF00297FF5FC
:10D5900000FE24F311E7CFF3EE200A0E16DE472A31
:10D5A0000BEFCBE301E41402DC16AFE2F2EE31E55F
:10D5B000163EED09061AF3F82518E2280233F0F8B2
:10D5C000D6E9EBF5FC14041717ECF2EEEDB201F01E
:10D5D0000A25EC1C28DFEE0B0B0C28E90A31220887
:10D5E00017154315FD5FCA3F1115EEC8F2D5DBE8EC
:10D5F000DFC4D6120CDEF6E539D809081A41E0BEC0
:10D600000B09E6E11DE4E22CF7EF00F5EDF713BAA4
:10D6100012F6F3F801171FD4E3D6FCFFE0DC28ED87
:10D62000070BD70610FF0A0411E11D0228DA128148
:10D63000EA16E9F901F028E7D7D81713F801382CD2
:10D64000E60ADBB7FE061B1FE80B08070003E30C26
:10D650002BEAFFEB0591F2D326F00906F7F108FC5F
:10D6600006D201EBFAF605F7FFFA0DE40B1D1411D3
:10D6700027010A0C141099FEFDF7100FF1CDFAEBFB
:10D6800010FCEEF801F006C61FFB23CFDAFC000009
:10D690000AEB1A0B2D1F1618F125081029F007F5B3
:10D6A000E81117FBE9F30300D3D9DE241EF8F419BF
:10D6B000120113F9030422050C15F6F70C19F7E40F
:10D6C0001B27CDFAF2E8E201F4E8E62D18F4FDD3C9
:10D6D00006FAD5D1EA1102F6E7ED16DDEDFBE8F822
:10D6E0002E26E7251B0FF4D935BCE5A7CADD212678
:10D6F0000D2A2BE11210145AD4F5F74221CD352B07
:10D70000F30817FDE9BEE3E2FCD2C4DF2E0B17F3EA
:10D71000211AEBED141708FA02E32CFFE53D0CF299
:10D7200026E9A329EEECA7400622D3CB10A9DFDF20
:10D7300007D70DAF02F2A7821AA4C4F7D509F1D911
:10D74000D9EB16EE03D615C220C3260131DE2BC15C
:10D75000F22513ECF2B710E9E1BD37A2E4DE510087
:10D7600002E10BFFFE09EAEC060F04812FF9F71125
:10D77000FD00032D20EFF1E93F450F254131EFDE9C
:10D780000D07EFE917EB2ED407DC01FD1F172E3B29
:10D79000ED2E0A17DFFDA4D9F609D4FF27E1111FEA
:10D7A000331A1E2703AB22EFE5EDCFE50F0721EE7D
:10D7B00022E6D7121904F8EDE8F9102920C1C9B8FA
:10D7C00023EE3B0ED406E71CE212D9C5D1041F0696
:10D7D000FCCF134F1404FA0513D0C61948A514FC46
:10D7E0000920531DFFA236E5C61BAB00ECFDDB266E
:10D7F000F720DDEB343CF7CBF3E8F3EDC40D36E076
:10D80000251EFCC930812BBB1306DAEB1429F50762
:10D810000024DCBDF4C51EFC164EF6EBCB0B34E346
:10D82000E9EFFF07DAF4DF16DD0DB7101113F93851
:10D830000A570341DFAD0A0105DA173606D6B4DD13
:10D84000F6B419DC27C6F6DDB40704EC0AF2E71CCF
:10D8500014260333D328F6B820E4BB2CEAF3ABF04C
:10D86000D2F245E2590FF5139D049E48B648E1DC1B
:10D870004B23FE0202F236D8D4D00B04DB19D8DDDC
:10D8800003C7C3E924D4BBE7CDDDB11A9B0AF74F28
:10D89000EACF07E523EFCFFF06454CF9F52EAF1E83
:10D8A000F7E81E4F3AE9F7EA1CD5E3D56EDD3B27D2
:10D8B000CA44E4143EE31843342E11E7C82F100D78
:10D8C000061FFE0A29B0CA7D1A42C5F02DF9562C52
:10D8D000ABD50118F3129C891FBDF3FDFCCF1711C6
:10D8E000101625F91081E4AC12B4DBEF01FA6A03DB
:10D8F000D5E1E2161A14DDDAACA21245C7CDACD9D7
:10D9000011152C1FD3393ADF3C6E3BD4E2F7FCED06
:10D91000F6E820EF2633FA176DF1176A4FE7FFF5A7
:10D92000F1CB04D2D3CD52FBD91EFE0DFF005DD446
:10D93000E10A0F0123FDD5AC91E6B5DC27BFF70E58
:10D94000C738C8E709CDD34DB1EEE5E51503EDCDF8
:10D95000E0A41916F60A77EEE111BD2718C8ECFD10
:10D960009825E9F1F6E856FAF8ECDDF6B9F54D1E22
:10D97000384533F6CA05E81D23120606D5F2E85DE0
:10D980002FE1E1E82606CAE3112926C6D70ACCEB27
:10D990001BE6E1D6E2462C1C0804F032F8B2104D2A
:10D9A00001F5DDFFC91623073C262F09DADD021930
:10D9B0002A09F1D512FB23020625CE0FF4F7EC005D
:10D9C0000806EB0E23203FEB161EE40EE83500346C
:10D9D00034F9F10F39E326E4ECEE0CD8D76243FDBD
:10D9E000EC29F426E9DCFFE4CD03F0120FFAFEF88F
:10D9F00018FFFE1147CE030E23070835E9DE1A048F
:10DA0000D4F7D9D0CBD0010F96E61730E7CFD2DAD2
:10DA1000031189C1CFDBC315AEE8ADFEC6A6D702A0
:10DA200009FE27E5EEF5E41EBFC20A07D93F19F546
:10DA300016EA81E8CA082B1AE3FCB6EA9CEE1C142D
:10DA40001C4DF6160647BDFCA2E724E9C431050FBC
:10DA5000F7C6B5D9C8D02300D815EA1AD119F40FE2
:10DA6000FB19B11DC2F01100EF125F152920A7F4B8
:10DA7000F51122A2525DD5253FE3E737F344E14695
:10DA8000C7D5EBB1306B20E900C4EC2CEAAA3B000F
:10DA90003A41D2136FD2B62597CEF308CF0DE11BD2
:10DAA00032EE0B1F2C2B4347080E2413ED83F6BEDA
:10DAB000FDDD312576DFC8270E250F3B2BE9F20867
:10DAC00008D0DCF5B4F3DD061919033DBE9ED80677
:10DAD0001D5B51DCD520F9F612DDC9DFCDFC6AE112
:10DAE0000CD12BDCDEFCE808EA8E4F89FABCFF364D
:10DAF00002000F4631E8D05E1A0D20C8BE15792706
:10DB000022135CDC194DEA0CF2C308A500EB132EBE
:10DB100002D6FB1227EAD0F71EC781D6EF301CF1E0
:10DB20003E4C5D63D827CA052BC1DEEAFD0A421DC3
:10DB30000248C0CC1AF0DF590DAE1F9CAACA5E295C
:10DB4000B5FD2AE1F6CB2B001C2B30FF2C03F9018D
:10DB5000160007010A1B2624FE25112E151EE712AA
:10DB6000DDE2030F521FDD25E8282D1B46E010BA29
:10DB700015E8FB1BDEF009DAD1AD19F410360DFF04
:10DB8000E1F931E418D2D21212E613D60CF6CEBC6B
:10DB9000C0D2D000252201E1FFFAE40FFBDA01BA7E
:10DBA000A2E70A128DE31411F0F2D0C0EEF0B03EFD
:10DBB000B4851FEDFABF142212571F06F70E81C05D
:10DBC0000CCA1CD314EF220904EF0D24E60BFCF65B
:10DBD000D332D104362404D122091EE71A04ECE022
:10DBE000EF08ED41E2F2C43B281F8B3BF7250C25E3
:10DBF00004DCF6E5F2111511D703E5FD1207FFF27B
:10DC0000D8E9030417FED4E0F5F30DE82FF30EEA8C
:10DC100015E0E0D4F4FB17F8FA23DC200AF0CA2858
:10DC2000FC062BF9D419EA0FBE1407FEF20ADFF541
:10DC3000C3F0D0131D0824D0F904F6CCE429250B39
:10DC40001B1C150521110BEB18FEE20DE90F031645
:10DC500006F6E3E9E0FC0304EA2410F7FBEE2807EC
:10DC600000E918DDFA40D6E4001DE4F4F4021222C3
:10DC7000E313EE1905F6149DD4EDAD0B05FF14E783
:10DC800035E9FF02E201FAE4FDF1CD0D0618F8ECEA
:10DC9000F1CDEC1E1BFEFECC0606F90EFBEFEE09E5
:10DCA0001CEB22FCD9FDFE01FAF881F6DDF7F8192C
:10DCB000B4A8B9F4E90111DFFEE8FE0AFCF108039B
:10DCC00031F3E1FC201402E5250C020C201E1AE4BD
:10DCD000D8F926E3DE18F0F41605F6F9FF03E7F9A4
:10DCE0000511FD1FEB11EF090C16E70322FD210BB7
:10DCF000D1060F1424E5EF9E0BFCB50F1DF4FB09B4
:10DD000040D1EC1A0BDA23E7F4BB0D364DD814EAF8
:10DD1000D8E8C71D2059D7D852EBA7260B121E0AE8
:10DD2000BDF933F4CB0BD3DBFDEE280E174CE0E34B
:10DD300022F8B8473C5A4BBA15FEDEE010291AA467
:10DD4000A8E9191DD6D1C829E8F7C1E3E421E20802
:10DD5000CA9ED81810DB1F17FF2948F7E9F1D0C574
:10DD6000E50DF6CB2004FBF226F9EF3A37F936D56C
:10DD70002F38F50BADEC03CDF014F7F3E728C9FF0E
:10DD8000C7DD142901F1FA0B07FDBD2713EB260AA5
:10DD9000FB480E000EF713A299CFA205E31B1FD27A
:10DDA000E9053AFDF58115C0AA12F733EB1F01FB17
:10DDB00021391A2B1CF22B17EAECFA3214D909C4B8
:10DDC00097D3DFC4C9D72413A4EA06D7E70EF1031B
:10DDD00035F3EEDDCC01EEE1C206D308D2F0B1F3AB
:10DDE000CF17E0DEF61443DEA1DB0852E9ECFEE1DA
:10DDF000FAFBF3143BE5E839FEE3DF173415E01CCA
:10DE0000E30FF0CA45201720D6A5C8EAE41A2CDC97
:10DE10000BF0F3FE33CEFD05E03CD40D14D51DE22E
:10DE200016A1D9DB36DD0DF900FDFDD0C5ABFAF545
:10DE30000D10C02711381E4115DE1616F50932CC1B
:10DE400026D3161A352B092C1EFD073DF9FD0D268C
:10DE500006FCFA193FE30A39109EF4F20F133E1E36
:10DE600003242CF4191ED6F93D06D5F40CD7E8FE90
:10DE7000D3AC39E6F7D4D81716D6E7C30912224433
:10DE80001056D707A9EE2DC3011833ED01C1F235A5
:10DE9000DDCA009FFB002D190DC91FCCD20614301E
:10DEA000EF32F419B3B916EEE2F1F6E1B7DAC1DFF9
:10DEB000F512ACD60811033508ED1AD0B681061C50
:10DEC0002EF91212FDD8F23017FCC836EE23299431
:10DED000D329C7042981D788E3A80CF4E612BDD85A
:10DEE000D70D141C4A1C04D0E308EB0B45C1BA0043
:10DEF000E603FB2B14EEA9FBCD18024D01D7E20679
:10DF000004ED21F204C84ED20DE9F119E9FA060F29
:10DF100003F62802D53FCF09DBEA0EE33ED30536F0
:10DF2000F00DD6BFFCB5C0D2CBDDE412EA433E060D
:10DF300046E11E09FEF73716F678F918F7EC3C179C
:10DF4000DBAB22DC30F2D23A0A070018E3260D02DE
:10DF500010E1E1CF0F19240925FA11DD1FFFECFBB9
:10DF600000CCF0F60D10D6070F08EEF609D4AE1A65
:10DF7000B9A610F7FBE0E5F4E42CE113E52B0DDA8C
:10DF8000EFD00814012719DFFBFF192217F314043F
:10DF9000DAFFEC09E931EAF107D3EDFF072F06D5E7
:10DFA000202DDCCB0BD7FDFEB65203FFEFEAC1F507
:10DFB0001CDC2D1D394A01F84D4CEF203FC8F604FA
:10DFC000A6EBEAA9F089E909980311DE1C8DB2F2EB
:10DFD000D500D2361E05BDCAC9DDDB2804DE81BBF3
:10DFE000E1922B96F106F118D80F1D2E0C13EDCFF0
:10DFF0001C05DA2802D30ED51ED202F5E21BE1C2BF
:10E00000ECB107AD31B8A511D3F91AE6E81D440EFD
:10E010002C0F0CF6DE191DE6092B25EBFC0534E66A
:10E02000C9F401BD42F10BF7E6E90FFBF9FAF9116A
:10E0300008EACFE91A0FF5F90B372C1AFF1D352125
:10E0400002F915E0DF172DF8DA07FB2F270025046A
:10E050001E26EDC5D9FBEBF80E0BFB081234082089
:10E06000DADA12D6ECDBFBDCECD3EE1E0340230B3A
:10E0700020F2D11F13D3D4F9ECE50F10FD25F3E402
:10E080003409400E46BF4CB210CBABCF392B61F8F0
:10E090002BF63507F24513F1E9B871F50007481D75
:10E0A000F80CB12CD9F10DE6F85BE3D6EC677FBC38
:10E0B0001BE41FF41113CC9C18DE3CDD3234EDDB85
:10E0C000D9FCBCF311B74A0B1C4929EC252560B3D8
:10E0D000EC3721FDF1B3EBD12F0D00D0EFE04EFF77
:10E0E00003F7FF0C0D1C413E4E34DBC2F0E038DA82
:10E0F000F3E5C1080228E0E4D3E8180B17F6C6E4FC
:10E10000D310F51D1A3112DF3B152907CBC9F1D603
:10E11000C512E03B3CF5F23114E8F63F2AF7261F22
:10E12000101F1B07632E24290510EE2FEBFE1EF493
:10E13000D806D5431D0703E7D2EEFF20E72FE8FD01
:10E14000B9EB0001FFCAC2B2E01A20DDEFF0E6E051
:10E15000F008FF3712020901CAD40B30EAC01BFBDA
:10E16000F3D601D9D819F21CE5E209E60F0CE41345
:10E17000FF001DF6FEF71DF21C15F501042312DD4C
:10E18000ECD83CFDEB12F01AE516F83208DEE9F4A3
:10E190002831F906F515E40A06EF02EC1C2610C436
:10E1A000F6E502F7FAE8DE1DF6F4F71E1BDDEDE7F3
:10E1B000F7060FFDFE0211E5DEE9EDF0CC050FB626
:10E1C00002F4140008ECC9D9FBFF041408090B235E
:10E1D000162C040900F61EEAF50C0B03F848F9FBAF
:10E1E0001945EB2CC6BC02151D2007E908080DBC1B
:10E1F000102B1026F6EA03DCF8FA08E514EFCFEA54
:10E200000D0ABDE2EED52055CB0405FD0ED6FEBEAF
:10E21000F812ED0CF1CFBAB0ED810FFDD3C1C5B549
:10E2200013E9EDF90A191E1E17051BF2FFE2FFD4D0
:10E230003618102E1111070D00FF0320FCF71309EB
:10E24000EDCE162323EB1FDDF6CF070D1C0631DACA
:10E25000C3F8FD3019E3BC2A11FC420918EEF3D9CA
:10E26000D0E0E7F32EF813E505DF2D2E291108DBAA
:10E27000F2D2F5E7FCEE08D30AD344F3F1422EDDE7
:10E28000D7DA0DE6F9092B21FF11FA1AEE1F34280F
:10E29000131E0CBC25DDFB1FF23F47E8F24A16C9EE
:10E2A000C9EDED12DEE62513E013C80EF515062DB7
:10E2B0000020FDE445E8E32EF44F22103819C80F82
:10E2C000F422F1F3150CFF31061C057DECCEDEE0E7
:10E2D00007FA1C0BC00581DDEBCAC60E11ED08E381
:10E2E000D7270DF23836F8E11D1E045409E3F90D65
:10E2F000EDF62DFFE401EEFDECBFBCEEF902203A95
:10E30000F707FA1A01F70AF60FD22FF625D0F514FF
:10E310000EFD32E01014E2401D22CDFF08171A193D
:10E3200016072339D6170ADC25FAF40AFF1915F166
:10E3300017EDEFFD03FDE701113023E20D3230E070
:10E34000F4F7E10C26041D02E1DB16FC3AF7E31EAC
:10E350000A0F32EC04E1ECE71D0FDFD2DCE7E7380F
:10E36000CCE127FB2E180BE4F9CBDBFB0981FC0188
:10E370003B36E227E532F3FBBAF6F91DECC3BE29C2
:10E38000E9E30ED2ED1DAC1E2DD9F201FCEFDEA5A6
:10E39000090CDD37050614FD12E60D2620D9FAF723
:10E3A00012D7AACD1510BF2C49CCF0CD33301CDCD0
:10E3B000E2D90603D2C141F5F8CE0ADEF4F33510F6
:10E3C000F7BAEDF40BCF21CE3DFDDEAC07342400CF
:10E3D00012ED180CE5E6E5E10C1E0FF403033F1304
:10E3E000F2D3C7E6E7E40FE7F931F41C2AECF7F5BE
:10E3F000290109F6F7FECBC8ECD3EE100801CA01DB
:10E40000F8C4DEE6D9EDFEFECF0AFCFD32F3F6ECF1
:10E4100029D53725ABDEDEF434B0DACD06EDCC03FA
:10E42000F703CACEF5FBD7E4C00709EADCA20BF577
:10E430002DFD45EFD729CEFBEEE4C4FF1EBD09FC40
:10E440002DF71C0B102DF60B3BD02B0501C8F4B19A
:10E45000290E25A9FF1AFF160DD7FBC12E00294C46
:10E46000FF1EBEE3FA060924E40FF5951B0ADDE55D
:10E470001BFAE08108B53E03FBDEE9D6D313EE10AC
:10E4800001F1A9C9FFB83930FF18F1F90A0D2A9432
:10E490004A37C71C260FC6C0EC9F282CE7E5071992
:10E4A00003F099BAFE234AF9EC2B19EDDED808DB0C
:10E4B000F813FB2EFA1CD6F8E40C250E12BEE7F575
:10E4C000DC05E11CDB08EECFF5FFF4D3F405F2EC3C
:10E4D0002C110DE5F734002007470DE6F605272837
:10E4E000D43DE714C6ECF3FCF4000E0819C1E1CCEE
:10E4F0002822DACD23CAF4139FE8F6D10302CD1CFB
:10E50000D91C26FAC6F7C25FFC16EBEAE681A6F034
:10E51000E8A8F3D0E5B11F03F2FDDE06E60FCCCC90
:10E52000F2F02108251D290EE1D7F7E166CE1A3851
:10E53000F1090413D2D9051DE9EAF0D8DDF70DF78A
:10E540002512090C21CEE4B308012BD30BF619F6E2
:10E550001D0AE400F4F00AD00EF6C222001F0F19C3
:10E5600000EDF9F701B4C817E408E3FD07FBF9D2A1
:10E570000022E2362803E3E8F2E0F713D5E601F1E2
:10E58000FC250EF4C1F50A18EA2F0018EC052E2020
:10E5900013D4F900F5EA1EE80334DB1C0C0D19F462
:10E5A0003D000013E013EA0AF9E90506F5FA3C32EA
:10E5B00020F6F8251FD0A2F900DC22CFFDE8E5FA0D
:10E5C0000304FF08FBD61A4217DE3D17E5D0EBDB4C
:10E5D000FA0B2324FD07EB12FD0A112521E6043472
:10E5E000DEFC14BA16FCED2CEEF3FF091C0C101C1B
:10E5F0002023B90613F8FFBB10DBD8D8E621162676
:10E60000FE10101911C9FBF4E8E5E4DC23E0E6E4B0
:10E6100029D8E5F0280ED1030E1D211F3ECDFFD3D2
:10E62000E5F8BFFBD1F216EE14FB2F2D62D82FE7D1
:10E630000B05DA16E8EE26E7C4EC11F901E60FEC5B
:10E64000CFD1380B8102C5F5CFC2B2D3EA3CDA6034
:10E65000E696DF0316ADC8F8DA1013D5A70796EED5
:10E6600009FAFFCCF7F9050421FD23F0052625085A
:10E670001FF5120FD54DE5080E0B081617F8D3FD40
:10E68000F8FAFA1C00F606290217BC02012D3A100E
:10E690000CFB00D4E4CAE1FCD9EBC9E60EFEEC1891
:10E6A000E3EDFE00DB08D805BAEDE4E6F232E30C58
:10E6B0000EE6EF0D0D1F2333E310E611130B18E9DF
:10E6C000E8E6EDEE9AFCDDF4FEE0FFE1C817E70DA9
:10E6D000EF1FE4F51FE4031A2D061409ED0600BB35
:10E6E000231EF819E71CF412FB18F42AE5082AF196
:10E6F000F013EB09F1F508DB15C826E0F60FE2DAB6
:10E70000060FF8110C1607F31221C5FFF7F3272C9B
:10E71000DF110B12D8C3E9C9E4E9CE030BF5FDCC38
:10E720000D2CE61FF30B13C4CB2C0112FF28FD0D9B
:10E73000110701EEF5E6F3240FF8331C01E229E896
:10E740000313D4F4810F19CFD4E6D8DDE704DC1429
:10E75000CCDCEEE2EF19BA180326DDF2C8D4D7EA12
:10E76000150E391DE6042211B90B1BFAEAE9D8F897
:10E77000D510E30EFB2FC620180405FF221A0A0548
:10E7800022E01B0B392EE323F5FD135016D2EE1AAF
:10E790003B070AFEFE052DE1EE09EAA90E38EEEF71
:10E7A000FEF3C9200F0DCAF0D8E21B190BEAB90617
:10E7B000FFE21B08E104F8E2F508CF9F9C3DF6C19B
:10E7C000DA00E1F0C3F4E52AD39C41F109EAEE0B4B
:10E7D000EDD40EFFF6E5EB171DF6EF86AD1B3A12F2
:10E7E000012B1010E5F5F327F3D240D2C1FC140140
:10E7F000ECDFC0C60A070B15DAB60681DDCA3A0A95
:10E80000E4552F1C23FB35FC0E0F02CDDA5326ED09
:10E81000B315D8C3DFEA152CF20206F8D4E32A4E6A
:10E8200007211BF311F234519A20D90AE813493613
:10E830000017ACFB22DE330BD7FEF6D5B5F9EC1F83
:10E840000F16ECB503E1300DF738041006DFC713DF
:10E85000E92886E43A47E309DD1808481EDF4D0140
:10E86000C4E01AA70CD4E5DAD0FD0000B503F9F333
:10E870002CEDC5BFF7983017EEFEC4ADC2FC17F7FC
:10E88000DDEEE5ECE2EDCDF4E8CAD700E61822EAC9
:10E890002F1A0FD90A0CF50707191FEB2401440B97
:10E8A000F6F92104211BE2D2D111ED07E7171AF086
:10E8B000282FBCD0E713DC2A2CED13EED4FE0E0D6E
:10E8C000310DDB3A09DB1212EC2AB617010F1E21BB
:10E8D000C9DF12CAF5E1D199CC443D16F616FABA51
:10E8E0003021F4DC220E2181F8040F22D60CDB3615
:10E8F000DC0AFB190FC0FDE81208E603D371FEF82D
:10E90000FCEFFBD48DDB0FE6D617E72807090DDFF8
:10E91000030311131922ECED062BE61608A8F0C22A
:10E9200012F7D7DFC4C8031B82EF0523072C050BA2
:10E9300037E4B0F9D7E52FD325C4E0B6B41EE9A279
:10E940002CE3FC4166D9A8DC5A44261C48E234CCAE
:10E9500001CA54DEE4F42D11E91A1B5E4E36FB3970
:10E96000F1DCE6E20214C8C02ACF9DD735CDD30032
:10E97000AB9FF0F9F30DDF83FAFD86A92D71A10D90
:10E9800006205DC1250BBE10F7320BE67EE4B40C09
:10E99000D28414F02D74790820E4DF171254101972
:10E9A000EC3CEEEECE8DD0013320E10B08A6DBF47B
:10E9B000D195181AC532C106E8F9EE093FCDFE21FE
:10E9C0000CF3FAF6F3E93BC9F1DADFE93EE9E93A9B
:10E9D00018C1E5212F2C0307D14D87285330C5DFFF
:10E9E000274E701EDDFFDB97E50722812FD509FD3D
:10E9F000AF92B674536E64264A356301F02B03D090
:10EA00005B3CCA04EADDE60F12ECC0E007E72A38F7
:10EA1000E7ECF834ECD7D8BC03ED97072E1D49225C
:10EA20000AE00DBE44ECE0E1E111FFF9DAF232A2B6
:10EA3000A790B3D9C0FB95A213EFB730F7DD05BFA0
:10EA4000F8F7173CFA130FFD13ECEF6A46ECB01A17
:10EA5000BCFE192E3AFFEF1720FC3E01F349F6FBEE
:10EA600029DC01FB0BF0B11313FC29FE1FF52E0767
:10EA7000FB101313C712D4DA3D1AC43A22FB2FF449
:10EA8000B1FAF9CBE2A705F0DCE4E612EBE5FB0B0B
:10EA9000C209F7094BE4AECDAFE5E2F10DF6CAF6D7
:10EAA000311F100F42F400FBD13917F2FF0BF3FDB9
:10EAB0000DECFE2100FF3B07351FEC461CFE00FB62
:10EAC000CCB6B1E781E407290D0AEA1DF5FC26F76B
:10EAD0001F13C4D7EB09C9EBBB04DEB0DBDDD32CBD
:10EAE0001B070FE629FE02E2AB0F17CC33F3EBFD59
:10EAF00009D0DAF2010D45F914FBD9215017FB2793
:10EB000010FDEBF206BF3530F1C304AC0BCBBAE518
:10EB1000D7012E7FE430CE05211E1A52F4E33605CC
:10EB2000DD1863F66F21FB371307C7262F5D3EFC08
:10EB300024FBF32794BE2E27CCAE1DD704154A190B
:10EB4000F5EDD3EE1B0735FDDC05E9AA2F3FD0B26A
:10EB500026A119C9AD1E0DA5C339B1DF08BFFADE64
:10EB600044FA0E4AD61917052A24EA14F24764DD3E
:10EB7000E9ED16C8A7CC41D514C9F1E0DA4CE41090
:10EB8000D9DB1F1DE7F8C44B020C011DD83149E544
:10EB900042F1AAE92BEF03EC0E1EFFC4061B313C29
:10EBA000CD221F07279872D3050EEFD2CC0C0DCCC7
:10EBB00002A9F505C105B22C156B5BED9FD5D1D12E
:10EBC000C819CC01364453D704162B3D5598C5AE11
:10EBD000C1F6103ECB181535D41C25CA022AC11621
:10EBE0001E28C711E6D2212F160BCF3CF51AF000D4
:10EBF00016070D0906F7F3CBF5D0EE10E8E0232950
:10EC0000CDF4290B0BB926E9DBEBCE3CD40809DEA9
:10EC10002B3804E5F8D1F1F0E408F60ECE0E020B25
:10EC2000F11DFE05D1BD1F28FEFF0233B0F817FF0E
:10EC30002643D50E0810EF26F5FD140AD913051941
:10EC4000DFD3D6F1BCEADD14AFD5E00CD82DE80057
:10EC5000FCE8C4D5E7D0FDDE9B312BC0B01586A4FF
:10EC6000DDEA2900F9F9F91DDC0004EC1AE7C80611
:10EC7000E8EBA5D2C8D70202ED12FF00E33881D934
:10EC80000D1AE90054F31A07EB02EF4BD3E2F7FD3C
:10EC900021CDCC10D5070FE306E7000CC33333EFCB
:10ECA00006F609ED39FCDA1AEAFDE928D93A250A0F
:10ECB000271BDF29122518C8F518D500F6F50EE533
:10ECC000D6FDF6D5FA03371813FDF9081A16F4F92C
:10ECD000EBEFD2D5E5F9F8170E110A01DC0D250886
:10ECE000E6DA39F220FF101CB80F1EFD40031EECBF
:10ECF00011020304F21B12E6EC00ACF2D9280ACF91
:10ED0000EB9E2D0602F5041C17EF2136130A08E7C7
:10ED10000A28A9050800DCCD05E4DDFC1EDE0F098C
:10ED2000ECCA4C2BB712FAF6B3CC8C070163A74799
:10ED3000E182B2560B05E10CCE511903C8FF95EEE6
:10ED4000FFEA22E40AE41AEC0FE52CE4261511E5AB
:10ED5000B315EA3CD5581736151D0D250C190DF9BC
:10ED60000412FC02FB2BE837EE31EA21050D3319C2
:10ED70001516EA22F0020AAFCCC281DC0D17090099
:10ED8000D4F818F116E4E4E2C201D0E60C10EAC5AA
:10ED9000F8FCEA1EEE0936F3EE008CFDEEDBE2D65F
:10EDA000F5EC0EF1E406C8170B08D7F2F918C420E9
:10EDB000F8C5E3F1181CE803EE400623D2F9E2FBA4
:10EDC0000BD0DCD214E4F6C447FEFA2E25C60CDDC7
:10EDD000FB09FD13F2469ECCE7FDEBF636090EE784
:10EDE000AD05FFF1F1F5F2D2CA23DDF72F2FFE0FAB
:10EDF000EA04FC15F4F54CBFA6EE8EE0E933F40C02
:10EE0000D211CFEF0EC9E793D2EDEABE321D04F264
:10EE1000012414E8243AFE0DDF321018FEEE092D0D
:10EE2000002F0FF6AC812ECDD334ECED1F220C0F4A
:10EE300017E9EBDE02F9E4EAC019D7E124E3100D8B
:10EE4000E8F803051FDF2B11C0F00CEA1923E9F5E0
:10EE50000E22ED19F03110F1C93BD808020BE9EC94
:10EE6000F8ED17E2E80C36F7EE16320C04EE1ADE77
:10EE7000EB2C0B44F2D8281ABD0AEDFFF20313EF76
:10EE8000CF000FE512F533D0D93815F6F2CE1C04B9
:10EE9000100A5BCFDFF5FB001C1F06D0E9F534221A
:10EEA000EB1D0309F9F507D6F8E2DAEF1BAF16E917
:10EEB0001E3F131E4006152BFD1A0AD2121D20FA02
:10EEC000F7063AE615040037C7ECDF1BFEDCE8FC6A
:10EED00012F3FAE3E7B70BEC19CCE007E1161EEAF0
:10EEE000F8DB1C0A11070F091AF50C15F42422246B
:10EEF000FF07DD1FFD10BAF31AE801EEE2DA08F6AB
:10EF000009ED0EE600CAB713F4DC29BADB1D2ABAF4
:10EF100010E7C70AFA2501D9F88112FAE9BCF90409
:10EF20001808B40CEF2D18F81F31202DFE05F9CF6D
:10EF300009F6E6F30800F3DB1309151611DBFE17DB
:10EF4000FA24DAE90001FDCA1426181212140A1074
:10EF500010090DEC11FC13FC032FFFF6DBCC0601AE
:10EF6000EFEB16E5B50ADD04C9F5D2DFC21AFBF9ED
:10EF70000DF5BD00E6E8C90EC502C525DFDC2FEAA8
:10EF8000F81E1007F8F2F2FBA8ECF4F6DC152D14CD
:10EF9000F0E9A8C5F2F5E61D0DCEE602DBE508E6D0
:10EFA000342C0E0D3F21160BCD16C9FEB0192D1AAB
:10EFB000FEF5D4E9E9C51ED4FCC3A3E5D107341896
:10EFC000F91A2A0319EA13EB1000D1EDDF09FC1C32
:10EFD000BD0ABEE404F113ECEAD2CC1CFEEC2028FE
:10EFE000FA2C2E24C2E512E28705BC1DB134F715B8
:10EFF000ACFD890811FF3EE909FCD633259A03FDD3
:10F00000D0382531E4F5101FB00EB9EEC3E9DB317D
:10F0100095E3B9FE50EBDAF007300D35160CC8B5A4
:10F0200009EF17FB18EA0DF4E025E92AD3000AD905
:10F030008103EE51E30133DA27B608340AE2029B7A
:10F04000F9A0CC0704EFF8FD2CFA23EC373121CBE3
:10F05000B304CD0D10C7B7142AEB10E9CC0B1BED90
:10F0600027EAF9042DF51DF9FF2E1704C2F71BD767
:10F07000E9F1FE190F45E8ABF617B007ED37F22FAF
:10F08000FD0948D8E41409CCE90725EF02EAF8F9AC
:10F090001C1DE9484733B443E918F3567FE9D42FE0
:10F0A0001227EFCEA512DE044FEBCFEF1CEAF401DE
:10F0B000D4F2BBF0C53D19FB1AFEF3F70EF34F0B6C
:10F0C000EFBE19F887A4D8ADDEEE90B4D226071DA6
:10F0D000B8A1ECF8DFB5E5D498EAD5ACC4A3E9ED66
:10F0E0003EEFF62FBAB1FDD029DC9AD8001AFF41C5
:10F0F000E2D4DF0F0BC2D4DFE7171008E6F4E4CB4D
:10F1000021EE17EF214648053D23DEF91A4441144C
:10F11000E408243C442FD7C3041309122946D9E735
:10F1200020E5DE0DE7EDCA25DD0BF6C407F4D114AA
:10F130000C122FDA3A2302E8FD22DB43271C0AB126
:10F14000D9E3CCBB0D121A00E1EE1EE73ADECEF891
:10F15000F00E00FEE0FEDC0E03311207F425A6C718
:10F16000F920DFDA1E27F2DAFBFC13E1FCD8120FDC
:10F1700027EDFD08CEE188EF22B7F4D31BFDC718B9
:10F180001D2AE832E62DE1F818211E81E1D001CEDA
:10F19000E6E73BC2B728A0DA11F1CADD0EB70235A7
:10F1A000282CFA309633FF2BE21D11DDD1ECF3CF82
:10F1B000E6F038D9E5F8E2E425EDDDB3F7F837DB22
:10F1C0001910021CA4F81021EE1BB3BED234E312B6
:10F1D000EC06FAB74E0A2D0D0A45E7F2F7FB13DEEF
:10F1E00021D21B2E061F112B5CAEE5EBD91B0607A7
:10F1F000DF34CEFD1DE6306814F63BF8F90B221B18
:10F20000ABE6E9F737F32AF0FBC613D706A931FEC0
:10F210000C28172EFCE9ABEAB2DFCD2B19F01C1E2F
:10F220000D02F415EDF423E93BDFDDCEF2010B0C0A
:10F23000F6D0F4DD1624232F250010FA24253E26CF
:10F24000EBF40DF3170FC310FC0DDCC4FC1B5004D2
:10F2500014DE071C2F07DE110DD31BFBE2F203DACD
:10F26000FBF12E0D0E101806F7FD0903ECFE34FC21
:10F27000CF0EE60409C9D8030AD50D2122D1C7094A
:10F280000D20F2171AED16D7ED00E71B03FDCD0E8A
:10F29000110DEFF50C1D0CE60EF6DF1DF53B1913F5
:10F2A0000132F6FAF2E720A7E109DD2CC824FB3190
:10F2B0001322FB0FF504EED9D2F805F0F2FDFFF6AC
:10F2C000DFF0EAE5C7C201D2AADFDDE4E82E10F2E2
:10F2D00010EDC2EAD5DA0FFEB70DCBDED581E2FE26
:10F2E000EF1BECC5D6E8DE2EABEC05CAF6D7C9FE9F
:10F2F000073020390D41D836FAFFCF00D7E1FBBEE9
:10F30000151CF81A5F2E12D4030AEB0EEEB4EED5DC
:10F31000FBF1F8B6EF26D9BCDAFE9FD4E3E8CDEED8
:10F32000DBF3FD142B46CFF1DF08EBF0DD04F42412
:10F330000AF5121CFDFC351C200AEBCBCA34FB3A43
:10F340001C0418EB0FC1E332EA05FFC4295702F58C
:10F3500006E8E1D6FF2AEBF706F202E2971154E93C
:10F36000F3E80A14192C63E4DDC80D04DDB3F2E000
:10F37000E707C8FFCE0FEF35F60F17048110F40E24
:10F38000D3F12ACD112B3E4C16D806610FF009F5AA
:10F390001526AAE513F8FB27EECE21F24EC3EB4863
:10F3A000EC0823E625E1E1C108F7CC09DC4313C8EA
:10F3B0002AC1F2DB97E452F1EC2FF429E5C2ED0308
:10F3C000E5CB10A335EA2701ECE60AFC07EBF8EDE4
:10F3D000E9E2EF17CB0E170517E900031FFEF1193D
:10F3E00000FA10D5FA10101EF2141C00EA10F715DE
:10F3F000261CEA1BE6F22AFE1330DC0B09FDFA2874
:10F40000D20935F804E007371CE5EDE41718EFF7EB
:10F41000171FE51012F41AFAF816F80C262DE4EB73
:10F420000DDAEAE020093B0F1AE2C9120DDED7C45B
:10F43000EAD4EB0AE9EB32E506CF123A11ED09C93D
:10F44000EF810805151C050820F3FF2528B4D6D642
:10F45000FCF40BFDF0D9DDF000E100FA24F7D41A3A
:10F46000E4A5FCFED013D4F3F8CF0AE02FA3D817FD
:10F47000050E3AED10C2F6E520E7F1F212E5EFEEE7
:10F48000EDD503F4E8FF9316F5A710BF41F2061D72
:10F490002A1C1D1009C7F20A25DE13CF011519E435
:10F4A000D600CAF2B4DBFC07B6E8BF01DBE5C62331
:10F4B000D4F2989C04CDED0D992608CCB1C7C2E3D7
:10F4C000190B03FA8113261AF3211805FDCDE6CC9A
:10F4D000D0F6E6A5EE01EA0718000A02DC3BFED1F1
:10F4E0000524FD13FE17F42A13E3C7260B0311129C
:10F4F000E4FDCCBAEBD002D6E7E9FAB8013418FB48
:10F50000EE1E141A49061518E417E6D102170D214C
:10F51000D0E1F3D4FBF3ECF9F4C6DEF6E8E419FF2E
:10F5200004D7101CFE2D05D0091CE443EEF603DEC3
:10F53000FD3F1000EFFB0F1A1EF90802FEFBFA1741
:10F540000E13D10B1AEF2A1C2016CE38FA2F0CE717
:10F5500028EB12341BF3220C101A270B15EE30F592
:10F56000D5FCE5F9E2FD1FFCFC0DC1E3F029022406
:10F57000D2C6E3E7D7EA07F9F604CF27FA21E8C4B1
:10F58000C62407F01E9E07F8F4FBF92945B0ECFFEE
:10F59000163BF7F311F8A9CAECD7FE1AE51B81193F
:10F5A000FDD9D8E7F2E4F55D32FEF70621BB0BB3D7
:10F5B000153BE632E21007CFCDD202130D00C3C8CF
:10F5C000FDF3FFF2FA09CE2F01091FD833052021E0
:10F5D000EA2007E7ECC638071AF9E8E50506DA0776
:10F5E0000D112412DCF7D61BF5F2CBC7E2F31EF4A3
:10F5F000F1E6FEF2D6CBFC02DC05ECB936C0002BFE
:10F6000024261531E2EFF2EBFF1EDCD212F2BF0C22
:10F61000DAEDEDED062B0DF5F93DFFF9F834ED25AA
:10F620000311E206D7DD1716051BD20DE6E0D93C23
:10F63000FFEDE21A22080D23E31518F9213BF8002B
:10F64000E7ED31E7FA2CED33041D0215F203F8372C
:10F65000B8C3DCE3CCEE2D2D1817EDEDE1C8D3F7E0
:10F660001CFBFFFF770E00003BD4FFFF04120000DD
:10F670002E0D0000931500007C0F0000E30C00002D
:10F680008A21000081030000CAFDFFFFAA180000C4
:10F690002FFFFFFF6F180000F2ECFFFF9411000036
:10F6A0003BE6FFFF3D0A0000BA07000055EDFFFFF3
:10F6B000260D0000660C0000010E0000300F000057
:10F6C000DA2100003E0A000046F5FFFF870C00002B
:10F6D0000B0E0000300900002FF9FFFFD10D0000D4
:10F6E0000CF4FFFF8A090000F90600009E0D0000DF
:10F6F00013030000D5080000CA0E00000DEBFFFF49
:10F70000CC0B00003CECFFFFFE0A00004E1E000088
:10F71000B0120000BC0D0000F80E00005003000005
:10F72000ED18000003FAFFFF9E10000033F6FFFF04
:10F730005F1200008D080000580F00000803000051
:10F74000F7140000C10E00006B0C00007C0D0000DF
:10F75000D00C0000D60E00004B1400005112000027
:10F76000FBB505200C24210D3F000A2ADE051912E5
:10F770001F3005FCD2D7E9DF31E12ACC150AF500AC
:10F78000F7BCE7D1D50BE706F1DFE1301D06FDE15F
:10F79000461CE50D29BF21FB6F102C48F8B229004B
:10F7A000DFF3C7071F0D06C00DFBF9EE11DAEC11F0
:10F7B0001B0EE2EDD207D1C61A17DDF2F81F03EED9
:10F7C00006D7FBBC14E4D6F1ECFCBC26FFD1FFEB62
:10F7D00018B3D2FF2A0EEBF73DF41CC710EF1D0142
:10F7E000EE08E9EEC30411C40E0007EEF6F819DDC9
:10F7F0001106F3D7C24222EB1FFDD9330532BDD12A
:10F80000F6F63A0E0F27F0E0F6F6150A0BF00612A0
:10F8100016ECF606060ECA0538DE13D0E4E42CFA20
:10F82000ECBEF5E4DE0A0314DC22ECEEF72C0AD57C
:10F83000D1A3FD0503F4223AFE11ED021C17DFCF20
:10F84000F4051307F0350E202622F608D9C6E0008D
:10F85000201019050F0008E7E9D3DD1BDB81E6C1A5
:10F8600010E90232F531E52CA62201EA035503F630
:10F87000FBC3000CF91F2352BDE2072C3BCE252011
:10F88000D0ECD2F5ECBEFB023900D0EAA1E0EE07E5
:10F8900037076DF6371E1E0CDA1DB424A9E2D4C852
:10F8A0001712F21A2DE0C835F7E6071E0CD2010F29
:10F8B000F7C5FDD404EE2AE40E1314C919F936FC79
:10F8C00001E9F204F8E72C16B0DCD8E0E80BDFD44D
:10F8D0001CE53F054123FACFEA0E263A10D22DF05F
:10F8E000FE0CFC28FEDDC0FFE10F143511B0FE0652
:10F8F0000204F3FC0CBB21054909F59DDE2D0B0B21
:10F90000F3060A3A08ED2DED24FA09BAF20A24BBEF
:10F910000304F021F5140FDA0907E726E7112C019B
:10F920001DF1CE34DCF010D4AE1915F407D7FD3339
:10F930000EFE28ECBEBEF502F6E8BDFBC62A0DF5AC
:10F94000F8FFFC4FF92E04FEDA15CAF51BBF3CD6B2
:10F950000102EA192AF2F302FEE7D7D30BE3020E03
:10F9600000E0BA1BE204E308AFF8DCF8197001000C
:10F97000F8C219D2FF10A241C9F8FDFA110714FD0F
:10F98000C9DBF81802E2F3CF34F1F6A7C9E513C5D5
:10F99000ED252B042602E9D5E309C4260C0CD293ED
:10F9A000FEC7F11CF320211CFC30DD22F86507BBEB
:10F9B00016ADF2085302B923E418EEED0919EBEA8B
:10F9C000A0F4163EE606F0F16B163AEDCA3015E0EB
:10F9D000F0F524F93141E903DA129AD59A09EE815A
:10F9E000F512102A1DE853F60E1001230316FC0E23
:10F9F00006F51CED04FC0DF91C17FED6DF1FEBE825
:10FA00003402DCFE33E50DF00B1B2DDFDACFF9EF0E
:10FA10006A10F30F5EDAE6DF24DBECE2ED2C2FFF59
:10FA200004F8F70FE61802E00512FEDA1D2EF414B2
:10FA3000D1DAE9F4E5D7300812E2E02EF112D32B47
:10FA40002AC82FF9E92A19DB000F10C1F21814C6D1
:10FA5000200E11E6F8F60FD0FD0DB5F3ED0016DB24
:10FA600022C2CA12C362B71F2EF802E22101FE0AA7
:10FA7000EB2606D54202FB359440E71C101D16EB21
:10FA8000F1F03C1CC82F292155365BFF24039FF061
:10FA9000E7B414EA3601A027CF37A8D70625C2E578
:10FAA000B5E2E01EF239F8CAFD2AAB251027EB209B
:10FAB000E8AEF0136924E2F9B132E0DF5FFD2DCA50
:10FAC000D195302E10E807FF1CAF304DE833DDEC48
:10FAD000E6E301DD01D2E41EA9D9B5F2E74CECBDA5
:10FAE000070DDBFEFF2A0D0409FBCF52234ABE0996
:10FAF000D68B01CBEC423421CD0E0D7FF3B9ED1C3A
:10FB00001227CA1EFE245CCE16E433F2EB1528CB76
:10FB10001CFF220BAF0C28E1DBCFC0E21E0FF91E49
:10FB2000D4E2DD131EF63A221810E1C62EF9FE10BB
:10FB3000EEE9130BD8FE0F3F21E8B9BEBCF6F5DAAB
:10FB4000D714FDDA121A358111E30207DFC8A0A924
:10FB5000181328DBEE331BF02111F104EA15D80F3E
:10FB6000EB30B0FBD41DF7C0EDDC15E226081E59C2
:10FB7000EF12E4EE27EF04D816E5E92B07FE281F65
:10FB8000E4174529EBFBF8ABF3143ECA10E13AFA4F
:10FB90005B2D17D3D7D9099D32420B05C02303D85B
:10FBA000F5F8B329041EEBF9CF1926F01B02B6BBFA
:10FBB000F3431111FDFC7DE9D30803F317242FF75C
:10FBC0001B152B29010401F750D4F6DEF2EDF048A5
:10FBD000F630F2F8031859B0190FF00D44F6EEE3C1
:10FBE000DEBCEE2ED016A6070ED320022418F1E6B6
:10FBF0000B0EE8BCD0F4BFE8220DA707233BF5416C
:10FC00000FCAF108F5A209D835FABBD00FEA2A09C4
:10FC10004C06F3BA26B4EFBF33FBFB190C00240DDE
:10FC200009EA01EAAAE3F44B39F0113127991109E5
:10FC3000A43BFC2526FA24D1362C0FFA9A35E60887
:10FC40000BDA1E0E291FE5D4BEFBBAEDE71837F913
:10FC5000F10AF713DB09E6AE1E2833F0A100FD130D
:10FC6000010A00D6DC0EF704F2F1EDEDEE19BFC982
:10FC7000EEF3BA041F41DFD614B5210311C406CD3B
:10FC8000ADC6DDB4AEE72AE4FFDA2543DE1E31EB74
:10FC900010FD43F6E11010F4CABCD9EA13FE4F235D
:10FCA0001D18FD08092034D13A1B0AD3FC14BFE605
:10FCB000F3E6B5F5F6FDFF1C06810C32E8E520CB36
:10FCC000EDEBA4F9D338051B140E1C2D12EEC10068
:10FCD000F608F5E5CC19DCF3EDFDD3CA2BF4F0F909
:10FCE0001AEBED18EB2B0E08ECEAA21BD90AFE2743
:10FCF000F317FB19DC23D925B0DEF4FE1EF409F757
:10FD0000CF18F6DF0DD6DC1AE9CDD11CF32DF9287A
:10FD10000A05190A1A062C03D5F7E30F2D0AE7E0A6
:10FD2000DFDBFED1DEF50A18DCE4F1EFDFED0701E1
:10FD3000C80B3DF4E50DFADF19FCFC0B0C3AFEFB99
:10FD4000F2E9D51819F804F5F3AD07FDC7DFE2EDC8
:10FD5000D900E4F8060017EFC7ED48030E03C8FE0C
:10FD600028B9053AF0B3FBFCFA17DC6A02EFFFF49E
:10FD7000F81A1117BFDD151E361A20F11330B24BD9
:10FD8000F32426F0E415FD12F6F8E5C2FCE54CDAA2
:10FD90002438DC0FADEBFFDF2607F115F02BE32A4B
:10FDA00020D0CC02E142D705E5F018DD32EDA60700
:10FDB000100CC61806C2A0B90D1A18050E1FFA0FAE
:10FDC000C1EB0916E50FD2E9DC81F5F20A1C1E1F12
:10FDD0000AE4F20E0DCC002207E9C3EAD911EC03C4
:10FDE000FDF3F217F327F4C113EE090D0CBEADBC01
:10FDF000FAFFDEC999F1FCCC0B2BB7F91436D9EF19
:10FE0000DF0904CCF60D05FA07DFD2CDC846061689
:10FE1000F0DFEBEEF72CE8EB2320D9E8C80AEE126E
:10FE2000CDF3CFF5E8DAC347F6F7F3DA1DDDF7DBFC
:10FE3000BEFDF5C90C160F2A021EDCB91901011A04
:10FE4000D416EA2606DF10F03A1BDDF933DBE5DFD6
:10FE5000F2EF23EB1C05C6C4FED8E610A1C920149E
:10FE6000154E0AE3DDE6EEE3F9FCE717FAD307F5F2
:10FE7000C2ECC2DD05DC09FC03A8F4F40FFA17F1AB
:10FE800018F918DAF8DBB7DA1F15ECE824F635E4D0
:10FE90001F1C150AE7DEF4CC41CB07D6BA1000D8F8
:10FEA000F21611CE07D3E1392CEB1714FA0505EF42
:10FEB000EF2A3AE9FB0812F6E0D9DEEB1E00F01556
:10FEC0000EECF9DE060CA1F117EBE6D028E31B419E
:10FED0000F20E1EDDA34DF9A22EF1ED02FF6F72360
:10FEE0001A23E7F1B2EEB09EEB6015E570D1D3179F
:10FEF00009B2E138F4D72326F1C8FCB41228231143
:10FF0000EED5EEE4F111E405B213E4BB1D099ECD7C
:10FF1000F4421CE0FB0207E3E34F0311DBCD0DB617
:10FF200035FB231DB11EA037EC0FD30E20ECFFF2E2
:10FF300005E9042016DA313EC61927E03E2FE81500
:10FF4000FFAFE301310C11FC1DCACFE8CCE5F1E3B2
:10FF5000FF07FD05DD2D2ACDC6250D22F194BE0B30
:10FF6000E5131BE4F813FD1FB128D5F7D51A00F4EB
:10FF7000E0ED2D2744C22924EBF612D926F60F28EE
:10FF800024F9EB02134DEDF50EF936F53ED8C50018
:10FF900007F80D1E9B1331F9B30C090007D3F3E6E4
:10FFA0001CE82827D60C24F1D2550A50E215F3ECB0
:10FFB000BBF53100F308FBE4DF36FB3113B22A3D19
:10FFC0000DE6F7282A3D101DDC2307F7DE122DEF82
:10FFD000D81C44DDC7FB4BDC0919F054BEEA0B0DFD
:10FFE0002E36004618DF8133DF40341918F91D0220
:10FFF00015CE4DFE3EE40DFB01D9E010250007288B
:020000040801F1
:100000004CF9E6E41110F4E5B203C5E3E9F8E217B0
:10001000F4FC06C315450D1505182428F3BC12077A
:10002000FF260906D1D0C7F517181B51FCDFE71EC4
:1000300003D3EC1225D512CF23EA070BFD1731F4B9
:100040000D03B101161C00EC1DED0EF91205FBF1BC
:10005000DCF0201ECACDFE23F40E3829DCEB32176B
:100060001DEBED02F100C7B92BE1141DF6E0E6F33C
:100070002D0AF41208D007E8200911E3E7EAFC038F
:1000800004F3D20FEDEADA2CF5301A11D4F718F296
:10009000D4F1130EC8ADF020EE03FC2A1EF2FEDCF4
:1000A000E6EF010E0EFACE110D04FA1C2A30DD1314
:1000B00006EAEFFBDBF2EA17D608D0ECF736FD21B3
:1000C000C5140F091DE6F5EB1B0FF1FCE13612D14B
:1000D000C900EEE4FD9819DD0B20AEE9E90AC6FB84
:1000E000FAD9191B1B14351BF2D6B5FAE73B35E6D6
:1000F00005FB03FE4419C412BAFAED232AF5E60CF7
:10010000E7261DFFF3ECDFB907EF20E2E249FEF33B
:10011000CC20EFD417EC14F7D911A7CE81179CF29D
:10012000BFE7301575247D1A1CE69615C319270301
:1001300001EBF53021380F01D506030E24F017F836
:1001400000350D07E6F5ECE037B50DF223F5DD16C9
:10015000172D0FEF3F431BF512A8F0C6DD03D9E2C0
:100160004CB5AD3D142DBBD5CEEACE150087F53686
:100170009B45A6E82317D2D637C5CEFAEA06D8485B
:10018000EE130B3E239B041D3C321C0F0A1D620D17
:10019000071D0A22D60A1481F5ECF8C3F2F51BD626
:1001A000F0F8B709EE0F2F1D030C331FF924E633C7
:1001B000C709F6E4E5EFA2FDCD19E20CF0EA0DE582
:1001C000E5E5E716F218BBE72CC4E211EAB9011B1A
:1001D000F020FC0FF6F9F8FEF8C8DA07DDFBBD32B7
:1001E00023F5C338C4DB04F91BECC937187CDD1DCB
:1001F000E2CB10EEF0DECA1DD715F00D1BF52D1267
:100200009710F3DAAFD8EE14D0F73BCDFA08AEA3CF
:10021000F33BEAD53620B7B6D61286F0243026A2B4
:1002200028E6D914C32FCDEE172D06EF1509C1EA24
:10023000CE9424FD28104E14F8FAFC170718171254
:1002400099EEDC55B9174928F4CF67EE1C4607979D
:10025000F4D1FCEBF4DED04CE44AAD2D29254E015F
:10026000F82EEF32D759C6331EEFE63FD91FDC1CFC
:100270000635DBEE35EE202EF6D51A10BBDE2AE071
:10028000DFE7DBCE04220F2C14E0FD0C25EA02EFA1
:1002900002C7173028DF5721F017D42F0DFCB83FC5
:1002A000FFF40F05E5FDD60001170CFD22E708E677
:1002B0000D2ABBFCD4E4D21004CB01FDC914E90C17
:1002C000012701F6EDEEF11CF008F10AFB350440C0
:1002D0001F0027E2E102FBDD0CEFEFFC11F70C0B36
:1002E0000E18D53ED644FB1AFBFD1319DCFBFDB3FB
:1002F000FB00C5E41E17FA04DC23160C0B001EF8E5
:100300000704F7E9F1FA171014D31D113109E7DEDC
:1003100021A101EAE737D4E800FACCCF2011FCD0C4
:10032000B80B01EF3C1E0D24F834B0F3B901E41F03
:10033000E9AC11F410E01C0BB4233DFD2905EEF8E7
:100340002EF7F1F3DFD506EEC9DFFDFCBCCEDEC330
:10035000EDC7EA1320D213D8DEDBD7FADC30C510A4
:10036000D4DAFAE6EFF82348F308D32F192612FE61
:10037000D8E91700D71418F7D7C2E02157ECCD13EE
:100380000F19BDF70CF637E200DF2BFE0B07F2F773
:1003900004ECC51DCDA00C05C2EDC4EBEA22102370
:1003A000FA00FBFC911AEECDE1E920381612E88143
:1003B000C10EECEA03E2C302FAE70F08EAFCF8BF59
:1003C000ECD1C6E3FC040F1FF3EA1A2310E906FD83
:1003D0003B061FFDEB2CD828FD00EE09081C32F768
:1003E000E2ECE13ED7FE132BCB29D849FD15E8B24C
:1003F000161911D6F11AEB041628AF1DE6349F39F1
:1004000010EEF0FC25F341B01EE481BBCF2347DAA8
:100410001D16420611EBF70CF11AEA4008EEE8EB64
:10042000FB1115310C0ACA0C10F812CC13DCD4E8FD
:10043000C7041E112EC0F91D200707CA30CFF316BE
:10044000E6FADBE3B0322EE9DB0B02CE1C0234030A
:1004500008F31E12492F24FD182D0BE8C995073308
:100460000CF12C063AD2F5D60702DDE6EF0FCE12DC
:10047000C3FDE9F8F03815A918A919D1B7FF01E6AD
:10048000E2D0D1F8E401F02623FD463D09EDC91A7A
:10049000D0ED20ECDDD707B32C02E9D218CA16E95B
:1004A00000E602CB11D03AE1E1FC0809FCBE0C0ADF
:1004B000D7D4F0BFDA161CEE0B10FE11C9E81BFEF4
:1004C00035E7FB1C35FE1EF600E82805E203BAD12D
:1004D000BCFAF9EF0B17D4282E0241EDF806F8C844
:1004E000E4FFC2E4FFE9D043CD2E2EE318F8FBFF72
:1004F000FDF2F81139FCFF0FC00EF7B43DEEAEF07F
:100500000FE7F9E11EC6F3F2F9F20704EA010B0462
:100510000AF3D60100F8042BFCAEFD0642CE38E704
:10052000FAFDFF06FDE40B1816F803C3052E0BE1D8
:10053000EBE7F9E61CEC810FEA1AE342E702003828
:10054000F932FEE5EBD6F919EAF1BEF9EE18E6FD4F
:10055000242D18E51631FEF205E7D000F9FFE90475
:10056000D320F205FFD614F4F325CF140CBDF7F712
:100570000CE3F2031B2F06BD08FD0108FAFF280952
:10058000F5021719FBF12708DEEDE0FE1700EDE894
:10059000EF0E11CAE7F3FF17EF10E40FE9E42503AC
:1005A000D8CAE50F1A0209F3F4F808FAEBF5F9E4F2
:1005B0000FDD17DBD90D1911F80B0DF917000ED24D
:1005C000FAFDE80BFD0313E0FAEB2604F9DEE5E49F
:1005D000F50A0FDFE50A17F8F21702EE07E3F00D50
:1005E0001DF2EE14F5F005200FF7F4190A0817199B
:1005F00017F72EE3CBB0F500020D0AFBFFD2F71977
:10060000DC1A0402F61FDEF10C1117F200F1E9D238
:1006100023090AE7EBFB0405FD11CF0AF81AFF09CD
:10062000D7F3BEE2BA12B723F4FDED0B1DE7F4E5F4
:100630000FF215E82EE500E310FCF7DEEA1C181EA9
:10064000F92108E8F600FB03FCEBF5D809080F0ACE
:1006500006F6FDFB06B9D1090E11DE07AB07F2F96C
:10066000ECEED50519E306111E08E6E9D91A0FF2DA
:10067000D5D9F1FD111CFCD7112FD53C45960AE1C7
:1006800007612FD5F1F525F3D7E94DA1ED0B3AF22E
:10069000EE0FE914283FE4FEC5FDFCFDE321F1FE69
:1006A000D218DE030FC9AC0B0C0D0CD020D50ABE3E
:1006B0000D02FAE9182410ECE2D4002A2CA323D46A
:1006C000BE1012039BEDD0E0D7C33BD31F2AFBF62D
:1006D000DFEF1A810D35DFF5B23E2B1BEDD5D325AB
:1006E000CE20A90E24F90D2DC5EAEEEC07D8B901EC
:1006F0001C10EFE509F433052705C900146F2E26F9
:10070000CEC3F819BCE722C4230B16053612101805
:1007100012F621F8061DF6FBFDFDEA1AD6E207F4F3
:100720000AC1DE04DC1727CBF118F6F413D093EAE4
:1007300001E0C6F604A7C729D5DFDD37ED5714124F
:10074000BABB0A2ECCE517E32E15E60BDAEA25EB49
:1007500005DE01280DE10A09FAC6B423E9EBEC181D
:100760002AD1D837D43494ADE99CBB26C502E7968C
:10077000E18CD6D3FEEF9DDAABDFF02CC3F3F5D4DA
:10078000BEE424CCCBF5E40045FADAFA9BB5D8C92F
:1007900005FEEF181FE614F105FEBED532F7BAEAE2
:1007A00042ECD500DAC0CCBC2E0AD4CE07A0FD0F97
:1007B000F4C9E8EEE9F6F44609D5BF3EF7E60EF2D5
:1007C000F40DFA0E12B3CA08DAEF07CE022BD504E5
:1007D000EDEFF7D90453C604B007D222C014CDF60A
:1007E000F936E70A16ECD212C6E901DB0BE6310551
:1007F00001DBE8DEF2FC10E1ED81F60DE8E9280509
:10080000E5F3FBE1E60AECBC36F9E6BAF008F023C2
:1008100012F5DFFF0AFF2E17FF23E2FFFFDFF2E4EE
:10082000FA0D11F00A050D0DFAF5ED17F521DCFFB3
:10083000FC1EFC060CC6E51EDF0112C00AFB00AE62
:10084000F9E908FCF439B003EBF51604F3E61603F6
:1008500033FABF0300DFF0D91E00DD0CEFF114E620
:1008600012F4FB34E4ED140AF9CFFEF1BDE8101EDA
:10087000E8F9F0CCDA0F06EC160ECB121412FF2EAC
:10088000E5FF220832E1EF0B16E4D7F5D8E83A0984
:100890001ED1ED14DD11140B1AF9F904FE330227F1
:1008A000EBF60C0A0FF60305E1F2F129FA1B2DF520
:1008B000CCFD06181F13D1E4F915DCD8F002EC3298
:1008C000D9042628F6CF05F6F90BF514DB2106022C
:1008D000D1ECF71AED22E902D4F257D90AF0E1FC83
:1008E000C7BCEDC563CE15D1DDF9E534EEFDDA26E2
:1008F0001A092AEBBC37FC1A362CC5A9AAA8AE03E4
:10090000CE110B37F020020611DAD91121F067D58C
:1009100031182FF9F40A1A3A2B38FFE3B9F2FF4BDA
:1009200005E8EBEEFDC429DCCDA4C901F70205CA38
:10093000F9F524C71818C0EA29E7DDE0FDE1F3EA7C
:10094000C92635E6CD99C3C829D0119D1A140D22A8
:10095000DBF135FF2E22D2E7FDF91CD2FD21E0E8C4
:100960000EF51C9E07E2C2EC19A7F11EE91ED7EB9B
:10097000DB09EC1EF613B8E042F30CD0D60AE50E04
:10098000110CE309B0D7D5BEEF8BEFD621C6C7D087
:10099000D9190D1EF62912DC2E1B03D2073915D5E5
:1009A0000108FCB0CAE202F5FBB3D617DA0EF8373D
:1009B000CCE7AC14FFE527EFEEF63201B700F1E12A
:1009C000DF09080408CBF6D3F8D339D8F11002C0F8
:1009D000EBF8C9EBBF23BCB6244B02FC0F28101662
:1009E00016E3EAF6090D01574623BF0181E7EE172A
:1009F000DE0AE62CF310D4CE46060213E6E8E5DC68
:100A0000A41E053C16DE17EAED2A031BC3225AF08A
:100A1000E3F62304CBF628EE354F00CEF01BD06270
:100A2000EB2EFB1609BB07FEF3F5EB1304ECCEBA75
:100A3000EAD210DFF633E7E70D49FA18E9F20119B7
:100A4000F41A1FF5ACDD30BEF0EADBB8EF2C16D49B
:100A50001CEE130A1E4BE6F9E6EEC9DDFB0FEE04B1
:100A600010F7E0E40F0BF4FE0AE4D004CCEFE92227
:100A7000EF150D04140D1CFA1CF2E8DAF5F9E0BDCF
:100A8000EDE3E712DD111FE6C11B37FA1AF2E80E9B
:100A9000FB082DF9C0EB04A92450F503F5DF1B0179
:100AA00016E3F7FEF3F0DBC7E909F02424EF0C3A74
:100AB000EC0600EAF22606D206120CEFF2F81EF857
:100AC000F5332616CFE4FF070E2FF130DC1BF512AD
:100AD000D3090FE7E80A06EAEF1214D517230E042C
:100AE000F00812F305F40624BFE0E009D9D415F1AB
:100AF000C6E51AF613FDD3ECC920CAB006E9E2FC3C
:100B00000A2617CD1607DDC7FAEDF9DCD33939B659
:100B1000F816F3DDE50FD40FD5120EF70200FAC672
:100B2000150CDD0C00D68128FF141DF21AE0C6F06A
:100B3000E64E31EF1006AE1519E902DC3330D70965
:100B4000EBE5F20122BFC3EC04FAF7AD05F3F41BA9
:100B5000EF0ED9142B06060BFFD1040B31C72D1A4B
:100B6000AC21E6F010D423E2D8E4200E14DE1023EA
:100B7000CB2BF2ECD51EE2E407FB0AEDEEEDF6EC32
:100B8000DC371012E81DD3E90104E92B25F013141A
:100B90002642E5E015E519F05A19D3072600162478
:100BA0000322EBE8B5EDEDF2E804090BD9F0E2B071
:100BB000DAF012D7FF2C22040107ACFED7F2F505BC
:100BC000FDEC1DC700F2F2FAE1EAB7C2CE0A30C569
:100BD0002303F720FF060EF8EC0E2315F7BF04D20F
:100BE000FFF5DF03FEE3C354FCF105D4D3F6B9FCF3
:100BF000D8FC32E60FE905F825E4EEA72FBFD9C9E6
:100C0000FDF6E1CEFF092CFC01B90BD7F6F0220C62
:100C1000000E151504F50BE31E1E1B0339A517273F
:100C20000DBA1F0A1C04D928090C1EF1DB06D222BA
:100C3000D91DD1000F24D0921DF50C0DA20504FA88
:100C4000C6F30BFCD2F6DF1404002019EE03A2FB5E
:100C5000A5130EEAD4EB26DD2F0A190807D803F0F6
:100C6000F101001D151C49E2F8110B34F61F0C04AC
:100C7000E498FCC3BCF8E0D7F71DE9E8C040E91EE2
:100C80001FE2E60D1CFFF4EFB1E3E308C120EE81A3
:100C9000A6FFBD044011E7260C0B190C1632E3B772
:100CA000D5F1D1F5BF0224F6E5042C48EAF40DD3C2
:100CB000E81AF8CA0524D0A5F4080B15269419D80B
:100CC000DEFF05D2E03627E6F9F2EF213FE612DE3D
:100CD000FE33FF9FE8CB0EE71CF3BAE51B160ADCD8
:100CE000C2B9E2F1CF100304A93BECF73954DA8121
:100CF00032E72CE8AFF1010AB22FE3B2F046D51883
:100D000003F9BF11BA2515D8B3038E84AC0011DFE7
:100D10000EE609C31FAED3DADBD7DF231DEDDCCB34
:100D2000E81CE74FD2C1E067FCF92626FFCFCDD7FC
:100D3000CAF705D62CCF03D15508D33C16ACD2CA7E
:100D4000F337ECF6F42F0BCBB4EAF5BF26103BD902
:100D5000E0EB31F9BADAC81D2F33FA40BEBF4609BD
:100D6000EF1D044016C44EE10B16DDF707C4EFED8E
:100D7000E4E3EACBE2D59B33E628DCA8EF4B142171
:100D80001C1B820C0A0C9D02DAFAF8D41DF506F23F
:100D9000FACF1DE94B28EBC8F8FAFA0229DAEEF38C
:100DA000F72CF2FBBEE207050AA6EF16DF1E100EB7
:100DB000B1EDEEA720B2C0A015D8C90FE5E1FC2027
:100DC000EA2B1031EE1CCC06143BECE1EFDBE9B46E
:100DD000CFD1EC970E1EE922F3BED200F701FAD76D
:100DE000AEF52D0196F967390DC6FB00E31C00D363
:100DF000EAD6F80AAD29E155FAF5E34FC5173DF8F3
:100E0000EDE5E0F4FC1DF6F4E4F38927EFC021BD25
:100E10007DDC09F63D1338CC31051D0EDB07151BB3
:100E200036D5F4FDC00CBE0034A90ED4B604ED10C6
:100E30000DE519CAE655410C4B1FF11CC80EE1D255
:100E4000D7CCECDEE90C34038B053017E8E222C77F
:100E500016EA0525EB112ED902500CEF0D06321CB7
:100E60001CF1F4280437ABF52910E73708DEF74505
:100E7000FA2A49D8AB1211C2F9F92EE603B6C3CB50
:100E8000FA0AE9E5E5254A070A22011BE5EF0EF11A
:100E9000063F1ADEE0441DCD5307C3F20B1BE843A7
:100EA000031914F718D7A6F7EAEF2912F908FC2A54
:100EB000E3FC050BFC379B9CDE17C2CECEEEE8E4CC
:100EC000FE1917DDFFE2CC15D8F815F9E030B8C0EF
:100ED00081F4FF2F2EEB2F29FC0BD2DDF5F9F1D198
:100EE000041FFC10EC19D7DCDE3F0EFB33A40F1EF1
:100EF000F3D63CE8E7FAED00EAFE12BB26E4BF0BAE
:100F0000F009F70F1A342DD7CE13FA1CBA12BB24EE
:100F1000E1EEED04E219A234E4EC1EBD3C4854E5D8
:100F200028250EFC171E06D2CCE138E0D9ECCBB850
:100F3000FE2622DFCF25B78B1121D10CF8351DFFFE
:100F4000AC062409D6F40312D503B39A10C8F61FD1
:100F5000B60FD8FB5843FEB804922DE1E8F1C23A2F
:100F60001FF1F6E526E2CEB2EC0EE2F3F83C0A07FA
:100F7000E4B7D81510421632F8FCDCFF9E6EDA2278
:100F8000F81034FCDCE0DFA3EC00ABD1E89CBBB68E
:100F9000C637FFF000DBC3D2DFC706E1237DD69D55
:100FA0001AE813DFEB1FFAA92D03D63D13F40F1D2A
:100FB000CDE5B62263DF38EDFEE3E32EB2D6E1E9FC
:100FC0002F21EB3D01E1E6FC49F46535B91D16E63C
:100FD000EDEAE625E8D4B346DA3835E008090AD563
:100FE000E60809CFB1CA2551D5CF0B0AEC0904E2B6
:100FF000EECCC823E4DFDD1DF5EEF63AC0C0D3EE3B
:101000001E01F712E9D6B7B8410AA529FD0433EC51
:1010100010D29FDF0641F622FDFF2FE51ADB1315E4
:1010200031182AE705CEFF0B401B15A5D4B0CDCB58
:10103000FD0DF6FF1518451C491B1A1E2681E2ED11
:101040001FFA1DCDB042EFADBC09FEFC12180F0D0A
:101050002589B6FC1307232EF8010BD008B9E1E56A
:10106000EDE9EF0E380ED1EFE9C5068C2401E72239
:10107000DD43FBFC0ACDD432E908D9FB20EFE508BB
:10108000E91863241FF1A9F019D90E11FD0ED2132E
:1010900013D80CDFFEDB2B2C0F18C8F01802F29FC0
:1010A000E1E6F8E93019FFC9C425FE2403CDE315B4
:1010B0000805FD005B29FFB4E33606F9269E22EB06
:1010C000DC81370001D4F7FDFAE4E53627DBF2F8DE
:1010D000E4000FEFE9F53D47EBD80800EDF93AAF32
:1010E0001414ECF509CF323700DF08F90EFCC1E526
:1010F000CFFAFDC7021D45CCFBE3183606D4ECE65B
:1011000017FCBC0FFC0FDFF9F50EF5F70DAA051162
:10111000EB1A03E2E4C1FDF815C51DF202D2F72572
:10112000FFEA0210EFF60904FF13FF04122ED6F9AE
:10113000F223C2F0DC88CB0CD4DBEF05F8F4C12E2F
:1011400004CFC9BB3AF1BE13CE130E28FA10ECDB64
:1011500050F8EEEB03E5F6181D1929142CE8F1D12F
:10116000DF040F30AA06F8FEAAD62C1E0209F5C12C
:10117000E903FDFAE8D8FEFCF1420E15F66303041C
:1011800017C4F61407EE02F908F3EAEAEBF71BECD2
:10119000F2D70AF02D4EF2E53D06072FF2F1FAE400
:1011A000E986DDFAF2E52C18C82D1A4028F4BCB502
:1011B0000B0D130B2ADEE6E7050BB1EE061E1DFC38
:1011C00017CFE2E2F3F9F806B1F1EACFE740000CFD
:1011D000E30506F1129AFAFFEA1BD7E78BF4D2F681
:1011E000D1E6D805EFC612021009C2F510E1D38589
:1011F000EAF715C8D1F9E1070303E610F3E212FCA0
:10120000EC3CE6E3D1061EEEADEC06EA1E17C8AED6
:10121000E0FFFFF4FF31D1F804D6C4FA29E1231F1F
:10122000071DD014F1DB02F90F08E4CEEE01DD3129
:10123000E5B304DCE6DAEC0B02E3001E15E40BE890
:10124000E303F4F2F3DCAFE10318F3EB0DFD10C997
:101250002BD820E1D9CCEF04220ED50B031406D6EF
:10126000D0F2DAD5810AABDAF117E618170FE1E60A
:101270000D0E0DF215D1FFDB0EE4DBA801FFEF141C
:10128000E6FD091CF32209130303E8F402F7D5096C
:10129000AF0AFDFA20E2380CD602E0FF0313F4C8CF
:1012A0000004C612F500E92809C9EE0110F6F0DDC8
:1012B000EA0703D3D4FE14DD3E09ECF21E15D0D9A3
:1012C000ECFFF7B3FBFE1AE7E8CE0FFA2EE4220C90
:1012D00016FDEFC1F3B0A01D111425F8D7FBDA1AE3
:1012E00081EFCE12EB3702170BFF2FF41BBD1D1B36
:1012F000060F42F8012F4A1904E31AFE19E92AFFE2
:1013000008FAF42BE2261ABA11F81FF6FF05E0D707
:101310002B3B27DBE2E323DFE24FEF0C00C80ADBC5
:10132000CD1FEE34061FFC22C50A3CFD12FE103E06
:10133000FAEDE405F8D5F7F9CACDEDC514D51722B5
:10134000F40602F5972312020496FD3AD8DFF2C99B
:101350001F312E0A26DC3AE3FBF9EB22F61EE30EE0
:1013600035A9F4110603CB0DD202092635109FBB17
:10137000180AFE0307BEE0AAE1CFDC27DFE801225E
:10138000E316EEFB941E1BE9F5B2DEF4CDFADBFFAB
:1013900001E4EEFC16EFECFACBF8D9CE0819D1E156
:1013A00003A208E1EEC5FE380702C416F4C507B172
:1013B000D50D04C701112801DB1AC74AF415DF1641
:1013C000F2320A03E00D4EF8C8F7E50C100BE2F418
:1013D000D6D4DEF5EA41DDD107FAE631F62C27ED69
:1013E0000FEC12270AF01564FB01BDE8F700F5EEDB
:1013F000C9BBECD634FA1718FA0CE7F238EA2C0617
:10140000F21DF70E1AEE05FB3B1614E335C341BB84
:1014100019F324A6D614A412FFE6D632BC133BF56A
:10142000D021DF25F9D2FBE30F102FEB252904464D
:10143000E0FAFEFDAF9A122F16C5CD0305DCAD1004
:10144000F923D7A2F622F313D0ECFCD9D10DE8FE94
:10145000DBFEF9FBE7D300C3E2E9C7BBE2FAF9E33D
:101460001BFFE3F3ACEED205EBD2E8F516E4E3C6DE
:10147000B027FEF80FD9C200C7F20A21EB05E13907
:10148000BC1213DF03C705FD1DEE05291B2BD60477
:1014900018BF1BF0F243D22DF8F7D40F1606FBD677
:1014A000B3F1EBF80DF9EFB2FE3AEB1AF1EBFDCF29
:1014B00007EB0A052F2901E93A08FE0647E02AC191
:1014C00016810EFADDE80E160BE7001DE6C7E5F102
:1014D000E0FA1EE3F6F3D8D3E4F7F9EDF03B03E0CE
:1014E000F827F0FC0FF6FB39231AD2242F2A032900
:1014F000C9F1F2EFCBE43709F4E1E8F82016B017B0
:101500001534D1F8DBFF4DE2150505071FDE21F884
:101510002511EEFDCC8527EBF6F3DDE40A1C1A2B32
:10152000FBEB020CC3D6DF2ED9E30F38003ADBB950
:10153000D43019E70ABCB327E6D4072706DAF2014C
:10154000EF23C8EB10F201160FFE230614492B04FB
:101550003C0A0B0FE23D022C2CFCED12EBF5181DA2
:1015600023F6C2E7205E0B3FE804BBF9911A83CE55
:10157000A131DDDD4D0BF4E1ED0C05F6FD12BBFFF5
:10158000C2D211E513D938F91E1E064EFCC7090058
:1015900002C6991EEE8FA7EFFFC417F3291FED1D9A
:1015A000D3EA0405F1CD6CEB19030138C5FFF7E66A
:1015B000293EF7BCB1242D0DE50DCE30D6112ABE43
:1015C000D2F1ED23C0281714111CDE135385DCF86B
:1015D0005B9EC22C10CDFBF0FED7FDE3F3F5B01EF1
:1015E000E3C500FAC9CF3F4C09ECE1F90A0FF01C42
:1015F000DCFD0AD9F50BD31FE8E19F28F79DCC3E0F
:10160000350EF4BDF4B388F71604D40CDC1B30ECB3
:1016100033D1FF0D3FCD036703D504DB34041AA398
:101620009CF5E206DDF8E50406DF25B4FBDAC4AB81
:10163000BE0102EC32EB0FE42CCDFC03D0D0E51C54
:1016400036EA95D1F6F116D5B4C11CF0E7F4C2051F
:1016500018AAD82913E8E13FE4BF2011F4301FE4B1
:10166000190D03E529131B3E22E405FBD7D9D3D975
:10167000C327B911FA301CBEFABA1E0EA7FA833A74
:10168000BCD5F198AE0A3FFF0D16273717EE17D0DD
:10169000F1DEDF02CEA320E92BF80AE63EFE0F7F43
:1016A000E614071CA816C5021102CEFA37D7140F8C
:1016B000C0BD1534341B3849DC2533BE062EE9F88D
:1016C0000814FA0906553A0D1E030B04DF1ED0C795
:1016D000293EDE04E90A28F4D17F2D301403C0FF2F
:1016E00020CA4BFDF647F752DD47E906051AF6F228
:1016F000F6E025355CDD1E16002D1AF14522D009D5
:10170000EB10300B203A391CFF49FAFBF200F4FFD2
:10171000F81C2EEAD4FF25DDF4F6FF4602FCF4CCDB
:10172000FC2C4920DDF0CF22D337323D150231F7B2
:10173000F92D13ED09D5D0A4E10F080F50EC342991
:1017400029D5EF1C12370635E52BF0D8252238F0C5
:10175000121D46FCE51710EAE2F8016409EA3610AA
:101760001313012CC2CBB010FE02205AFFE4D2D4D6
:10177000CEF54AD323EA0D000F2FFCFD21DC422ECB
:1017800024F3D0F10903F7F0BD0BD9FD323941E95B
:10179000FE2816FDF52BFD09FBE8E42CE6E2372ECA
:1017A0001811E43A430FA01CF3301F1F0CCC051294
:1017B000031915F224D500D516F6D3FBF907F1E786
:1017C00039FC3AEC2AD112C8EBEFE1E83402C8192F
:1017D0000FE82CF7370830002224E31BA9B6EAFBF8
:1017E0000B45E5C6D4E6030043D2E6DD171DBA2259
:1017F000BDBE11CA9BDCF23B482001D9F7FFE0A136
:10180000AB0DD1D0CB32070DD2F52FDF1903E7D5C1
:10181000F1F60BE9EC15DFC713511B3202FE4AF15A
:1018200029F20AFAD414E70ED5F1E21317D02237C1
:10183000080EF72C9B1C2315F92E0F9D1A03F3F9A4
:10184000B521D30E12130E199F040DD7EF2720FBDD
:10185000C724FF09EE491389D930E8FA0A29EA4872
:10186000ED0D20DB022AC34FA60213C9DD0AF1F1F8
:10187000BF382F261716051EFA3C1DCBFFE0E71BCD
:1018800021332632222FFCEEFDF7FDBBE37FFFFE66
:10189000142D3927F63B31E3CC2FEBE31513F0D5AC
:1018A0000D2B272413E0F9D6CE1EEB461204013C83
:1018B000D4D944051DC4D8D3FC1D26B31D18070B6D
:1018C00008FA1F602F0B211EE106D5B0132327DD78
:1018D000E007DEFDB42B05A122080026110E15DB62
:1018E000D5052E2AE0B8C831A3D13D4C0B0336F8FC
:1018F000DCD525F51BF1DDEADC1107E31FBB0A5B34
:1019000000F222CA0800F917C4C5F2E01C0E35E93E
:10191000D72BF3D0C70209062A19FD350A1B39E572
:10192000CA0C2F31EF17DD59F508063C39171B0A91
:10193000270114313DEEE1F4F5CB00EDF7AA0D3CA3
:1019400011FDEB21EACF28DFFFE8E7F2DE1D0CD71F
:101950000A292DC606074CF70715E421DC3B0BFDD1
:10196000FEE2012BBA160D3FD8CE06EDEA14D2FFE7
:10197000CCFBECD9CCD91504E526F3D4104DF212EA
:101980000CCDD61B301846F41FBB00FFD81332EC29
:1019900022D412D3F2811211250E1FEB12AF3A1C82
:1019A0000DF5CAEFE40832AD01C209270A0801B3F8
:1019B000D50801DDEB3BEDEA125EDF0A1936FFDAEE
:1019C000F8F907D3FA1222E1D5E4F12CF2F4FFF989
:1019D000E6ED18F821FCF80CFED9001D1D05F919DB
:1019E000EAE6DBCC0CCCF5CB1F0F11EE0CE9E9DD00
:1019F000DAD725FBC65DE54AFA22F400D5C0CB0A4A
:101A0000EBC9F0DDE909FDE1FEF5F3F1E7BED2C770
:101A1000FAF016C9E534B602211207F7AA08FF94B6
:101A20000D0EEBF80F0525E1D71714024E0E240119
:101A3000402EE80915F61CD12D03FAF42AD8092006
:101A4000E5E33D0EB2F2A5FE02EDFEB70E20F10C6D
:101A5000FD0A1901E33911A9302207FDB43EF0DA7D
:101A6000EA130D120BC7FCE200E7151314F4F51F7F
:101A7000F7F3EDE2F6EEF2FBF4F1DC0119E5FC1010
:101A8000E1112003E5EDE8FDD9B019F3F9F33AF2DD
:101A9000F40B12CAF30D21E9E6FB221AF5FD161824
:101AA000F5130D22E5E8FA15E7E404FDDDCBE000CF
:101AB0001431FFDFFDF8FAD817F7D6FA0B30080714
:101AC000F42FFDFEE9EC0DE525D1D018E8EC3AE560
:101AD000DC20ECE2012D12FC06D12A01E4F5DF3511
:101AE00013F2E4D026FD13FC08DAFFD9E118BD0794
:101AF0002514E2F7CF23E015F100FC0CF21EFFDF06
:101B0000CB263F281308231003CBFBF8D8F0FCE3C7
:101B1000E31C1406113434EFFCF102CCF643BC0193
:101B200098E7D9D5250A40D7E6D0A51CD34A0FDEC1
:101B30000AA208F70116032DB428E3F2E9FAC51446
:101B4000F216DC4100FDF7C819C206EAC20432BB36
:101B50000704F1D90119FEFFCF3CF1E71245968148
:101B6000BA0615C54209F327E7FFB229EE1C150690
:101B7000ECB6DB423917FC08E91E02E411E2E3F19E
:101B8000C8521516D4FC1BEE27C54702D0FB101D0A
:101B9000F41FF3FF2A1A09E7B2EBDCEC8C41E5D124
:101BA000F9D2E9200D0D023DEBD1FFEBB80728C9B2
:101BB000F9291A02D709D8FCEFE8EBF0FAE1E82797
:101BC000DCE4D50AE6E1271FF1F390F10AEDEA1A09
:101BD00029DA05D0451EEDFB3ADD3CF3540A15CD5C
:101BE000E6130814FADBDD0310EB17CDCCE42FE08D
:101BF000E61D02FCE1E232C631010652A934FA13B5
:101C000021D3EC05E4ECF9EAACED150DECF2C312CE
:101C10002E0208F306E7110B312A26EEF9F126020F
:101C2000E62B01DC160A13120B2101FAFCB0F45B5F
:101C3000D73EF00FFEBB2E29DD29F528CDFAD808B6
:101C4000303520D0160F050D4847383BEFD521F42D
:101C50001FD2D4E5C691F1055A2BD9E6EB09D4522F
:101C6000090912F40E2430060F230EC51881E3E68D
:101C7000EBD4F1F62BECC1B4EBC1041838D1F1D19F
:101C8000F4DA17BA0EE8D7AE1ACBF64711340F12B2
:101C9000C911B70D13B10C2CF0D904F1AFDF28F442
:101CA0002BFDEA9F0407D823F6FEFADAC3EDF4D839
:101CB0000DE5ECFED71AF4A4F5C0282506C3F7E914
:101CC000D8D9DCE6E4E2E91133EDEF4002EDAA1CDD
:101CD000F2F71340C41202FD02A3F1DB551E360BCE
:101CE000C706E8ABC3F22BBF0FFAFDB70A15F1F731
:101CF000C2C61213D3E3263C33E8DE29F301D3D561
:101D000013B4CC9E012F24EBB70117F50181E80332
:101D100015DFE1C5EBEB0A14FD2C11E882DA1C3566
:101D2000E2F4E3FD0A1AEA181F03ECC705B4D80071
:101D3000EAEAF1012CED1BE4F9CE101E08FFE0E900
:101D4000F6F2F4D4E24416040C08084A2FD0F0F658
:101D5000F4FE1CD2C6F10340020C14EFF0C0F928C7
:101D6000ECDC33F80D0DDCF0E81C08EDE8E8EFC61C
:101D7000FDD42B1CF400F9B5FDDC09080EFF0A05A3
:101D800000C5020BDF04FAF3F6EEEFF5FFEEBB162B
:101D9000F32518F307EEFF3F06E8293200C80813C1
:101DA0000DEB20FBFCF6E1E3E921F80CEE12EFF27B
:101DB000EAFF1005DD1A2FD3FB17F7D93223060AE5
:101DC00030EFF02B1D10FF0A0308E0FECFF1F90001
:101DD0000B370B0F060217F5FEF209E82002031875
:101DE000FDD5FE1233E40319C8010A1E21E61F02C5
:101DF0002F080AE511E001C9EFF8F3DC0E13F3E850
:101E0000101911F21B1DFF14081800E5F007FA0560
:101E100023FFE900194C11E40DC927F11BE20DF76E
:101E2000DAE2A5EDDB072A0221B4DB19C811D6F8E6
:101E3000E0FE0CEC9324B0041B43C4F9EE1024061E
:101E4000CFE0A9D1DEF9F201CBE0C735E0E424DA36
:101E50001729DDE84AE1E0EA4CF30FD1E5E5261D5C
:101E6000FBD1EFCA99E4E5E4459F1E05CCDE0605EB
:101E7000BE06DB0AED17C21512FB0A13B2D8D5C590
:101E8000CFCC1781AFDDEAFDAC08231A29C1D4E31A
:101E9000ECFCF3F0D41BE1CA263C4B102CEFBF1E28
:101EA00015E405DEF3F0CDE54BE4C3D7FFB7F10E43
:101EB000F6001C1F041121082FCFF7DF11E68DC992
:101EC000ECE80AD0D10E14E81F16053705B8E5F086
:101ED000070DF40FC004240B1C24F5E026E8D0F60F
:101EE000E0E40BD8E603E831F413D8BEF3E12311A4
:101EF0001FFB0207FBCCF8E30AD9EF12FDCEF2D9A3
:101F00000AD227F81FD703FE040205F9E5EFDEF534
:101F1000F82604F6021125F1FBEF1300F3DFEC00C5
:101F200001DE27F9F913F62D0711F61C20E7FBD186
:101F3000ECFA0E16FEE80EEE2ECF39FAF7FD0AFF88
:101F4000E902F922030DFAFBF22F00E5F2052DD587
:101F5000D10AE905C3FCF6F71A360BCDDA12F81FE1
:101F60002932242B27E6D32416C61037CA210FC4E2
:101F7000FE0BB00E16F6F2FCD92BD9DE2AD319DDF2
:101F8000DD0BBC430119062AFB3F1846A40348DFBA
:101F900005EAF42D3AFCC337EA0306E805140BC33F
:101FA00017DA07DDFA03FDEFCDE10733AA23F1FFCE
:101FB0000CF7F8DEE8170A14841810EFF90F2DD388
:101FC000160ADD0305B6C6171509F50AD31FFDF974
:101FD0003E0000F21F3611CC13E8DC06041FF5F9B1
:101FE00020D1CF22D4D72610C3F21611B836EA106A
:101FF000EB1FFED1F01794F4E85EB2021DE0C9E2D7
:102000000DFCF6DFF7E8B1E7D9CBC1D9B30036381C
:10201000F4F6BBFC121AC52BF4FD24DBA9F893E6F9
:10202000BECDD12CF1D227DDFF2326BCFB18E5CF96
:10203000E8F71BFAEA0AAD0DEB71EE01E4E414F6E1
:10204000E61FE901E71AF610DFFF03E7C6F501EC2A
:10205000D6AD0BC67E3DC421F712F8F0ECFF18EBAD
:10206000C96EE6FAF3D0B7DDECDF2DB9210AFCD258
:10207000CCE2DFCF35D415003EE1F326242719E862
:10208000EDD1D20FDA28F6B83BE7E4155FC6CB0CEA
:1020900005F904810FCEFD230CC6200A1B0F24185E
:1020A00021073917F9E90C34DE240E410C2126DD15
:1020B0002AE9F80FDFF6FBEA03EC391301063904CD
:1020C00011E3DC461ED231F4CBB508D4E60B34FF65
:1020D000DA2342152040B907E510F62E362A3E09CC
:1020E000F73AFC061AE5C7450CE00B31E8240ACDA7
:1020F000F0C411E92CC528E9D12F0E2CE5CBF7143B
:102100005127EFE9341E0D11DF0DE6FFE92AE01B30
:1021100004F107C8062AC221C612F1E3AF15042252
:1021200027F2EFF641FF0818CF1D0929FF01210111
:102130000F0BE1DFFE09CDA8D82AD6E827F3E8FA8D
:10214000FE230D12E5E10DDFDD05FB0EF401F423A6
:1021500019F603F9360E0ADFFAE9092ED1EAFD264F
:10216000EA51D81924E52DC9C8CF1601070A0FDB9B
:10217000F00BF6CD88EEB80C02F9A1180F27DCEAB7
:10218000EEF41B6AF2E2DADB0EAEFDE5D3E50A22DD
:1021900000EFFBF9EAF717EE11EAF10304EA25C0B4
:1021A00005F7BF0C95E21E99CADB3221D850E8A48E
:1021B000EFC898DDF9F8810DF015A435F1F6FE0DA4
:1021C00090072819DD2FB09AD1A6D5D008D5E5E51E
:1021D00010E7262DF25E06FA03EDEC34EF2DE289CE
:1021E000FA0BFC13DC10DD19CC0704FB0EED1123F8
:1021F000E539001CEDFF1522FD37E4C9F3FF0F1789
:10220000E6280D1817F2F213E209F781E0400EE913
:102210002315032C001730B1F4039F1ADD06D8C034
:10222000F012181100080005CE0BEC1A00F8021687
:10223000F3071B1A1EC10A08F11A18E5122DF12026
:10224000F20301262BF73017E9D1F8A8C6E918DF09
:10225000FC2822070A111ECBE017C224F9DFD7C8D9
:102260000D1E142DFFFCF0C3EF070F230EEC06F636
:10227000CB180FEA10EE14FEF53E0DE207FCFB3022
:1022800017101B0D02EA2B110CD9F7E1014218F0CF
:1022900013140DFCED1FEC081326DE0A0A2342E29C
:1022A000C502061828E7FC000533FC422EE6F1E3E0
:1022B000FAEC13F913F9EDE7D70D18FA1EEBFF2D21
:1022C000160A2CF80F0C1EEEE212C41307471BFB74
:1022D00009022703D5FBD70A2D1CE81EE006E7DB21
:1022E000EC39F2FD1FCE1FFA1EFD1E0A2EE6EDF997
:1022F000DAF2ECC91A0BEAC3FFE1F2E827EBFE2B96
:1023000011B3E7EF1FBBD3F0DDD20001062D06F4B9
:1023100005DF17E9DBE80BC6480EF81608BC10FA13
:102320000015001C0AF5FBEF0ED42725C700DED6EA
:10233000362908D873B609E42DFDD0AAC0FA34E7CF
:10234000FCF401E10249D9E5F94B0FF8300DF02218
:10235000DBDDF9F806CBFA1701F95035D1DC1F5552
:102360000F2DDEFB0EDB188EE1FCD6FC0BF4CA074A
:1023700029B81C09D42BE8E3115CC52A1C44453D4F
:10238000A5440B0C09D2EAECD108EFFE0DF8EBF0F6
:10239000C646E32E0F0407E8EDE719DBFE24E80547
:1023A0002DEFECEEBEF3B83EBCFC0F05D809E6C538
:1023B000FFC00BE5F4F0EFE4D1EA161346F4D10CBC
:1023C000F902DC2CE7BD3E0A1E0ADFD5F5FA28C566
:1023D000C02236031A7F1FC5FDD012B901FBE717D3
:1023E000ACE009F5FD37D729F4B90C0BD04F04EB5D
:1023F0004EF0D4E6B8E006BEF014E1060107C601CF
:10240000ED19072C01D509EC23EAF4FC00F3CD0DFE
:10241000E3EE4CDF3A3827CA58230639A2F9CA003E
:102420008BDCEF321D3A2E04FAC71F090B05190188
:10243000BB51E6E9E8DE1321E313EFD3D9FFAE0980
:102440000DF30839CBD5DCF125F34A4FF3EB03113B
:1024500029DFE6D2E2BCC63B742AE75EB9F1DAFABC
:1024600013EAEB25AA18C836B606141DED08D4E207
:10247000EBB6D901F7CEA5F5D416DE19EE193D134A
:102480002838FB390104E1F537DE9DF0C915EF125C
:102490000523261AE9F4EBF70BF6FE08F24DE628C1
:1024A000E209D40C2ED7080E090B0B1EE50BC1C395
:1024B000FBE6FDE0E80BEBA4FA22D44DEB1CF92A75
:1024C000F321E4F6FB171708D702C707EE3B27E511
:1024D000C80BED0F0826F9DDC3C9F3F7DBE7F2FB04
:1024E000DDC4F81E0603E80CFB05BFEFE90507D7BE
:1024F000F8001DE9C103F03A04FEF41C132BDBFBCA
:10250000FBEC811BFEE3F8D8F6F21EAB11ECC8D64B
:10251000F10006CF2518D8E9EAE5A808E2D501E1DF
:10252000FE1606FD13EF2CFCF6DAE10AF2F40E2398
:10253000F1CD1B0223902ADC26DEDEE215EA28F428
:10254000E0DA0EF9F14202F6461112EB040BF8FA4A
:1025500028250BFF0FE2F43917FFBBE99C1018C5C3
:10256000E605EAEB1DF5F30A03D51328F2DD17267D
:102570000312ED11132128CE12E8E4F4E8F41FED64
:102580001423D1E006F0ED10F4C03E4C04F0D24725
:10259000E2F70229D9E6D62C240842EBF8352812B6
:1025A0001BFEFEF11B0C0A08053909E9FFEB08EFD9
:1025B00007250E2CF2E9EA35DA1E2BF81413E9FB95
:1025C00012F1070DF7E42EEDF8F00D33FDFDECFFF1
:1025D000F3D2DE0A1015E7120BE8BBE43A2A160A1A
:1025E000F4DDDCF9F3FA19F012F7D714BEDF0816A0
:1025F00005E0E3F1F5FF1ED9F5EB041409E005E170
:10260000FEF824E8E9010ECF0C032605D0FAEA14FF
:10261000EFF7FBF7EB3EE826E7E8EBF1091309DDFE
:102620002E01D2DBF4E8FC1101F3E20CFCD302EE44
:10263000E6E7E2EE061217F6F7AADFF6C9C7FAE6F2
:10264000DCFBFC12CDECE6EAFE05291AF0F9E227E4
:10265000F3E5E702CAFA0022FAFDF6E0F6FBEFE83E
:102660000DF3DAEB0AE80AE8E8FCDCD61005D7132C
:10267000E00CDDF4EA0AF0E705DCE805F82E01E8F5
:10268000EAEE3BF208FE81F4F6F41118EEF3E20CE8
:10269000FDC4E2E8F9F3E8F9EFFC16F202ECDFF62C
:1026A000F5D1CF26E8C42FA106E3D2E1E8F80D1E4C
:1026B000DE0FACA3FB0712DA07D8A7F8E00707F58F
:1026C000EEFB2F02FAD8FEE952000C09C8EC0FDC31
:1026D0000ED3FB06F8FCFAF0FEB412EAF528F0F38C
:1026E000DBECFDDEE41726E0D7E11122F7CAF7C1E3
:1026F000F7AAF80E1D29B7E207C9044156B8199F79
:10270000E9D5D0C9E32406091BDC383F29B3B91D3C
:10271000EB2B10E0B80DF7201EF7EDFA9E222EF1FC
:10272000120101EAE9E30531FCFC0A05FA1619E891
:1027300025B10BD1FBE033279CEA082AE7F4DDBB87
:10274000F2CCC5CF0422FB2807272726018CC1CF56
:1027500002D32700B8E9BE0BDDF1BD241BD5F0057F
:10276000DCB9042ED6D1A5F0D8F1E81EF20F11FF86
:10277000CFA123EFF8CEDA0DCAF0180F09F84213F3
:10278000E7F7D2ED3BCE810AF613C719F8250DD72E
:102790000AEAEFEBD3DCF4FAF8FD243AD004E7B907
:1027A000E7FFDF170C9E1C0E1DDE28301BFF4A17AB
:1027B000042EF1FB28D8FDFA1CEDC5B1D42CFAE9A2
:1027C0000A09A5B8FEDBD602D81104EEEAE52130ED
:1027D0000AF00EE2FF9E16D51AED18E7DC01CEE9ED
:1027E000D825F623B2C9D7070D1DEC2421E0251CFE
:1027F000BE150E2603CF053325FEF1E80E149D2EDF
:10280000214CEDFF08DCE500D8FAF2F4F60D502C6F
:1028100032E517B3E5CEF0162AF101E51A24301C93
:102820000EC6D9023B1A2CDAD106E4D4FFCCF80943
:10283000022F0E09D3F612ADDF0129EC3144C02975
:102840002BC52205F6A3EADE10E1E31E05DD110625
:1028500015E60CCF0CCA24B53AABE3F026E021B361
:10286000CEDFDCE4BCF932F6EEAF1B27F4C5ECE9B1
:10287000101CA4B700052AED0420EAEACFF0EBB75C
:10288000FDDB38D3FCA503B62EC4F6F5E3153800FE
:102890004396EBC4130EEBF53DA0F3F1C7F01BDD3F
:1028A0000C05DD0B3113E2E4F0F21706E70108FD39
:1028B000EDE0FAD4F23C07F129D2D2E3E431DDD0E5
:1028C000C5EFDBFB01D7FDE2340EB91606E70AF8C7
:1028D0000D10C903BDCAFBEB340E65E9F805FC2FEA
:1028E000CEFEF4EEDB11F3312602F2E30F0B4702CA
:1028F00005D8052DDD1C1CF0ED37FB290A1FB40996
:1029000008334805DF1DF2DA1D081A47E92DF4F1F6
:102910001D151CED00D6E503EA19FBC002DACEFC5A
:10292000FA9813FCC7264455CC23D2DDF57F20024C
:10293000F5DC072443164C63DBF10C641B4800EA0A
:1029400006F2ED0AD53D39065E120DFAAFAA541112
:10295000190C42E30ADF1EF2BCDCE1B6B20BD7E38E
:10296000C9E119490902CCF540C6EAE14D20F64912
:10297000DDFFD9F80851EF343A280205F611ED4091
:102980000BC306CCF00041F2F3CBFAE30FC42DD217
:102990003B1F490331F72E8647550B3DDE190325B2
:1029A0001D3CEAFB0828E32CF8FDDD065324C9088A
:1029B000EB4B271C32D1146DE9F5E9DA26ED02F66E
:1029C000FDF5D12924BA09F91CF4E008F32C0FB065
:1029D000572D2AE71C1310EFE1DBBD3005F9FDE4AC
:1029E000E7B1311BE421295008120923CCFCEDFF8B
:1029F000F3040E1B33E0BC47DC2C1AE6F6FD21364F
:102A000018AFF3F9181F1CEDF0BEAE03D4D80B0FAE
:102A1000D81C38F80D002FE4D3460FE4EF0FE3295C
:102A2000D921EA01CE1327013E27E345E8061B0F13
:102A3000DF0A4B191EEAEBFC140EF6D90F0215D66D
:102A40001BF9F02FEAD516E8D72CF6F24449DFD867
:102A50000CD10F0DA602C8C9D8DFE709D10838E5A7
:102A60001DEAFCF7FE24D940F7F8F22515B7F8BEA9
:102A70000ADC3114A6FBEC08E1DC07E04481FD012F
:102A800025DCED8803F51D0898078CFAC6EC0924AF
:102A9000090C23B6F79D31EC01F22813DCE8DBFBCF
:102AA000E25032D33204AF2F35B5FECDFECF10F158
:102AB000ED0281C10EBC0AC20E89F21207B40105F3
:102AC000F482ACC93928E82BF1363FF4DE1B111033
:102AD000CABB10B4ABFA311404E9250DCAB046DE06
:102AE000CD2CE421F92218492EEF2C29CEC5D02176
:102AF000201B29F3F4E01AF1FE9DD6BCE1321AB690
:102B00000AEF4CF616ED0AF431FAB4273CE20DE375
:102B100007F3C50A9AC6D3E43AF10AF2320CB86C4C
:102B200029CAE5DDE5CF481412240F5F9A20E4930B
:102B3000B31C2E1DBC16B4DBC8FAE3032FF91E43E9
:102B40000F1212F4F59ED10018101DFEFF48DAEAAC
:102B5000DA4A13FF14FAD2EE03D3F1F1E216FAC700
:102B6000ED3BEFD9F2F3E015AFAA043AF6F2038990
:102B7000F6DDCA96EE90DFC4FE3DF4F7EDCCBE1351
:102B80001516B6D222FBE8B20410E8DBC7C812EE75
:102B9000BBB3F2AC3BF69416DAD5EAFC29F627D1A2
:102BA000173006FBC3C1020430A05AD2F51731EC2E
:102BB00007E29924C9EAFB0111BD1711DD0303E700
:102BC000A0E0ECE3CB35D3D319D9F92CFDD6D20450
:102BD000E0F0D832ECDAE14A1755CC43C2BD16F129
:102BE0000606D11A211545CCD0D9090F105702304D
:102BF000DF5217E011F9DCF537F8EA9D0712CFF242
:102C00000FFD5E20F7CEF0AB19F3091E08B609E000
:102C10003F1C32F119C3298C3C22F41120E528D93C
:102C2000F1E6F50B211B1314DAF8333A36D0F3EA48
:102C3000E062DEE6E9760B1027F6D1F0C7F3FC0D73
:102C4000F3E03224081D46CF99F2FB0E021827F359
:102C5000603B20FDDD0F33FC6C20F7121C3F3086FB
:102C6000FD2FE436D8BF1451F32627F551F0EC16AA
:102C7000DE081ED21BFF0E1B0EFBEBCEF5F3C51DAF
:102C8000F005460501280ECD12C412C9B23125EA5D
:102C90002807FAC5031331C22E73202C290420E61D
:102CA0001EFDD4093C20B73246AD0E1107B8EE190F
:102CB000C218C4FC192610F365E50912B866CBDF0B
:102CC000E1D514352EB3A7B4E9D9060DFDC4F8FE3D
:102CD000341F090A11D447D25B1F2F42EAF7092893
:102CE0002023F551DEB0DB8121F7390A1BCBD63E1C
:102CF000BA04E9CAF21BD1C32135E715E94F0D2FFC
:102D00002EF20C292ECD04BB36438A1A143B48C13F
:102D1000D4E6CFE00B14E9BF3412280822EBE91601
:102D2000B607B64BEE3F6D1CDB5FD151AE20F1EC28
:102D30000EE409C7C1072C2C32213E4CF100ED2CCA
:102D4000161D90DB491F62E8F204CBF2B8D41CC216
:102D50001EF723224BE85CC5F1D5EEF1300D05FBE3
:102D6000A52AEA230B03E366271CFCFB4208F5D7E0
:102D70000AD724DB3CDA230F032ADA01390397311F
:102D8000FC1FE1B5D92C54F8D3CEFC0F2BEFD7D9CB
:102D9000ECD0EEAC0CB0F0081818C4DEBBDBD514D8
:102DA0000CCF372EAF0CD1D2CD1EE2174504C5ACE7
:102DB000DF0D13030D11E0EF0524E00911F4CC1D24
:102DC000ED02E6D4FC163AEFEED51327030B319E45
:102DD0002FA0108E234B081CF3F6CC30FB521EC6DE
:102DE000DE19C60EF3C6F00921E5EF3126F0CED884
:102DF000CBEEDED42CF214051B0CFC1B2E1027F797
:102E000012F09C0F191332F5170CDBD1FAF141C106
:102E10002EC461C424B881DEE4F41523E819F8FC5B
:102E2000F411BEDFF5DAF03E101D03401F09D8DFB4
:102E3000EA3215E256B4E91C19F0A78B07FCC60963
:102E4000050AECD8E31D1E05EF01D7362A070F2B24
:102E5000D6B6F6E031DACCEAF3070FF1CEF10D0E7B
:102E60002614148114FBE039141305DEF0FBCD02A7
:102E700013EC0AF40A05BF0300FED7F1E0F915DCF4
:102E8000E61FE71F04052005CAFCEEE5090EF12147
:102E9000DCF70A1308130FF2C40840110BD2F20436
:102EA000CADAFA0A14290AFDF7F00E18EDF4E1095E
:102EB000E1FF08E20D2B26CC14DC01C5F90FF7DF8A
:102EC000E0DF07F4014E01FF13DDFA2B0901EC07E7
:102ED000F7D5E20EE810F6DB072504F00A1E1216FD
:102EE00012EAE8F9FB0A28EAF71800EB0727EBDEFD
:102EF000F1E7F1F1CDDADF38EC44EF230005E5032B
:102F0000E62AE21E02CDF606E0FCE7D2DBF0ECDAC0
:102F1000EAE718D91B1ABCEFF6E7D22D0C1E0AF40B
:102F2000DF2BFA3DEEFFF91104E6FC18F7E7FFECA2
:102F3000F7F203F41AF4FECE06FBEF1D16D40228B6
:102F4000FD061CE011280DDF0B0EC6E2F835F80C6B
:102F5000FF032407F9FDEADEFE38B802AE0CF3F6F3
:102F60000A18F2E1F305E40E12FF10F70101DCDEAE
:102F7000091807EC08DFD263ED140ED7EFF006F066
:102F8000001DE418EEFDDA00D7FCC6DF030813EDE0
:102F90002A0619D9EDFDF0E00B1CF721E2D2DCF195
:102FA000F3FEFC2A06370822210A05F622D9F81476
:102FB000EFE300FEDACFF6E6FB4C14FE51F01AFB0D
:102FC000D9E313FCE5DC1600FBC034E90C09DADABE
:102FD000180DEEC0170532C1D808EC1FF0110B1107
:102FE000EEF8E50A0816B9FA2F2ED7D30FD1D21171
:102FF000223EF71335D70EDF3F0BEDE4CF24F1135C
:103000001AF7F3010F204211E1C41EE11CD5E2C6FC
:10301000DFDE17D2D3F109FEDB0CDCF0E80BD412B3
:10302000E814FFFF021325FD2DE0D8AE150CFB4D73
:10303000DFF69DEFEA0C382613D8DC0ADB06E6C57E
:10304000DEBEEDF6F1D633003DEBB71F0F11F8C32E
:10305000380E1836C1D416C80BECE4EAA881223425
:103060002414F4CCD3C719000816EE22F70F1A0760
:10307000ECE3110BF096B805031F1312E2B0F5C88C
:10308000102E25FCD6DAEF1BD2D8C3D1C720C21828
:10309000D018FCFD171DFAB7F2DBC5C32217E80AEA
:1030A0000C11ACB5EBF3AFEC14DCFCACC9E3FBEFFB
:1030B000D094DBFFC2EB0814FBD0E7D505CE21C9C5
:1030C000FEEFD7FD0BBBF812C9FD26C53DD9BDD318
:1030D00019D6ECE4BB01A9F4BAF7DE08EE8511D6E7
:1030E0000C59F8EA1915B9E108B30781281D060C37
:1030F000DCF1E5DFEA20FCFE0FD313FE25D4E8F275
:1031000001BBD3B7E70C09058FF413F111CEC90148
:10311000D205120DFFEEC5C7EF410704DDFC1F0904
:10312000D21D1501F10FD324252015EB2FD307064F
:10313000D9EEB72410E8353F0CD31BBCEAD6FEEA23
:1031400015CEE0BCF20404010FE90E10E806F3C34B
:103150001512F6DBC5F837FCE762ED00D9CECF4C8F
:103160001ACAF002F72C1C27CB49B80FFCE909C694
:1031700009F507360AD809EFE11105144231E906CD
:10318000E7E92855FC06FEFE2229DA0FF72D34F573
:10319000370614D310061FCEFF18060CEBCBDCF15C
:1031A000F7E41113FB140DE1B6F31A0DE3E5FFFC90
:1031B000E30430DED6F5CCDABC0EDC194A3731BF79
:1031C00024F2010AF218FE0E1FEDD7C903F9070613
:1031D000FE2917FA0CEB2ADBE0E90612EEB8EEB78F
:1031E000F61534FBDF0B0A2DBCD942460C17F6DC72
:1031F0000FB51CFC351DEBE4FC3127F9B4FF271794
:1032000014D801D3E1EFF4EF00C8E7BFE9FD03FAFA
:10321000CB1E171EEDFF030CCAFE092107FE16DEAA
:10322000060CFE201CCFE500E6EAE6E32B0E07EDD8
:1032300017E50006DA2703F711FF0E1D32E7062314
:10324000010EE4F8F4D503F93C13D4E8140743C99C
:1032500036101CC4F73EFBD73005110D09CB480AC8
:1032600007FE271FD9DC02D9FD17210AF4EF08EA6F
:1032700018CFE80917DF021E390638E6CE350504F7
:1032800000D5EEEC0E1AD2EF24F3EFD808D1E0C649
:1032900009032F004C061A062FE6040AE0DE1C255F
:1032A0001DF81BEF070ACDE737FDD03D0806E5F80E
:1032B000FD111CF91DD8F0FD031DF0B41A08F0DC57
:1032C000F71A03E404D902E8F31C041B2806ECEB0C
:1032D00006EDF61C2DAB1BC61917E2D6F5FA1BEE50
:1032E0001ED9F4C6C136FAE6DEBFFCE4D9E7018197
:1032F000F9EE0CDCCBFA1EEE0509FD3D0BF1EDCC31
:103300000CD7EEE50439290AEEF7094603C705CEC6
:1033100027E430DC0317062FFA10DE12151E251FD6
:103320000EE20AC7E60E0020FA13E62825DB020AA1
:103330000BA4241D5712C10F9B01F2BE2FDB00D23C
:10334000E7F40FCCB4FBF414F7E416F5F7F5ECCF83
:10335000C0062EE897D2A509AC1BCFE9C801D3BEA1
:10336000D922CBF348FACEC017F5ECD2F916E40D0A
:10337000EDD20BE21F3EFE022713DE20D60104ED44
:10338000D1DE140FE026F8F610FBEFE3080407F88F
:10339000FCF7FCC4F247DECED805ECE1B406EBDD69
:1033A0000604E40A36EB30C503D7F5E7010E1CEA44
:1033B000F9EEE8E6BF1AD6FFE9C2DFEB18E0F40E3B
:1033C000D00B041D81D0F9230E9933D9152032DB9F
:1033D000E93615D5F80E0ABD0F28E6DCD9E124033D
:1033E0001BEBEFDEFD11F6570FE814E60CD89FD566
:1033F000E53906F0C2FFE508E1E30DF50D051DC74F
:10340000CC161108C618180CEA9DEBEACCEAF40AAF
:10341000052DE0B13F0436C5000AEB0CED0DA113FC
:10342000BADCE3EB1FF615AF0BF4CCD7F018E6FCD3
:10343000D416FC0014102C530EB1E90AD224E6D3A2
:10344000C6BEF62DCE18CFF726990B01E7BD238116
:10345000190DE427ECFA081F285D22FD0F26DEACCB
:103460000EF2F2ECE4064C1CDC19B638E81715DC59
:10347000D3D80DFF1B4F1ADFDCF7E6E724DFCAECD9
:10348000D618F41DA92C2EF251BD1632DA0A1EFFF1
:1034900011171F3603F81B09FA100EB92E1BC0C1F5
:1034A0002105FBE519D0F612E9C5E61E072DFB4AFA
:1034B000A1DF0AE912121D1ED9D01DEBF0C0EF21C9
:1034C000DBD60403E9F3E9D8FAFF213FCFAEA6DB50
:1034D00009FB10D2EDE1021BD025E6D9E94ECDDB88
:1034E000F8FB09EF17E013FEEE3907191AFECF05B6
:1034F00016EEE71BC11639E4D0B7E1F249FB001C18
:1035000030F68A11E6E519C2D0D30DEDEAF0E921D3
:10351000FF09E212058A10C1B4A116ECBC24E3F540
:10352000F6F30204B234DD2A1FCDDCF1E728DAAB72
:10353000DC51D3F722A0F814F0D1F617CAB88401F1
:10354000E90594A60BE30D1239081F001F19DD2DA4
:103550003D9D0819E2C40860140DCE0C1A21161303
:1035600029C8FB24032404EB24F01B0718A0C496ED
:103570001111E80624C6A70E1F02F2E94AD740C07F
:10358000F38134BBF733D4EE05F5032B3D0DCAE5CB
:103590000DB722ECEC148E1AFEFB254CD41BF1F572
:1035A000FD1E111D2B14E6EF2130DE10F9F8F32576
:1035B000DEE9DAFE47FE02FF000B1D261C3412F87E
:1035C0000CE9241B23D9AD3D2E0C1503EE0BF0E2C4
:1035D000F4DD402A02ECC9BFFAD5E9FB031123DF71
:1035E0001C3811300517D70D2636150656FD21114A
:1035F00005E7051B0E304004DFD42AED2F341026DA
:1036000053BEB9EAEF432414BF16F51B05F7D818CB
:10361000121C35D20FFA2CFDD53C372113B6F20D12
:1036200010CFF833FA20DAF8C11C040EE90FDBB42E
:103630000C19122323EA0E470BEB01462B3C130C0B
:1036400022C32C1FEE284305212AED0F250DEE1273
:1036500043FEE4110427033FF9FFED3DE79B040817
:1036600031E4102E312633E5CC12FE0614FC11EFA6
:10367000FE2B3321FE0A0EFAF617241BFC1B150E37
:1036800006ED1D2C001BE60D061FD4C22CF23E0CCD
:1036900036EB35F5F0331929F111EE1706D20DEEA0
:1036A0002DFCFC19EAEDEDF9C8D5080BF6310DF447
:1036B00007FC42CBF2BE9EFED608ED431F43550DDC
:1036C00049C40CF12913DF17E2DF07C9DB02C2F995
:1036D000FF1223FF080C29DCFCB32C16FEE713F7BE
:1036E000EEE41D23FD00BAFA8103640B35DD30E6FC
:1036F00011CCE9FD1CB14103DD17EFEBD2E4FA1F59
:10370000FD0421CF1FE6F2C4DDC7E2DDAE06BA1428
:10371000EB03F51D3D1C09E8015FFD25BCFFE5F14C
:10372000CF07D1F8F2ECEE31271D041139E3001870
:10373000DCF510E816CF2D3B130ED6C2D4ED0A1FD0
:10374000FA06D511EF2712F50B20CE2F12F5E1F86E
:103750002BFD2AB9FC140AD308440D2DDFE1DDF15D
:10376000BC010028FDEA0737CE24F926121E0D1CE5
:1037700012E2110510CCDD050010EF0C1BFD053227
:1037800006DAC21C15CD03CE35008101110B06F1FE
:103790003F1744E7012213D30419FF29A9D70ED7F5
:1037A00014262424C525D923EBEF013C28DFF4E1BE
:1037B0000005162821D4CE03FF2635C3F8F71C24B4
:1037C00025E619FB0FF2F9D712E9E3B62D1113B371
:1037D0000FF62801020242D70F23F5EFE2E3130BA5
:1037E00011FD1002AD0ADAE127CE29280FF2FFE51C
:1037F000E6233F06ABA7E1131C29FCB8371514EEEE
:1038000006EEF1E62200170CE2F5E9F522F1F3FFEE
:10381000EAF31102F70B2A0420F91713FB05F92527
:10382000CFEBEEEBBE14C7CDEB0527113BEA0BE067
:1038300016EC2EF1EEFDF41C044DF7E6F41C0AF92B
:10384000FFE813E3F5E719E6FFFEF4FA0BDF13F4E4
:10385000ED0C11C916EBC8F60B170F05FD2A02F483
:103860000FE8CB12F53AFDE7CFE60414EC05040EA1
:10387000F3F810F307DD0A000BFE123BFEB543EB35
:1038800017F0B5DA3E02031DF7FC05DDF1BBE2E1FE
:10389000FCD0E60D250728D9D8010FF39114D705E0
:1038A000E824F5F517CC1F251C2E01160405D30AB4
:1038B000F3AD06DE1AD41EE801CBF39E282DC2F725
:1038C000F7B7C5CDECFC25FFD8DC023A1ACDD31BE7
:1038D000F3D406E80381D328EC23EDFEDD1314E6D0
:1038E0001C1410E7B8FDC0F2F428DB241609C3C28B
:1038F000E5DEFDFDCBD2E427EDD6114F1DFBA9057A
:10390000EFF3E60BFFFA08FCDC071B12050AFFD3F6
:103910000DD207F2AE11D1FC0C0ED432050634EAFA
:103920000423F526DCCDFEFD2ED611F419290AFC60
:10393000DF11EAF316E3E704FF24E507F10C1702B1
:1039400019DFEFEC20EE18FC0F002CF6FFEE19CA81
:1039500009E44104112DCC0DE902E52F0C13DD0A19
:1039600014DD03EEFBFEA7F70AFBF513042B063567
:10397000FC162FF128D2E1DB4FEAECE41AFF151B0D
:10398000332B2320059FF0F208F3CEE0BB25162150
:1039900020F30A01181CF6EA02E727070900001DB8
:1039A000F0D4D51E01E22B2616C8E6DF81F3E6002F
:1039B000BCC9F0B7EFE8C2FA1A19F327F5030BF206
:1039C000EA2BE8FA120E06FF0B11BCC727D72DF41D
:1039D00022FDC31CF502ECC723D5F8EB2003EB2531
:1039E000E5F4EC2105C80AE2261001E7EE11030E0A
:1039F000C506E4EA24FAD90722FFEE1411FBE94DCB
:103A0000ED1307E810F0D5F2C60CFBD80B3A1DE811
:103A10000D05169E00E2D4D6F01FD7E330F012ED6C
:103A2000E3FEE1FAF726D1CF17F1D9ADEECE0615B8
:103A3000E822E0F314F60CDC0FCB20F701050802B6
:103A4000FFF115FDE7D7FCE82FF338CC1ADD10FDA8
:103A500015FA08DD2CC4EC3BFE10E2EDF1D8180F8E
:103A6000CE06F2CBE030ACD612F2FAFD0C05FE2AFF
:103A7000CE0EFF0757C2E5E4E2F50AD124F019C6DD
:103A8000F2D63DF3C104F0E62BAE07172EFACBEACF
:103A9000FC29FA0F17CD1C20ED10E801E32419EEE4
:103AA000EABDF700FD01EB121F04EE17F1EAE91C75
:103AB000EDF004EE0630E9C917E3EF1D30B008E081
:103AC00004E2EF03F0EAF7FE22B6F00A06FCD80E95
:103AD000F10FF927CDC9BF00DCB81A00FE33D6427A
:103AE000DBEAF8F2F6221506EF0EE5F51F26F808D8
:103AF000EC08DB0E4616C70DED0B06E7F8042BF3BA
:103B0000F2C53F2EBCD022FB19B7213CD827F711B4
:103B100022FB10081715F5E8DB11F10BC8FBFAC7FB
:103B200001EAF0F60D3904FC09FAF503E114F1F3AA
:103B3000E1D90E07D3202718F50815530CDB29F51A
:103B4000CA000DF8BCF91E1D41DD120EC3E11ED4E2
:103B500026F9F925E63521D5FB02F4F5F1FBE1382C
:103B6000B8EDF2132002071E041EFD202924F014D4
:103B7000D0E2FAF81E160D0BB804F92D1B1BE6FE59
:103B800009DAE909F0F628F427C9CB0726DCCDFAD3
:103B9000F5FAF7EB18D6023FDAF5E7D9E412D8ECDC
:103BA00007B2111DD904D9F8F4FC01FC0E02CDEDC9
:103BB000E9200415EC07DDFEFEEA0B0A2AE80527DA
:103BC000F4E8EC16FCE822E8FBDF1702C72D0C1E18
:103BD00036080BFBFBE7DA1BE914F7101F0800039C
:103BE000FC23F6210104E504F60916FA22F5D98131
:103BF000E515EBE809EF0DFD15D7F232DB360117BD
:103C0000FFE1DE28FE13230BFF0A0C1F231808E038
:103C100038EB12F126190EE522E701020AE635011A
:103C2000E5FF0C0F0B1CBC3CFEF7FFF2F2E315FCAA
:103C300001E6BACAF8F010DB1514FB35113019F89B
:103C40002BFD2D0320C52BEC21FB22F31E3017E0AA
:103C500020EA2620ED1B03FB1AE2ED2C04D34B24B3
:103C6000130AF228E30E221538DB0B23E8E8F71CD1
:103C7000E908E30C2DFAF5F2170718DFD212EA1261
:103C8000FFF621F4EC1DC3F136FBFDE2162721E31C
:103C900010E6ED1711D9090B1003E106E0DAF50C77
:103CA00007C0CED800EBFCF1FFCD01EFCCC0021A6B
:103CB000DB111BF581E52EF3EE38AEF2330C01E09B
:103CC000F2F000141CDFDEFADBFBF50CC617031A5A
:103CD000F1E9D0F41F06F4E5131E15D2F516CBC892
:103CE000CAFADCD30C1645E1CA04FDDDFD13181D2C
:103CF000DCC207E2DA12F501DC352C1EF5D0060A2B
:103D0000E4F5F902061016C30AF21436FEE60BDAE1
:103D1000CB06EED1FA1014FBF7EC021245072D1476
:103D2000070C1DEC0444CC21F61EEB290D36F52BB7
:103D30001FE1FD1829E0D50DA20929F0102A04F091
:103D4000B914ED0FDDF410211AE3F6C9D608FB0A09
:103D5000001FFB212EFAEB25D1EDD1069F2CEE980A
:103D6000F8EFE5D200F6A34AD31B23F41300EDDDF0
:103D7000E76719102C0119ABE405CFE6E9E7AD0EB2
:103D80001EF4BFF016D23EBEF7C984E4161D2839D2
:103D9000D21BC2EADB031042FBE255D422B7203A21
:103DA0001212E6EC20E4263711FD05AF10CFAAD0A1
:103DB000E45B420BC736B808FD0D02AC141EDE10E2
:103DC000BDED09B6EA05E9F8E602031601F2CB4FAC
:103DD000D4B8CD000C04021C12C7D5F117E9143A6F
:103DE00031D9153821E209B02DF5E3C7F2D5E9380C
:103DF000FA1FF7CEDFDE3AE531E5F808E82D200DB1
:103E0000221410340FF8C0F03D1C266C37D5DCE3CB
:103E1000FDD0DEE91DE71D0E2CD623F30F31F1F5A1
:103E2000F9F1020EDF0339B403F4F5E31BD01829CE
:103E30000B0BE2F00C0222F306D2DB319C100207DE
:103E400047EE1EF712E8C70918191A43EDFD1FEED9
:103E50000DEEB405FAF622101C0F4C16EA10D8D25B
:103E6000F721DEF2810AD10A13FC27CA0AFE35D1F6
:103E7000EE1E0C1515CFD22EC1C8E133FDF6BA22C5
:103E80003BEEEDEB0FD124D40515ED19FEE63B0317
:103E900027EEC9AFE60AFB3F21CB2E0208F2ECD495
:103EA000F5E1D512F4FA06DCC8E327F71AFD00EDB8
:103EB000E04513F71602DBBE030707DDFA0DE41D2C
:103EC000F7A40A01EF265BC815E986FDDF0033D1B0
:103ED0002A2413BC41F8F4B9FC01FCF5C5FB34D429
:103EE00007C5CC070EC1E211F01B02EA1AFCE581FE
:103EF000011603DB02DFDC07F730D0331A101A009B
:103F0000FD070A2D053836F4C0C787A602EB1C0052
:103F100012E02CF81E27E6F4F7F71F0B170A511CC6
:103F2000F8DB0B1D03CD2B1FF60F02081DCEF1C3CE
:103F3000D4071E0A241104EE1BF7E5EBFEF00F1860
:103F4000E8D41E33212DF9DDEEEDC2F728F1141C63
:103F50001EEB00FCF01AC936172D144ACA0039337B
:103F60000BE0DE24F4FEF2E8090CFAE416F7EAFAB4
:103F7000EC0AF7E3F8F50532EC09DAF1FD09E72977
:103F8000F6F7031E020ABA07040CDCEBDCC826EDC8
:103F9000550B1EC8EA03E7EE1D1DF914E7EEF1D438
:103FA000DD11EB1EE4DBEC22F1ED09F90BF3F1225C
:103FB000F9FE17FD0DC3EBF7E4EDF60B06E817531A
:103FC0001EE43ED7240DC4F61325FFCF02E30810EC
:103FD000141B37CBFEE805F0261BF229B0EADFDC24
:103FE000F3130A02FEE7FD2225D1FD191422F2295E
:103FF000E7380B253235B4010AFD12F3DEE6012065
:10400000F6ED3FF2F9F725DA15C3810EEFF238E34A
:104010003B133DC9365032CB1601D6F80E171601A8
:10402000E1E7F1D91EFA0AD0F9ECEB0915EBEDD76F
:10403000FF470CFDF00108071ADDE2DF04F90F0469
:1040400009DFDA04F9F10BFFCBEDE1F90EE406E646
:104050000616E6E803ED1AD418203CB717F417F754
:10406000EC10E2E811F632F001E216B7FACA0DDA06
:10407000F7FE07F4E90833E0F0D8F3F2FEF0CDE9FB
:10408000F0E3E105130614C109E4D62B0BCB20079E
:1040900028F5E2FAF0FEFBF60CF2201607E423FE08
:1040A00036F2D317ED14F1D9EB1C021801C5DCDC94
:1040B00010DCF512F71FFE1EF7E9062200E2FF05ED
:1040C00000C418EA06C8D00BF008CB12F50201E3D1
:1040D00038F31EE4DC18EA021C2C261FF8E318F162
:1040E000110805E4D2F4F1F4F803FAF70ABC0FE67C
:1040F00002F212171F04DAC7F0F607FA27E335FBBE
:10410000F9ED02DBE013D2F101241BEFFCF9F3D34C
:10411000C01E081917DEF5E1F727FCF1DDC9B3EB86
:104120003CF4EE1027DCF4F6D6E9C9E80F0EED17E3
:104130003B06BF1837F424F2FFFAFABF0A131C211A
:10414000EFB6330CC6E63FCB12E3F5DA143123CCDD
:10415000331724E6220539EF1B008D1421DE41D5EB
:10416000F7B7E2CDE03E3004FB13DD059DE8010525
:1041700011E2C4C60ACAF5EA19C9ED0B0D3B16C90E
:10418000BDAA0E351C123FEE4D233112FDFD3BBC86
:1041900018E7FF08D2AC2DEB4B40EFF0DAA9195924
:1041A00006D42AD6DC10FDEE08B5EEF59C1509CC38
:1041B000F7DEEF2CD318C5FBE924FAF5CCF9EC8B2C
:1041C000BA2514D7BCE1BF0A0C05AF000DEDDFE046
:1041D0001724E53C061DFF190A3B08E2F125AA3722
:1041E00021E6FBFDDAFEF2CE0703E3D3E3E5071693
:1041F000ADDE1B1ECB13121CD5F1ACEF54CC07FB6C
:10420000181206BB01E9EAFFEA1118FDC12422E7F2
:1042100001ED10E30A01BEE1FC27EECBCA0AB98129
:10422000DB0C24EF135FEF42F4B224EBF1EAF0FB76
:10423000050EABF20FDBFBD3CEAE34E3E4C51BD9E6
:10424000E8F0EC0BD705170F2294FA3127E8242663
:10425000E8FE2FEA3417321815A4F01642C3581C92
:10426000141FE216FAD5D1FD12F2110E27F5F20253
:10427000F826F203FCFC3ACC24A2E6D510F1150096
:10428000E6D006FCD6E590F100F8003A1DE315FCF7
:1042900038221EE3C6AC28E835E2EB0013E930EC27
:1042A0000DE0E7091B15FEF5FCD500F7CDF7EF395A
:1042B000F8050AE8F5ED3AECDCD22302F704E5F95B
:1042C00011BA11F512C1E4F4FCF31107F1D815FC91
:1042D00003FF0CC4CCEB17142BEEFACF43C62BED27
:1042E00000AC0102E50F1A291CC8251AED091516A4
:1042F000F927F5F5D0BC0EF013BE00C6DDEE02BC0A
:1043000007B7DD0E40D0EFD83EFC6C28E1FC0DFA7B
:1043100008E7C92A07E81D3825F3282E1108DA1BFB
:1043200012EC0628F82AD0D3171214270209034BDF
:10433000F41DE920BCE202E909FD2209E344081D5D
:10434000F9F2DDFB2AB7D3F84205ED1EE1CEF909FB
:1043500014C581F020EEEEF72ADA31302719E31088
:10436000E80EFA39EF2BD4C70E0EFC0F1929141ED4
:10437000ED0DE3061FF1E3EAE85C00131955FC12AA
:10438000D2E53728DADAF6F814040E02031B04E744
:104390000EE4A6F31DBCF5E62DD908D6FA0309DA1A
:1043A000F025031C4DA6D1FCEF0AF8DB1ECF090552
:1043B000120F17F03312D1BA0E24DBE7C5CCF30E7F
:1043C0001340E43429B6D7CAD4EDF008BE2B10EE62
:1043D000EA20FE21EB2015D6DFF0F4F7175513EF96
:1043E000492F1BEA4EAE38131EFA1EE947C6203984
:1043F000F15724F13BEB0EC0D8CACFB8CAF7E6FCA0
:104400001EDFE0EC0ED4FED3F2E612E8B527300F43
:1044100009DAEE29F11FFCF4F7023AF342370FCD27
:104420000AE70CF40DF1DED20EED13F2099AF31740
:1044300010442108040616D007A5EACBEADDC11610
:1044400028DCF20FFDDC98F1F2DDAB04E8FB0C4553
:10445000F0D5B104DDEB1F1B44E644DF300D090F3E
:10446000EE202322041E240022B00F0214C0EF15F8
:10447000337F2404ED0403C501D6EAC9A006B53D87
:1044800018F72DD51FD9A4E7CE1608620FB11E4428
:1044900001E3AFE7F3CF27F259EE2CF4C60CFA0B89
:1044A000FE1B0624EBFFC1E6EEDD23942CA4CF1DFA
:1044B000FA3AD50807AE07DB3220EE010347001EAB
:1044C000F8F748EB36FEBEF30825AC4655D4F42089
:1044D0003019A0FA274A410A6AF7251208D2350B8B
:1044E000CA23EFC5CDC3188100C424ECCE02F8D294
:1044F000F8D7DAD7D820094D27FDF821C61FD8FEF6
:10450000DAEE24F5D60BFFFCE9FCFFE511F9F4E641
:104510001114D913204EFE061A0C0CEEDCE5D3E57F
:10452000F8E7C8C5F5E032B2030DAFEBECFF0F06BC
:104530000AF1FA08EE18EC2FEEF0FEEB9FBDA0DFBB
:10454000E1222523E4F3E8F9F9EE082FC3DC1BFA96
:10455000F2F8F716E925E3F51A42FB0C0826B3E456
:1045600001D4EDCA0B01FDFCF6D8D312FBEBDF162C
:10457000EA02C71B20F50AD1CF011526139EC4D22B
:10458000EE1700FF00F6DAD830DB2628B6E1230B61
:10459000F70BDEFBD80B2EDD200FDDD329FA00FE52
:1045A000EEEB12BEFF04185905F3F9F9C9F7F22C26
:1045B000DF16C909F7F7DBC80DDE1CCEED04D3DA30
:1045C000BBD5FACBE522D7FA1EF91A1BEE1327DE6C
:1045D000F3B8EF19E5EF040331052EFB30261EF783
:1045E0001C30F702DDF025FD18F51C07CDF3043370
:1045F000E30B03E3E821F6CF170BDAD91D3001F204
:10460000CD0C14CFE215EBDFE0D5022E22FE3024D4
:10461000E0E3E2F4F6E602E30CF93FE42437000CB1
:104620004AB5D8B6F7EAF62C1CF9D7DB33B9DACBA2
:10463000DFEBEDEAF8FAD343F1DA826ABEB109CDD5
:10464000D732D56C181009C3DBE6AF90D6E2E5E6A9
:10465000D4DEF41B8D01A6E7DB1D0DFBA63499FF0C
:104660008B19DC70FCD040C20AEBF90FEBFE363E32
:10467000C7F2F0C634C567E44903B2E2E00E243461
:104680001D0946EBD635E0D739E795E13C120A1D06
:10469000101527D5DB1922E01C79E0DFC5ED06F700
:1046A000FED3CBE7DC254300204B19064E5E9BC9A9
:1046B0002020110430B0A32EE14DF5D6340E202475
:1046C000E24AB61EEEE1DCF5310D88FA03D4D5BF1F
:1046D0000C4434D2FD3BB8A9CEF8C42581DDCDD041
:1046E000C902D811A5269A151CDC0B301ABF21115E
:1046F000EA9E0EF4FF0FF8D73901DBF73210392AA2
:10470000FFFD15FBEB3C34B4C8D8ECB91617DF1528
:10471000B8FB06E9B0F869ECDE7201F3FFF8EB14C0
:104720000229ED93A60219220D18FAD306D6F2AB90
:1047300021326527D8C03239011DE98FDF1BC4C77C
:10474000F80F15D4FE3DE70A0CF7D1C91EBAB02701
:10475000B40FC9DEF521A00BC10F0A2DF1E0B52D74
:10476000E6DCF9EFF2182549F61AF3EE90DFF2FADB
:10477000D5E3F8F1A319028E9CEC3E11FA01EDDCB1
:10478000B710ECECF9E7270ADFB7B627CDAF8E1BE1
:10479000DD029F0DCE22D4D925AA34C43E44E7259C
:1047A0000BE0E8FBE0E116C4230ADDBDE50BF552A2
:1047B000ABED01DFC0CC233FFC3CE941EEF5E64028
:1047C000083116E71DFEED1FAB017F39FB12DF122A
:1047D0001DB8A5F9A6EDC705F74D1A091B1CFFB2B8
:1047E000D8FC0409FED9E8F0211FD3020CA50F4C18
:1047F000DF2DD7E9E8145AE2F6E503F7E6D4B31063
:104800000F21D8FF22B8E9BEFDE60C1AF6236EEDA3
:104810002CE0C80DB09E24F6B5E1F91552ECFC4829
:1048200010F3E2CCBFE3BA3511E7E8E62AC2E3169B
:10483000F22C23F0503F9EF4FAD4E708BECBD8F018
:10484000ED0826B1E111C6BE1C0606F0F8EC031017
:10485000F019F6E9F20319DA02E818E436FF1AFC57
:10486000FAC9142F17FCB9D6DFFAFB1CD4F6C50C15
:10487000FD4F1406C000E5DD421EE99D07022A191E
:10488000DE16DBF8FB0BDEFCDFF9CFFEF7E113FDF4
:10489000F0C70447D2F7BF03ECF705E7DE30063672
:1048A00007FEBA1D1132E72A0E12ED22FDEAE805D5
:1048B0001131231E0AE90F19E303C0E720E50F2396
:1048C000064EEEF8E7BF03DCF5D90E0B9E2C18233D
:1048D000C5351A0E42034BFF156DCEF9FE01BC1013
:1048E000DDBE13B7553F483AE3E0B000E4140D369F
:1048F000EC075CD3E5FD9701C1F7AEBFF22CEAF7F8
:10490000E40B2A2BFA1A2E9926CBFD1FBD1C28EE8C
:10491000E80610FBF5E730A6F1F6DB9C1A07D2DAC1
:104920009EB5101C201F3E47B7B0FB1EAD122108DC
:10493000E0DA29E513E898B5DEF1E818FFBA1F348C
:10494000E75D2113F50C01F04B97AED4FB3DFDF371
:104950000C22FBFDE943FFF2D0D818F8C43DE32A4E
:10496000D5D70E2C4AF8D22EDD2F3B7F03E2EAE3A7
:10497000CDF0F12F25426B9C1825E1103E093A2F0E
:10498000B7151311081B2FE0F5BBDFFD3EDBFFD58C
:104990000C00EAFA02A7A127D633512DDB4B080AF7
:1049A000D006082727D406D80D4A2609F70FFCEAB7
:1049B000EC0FF5E4A8F809F8114B02352A2CEC2984
:1049C000F10CD050F05A3B000AE4264610EADCF124
:1049D000EEED04C10C12D9102EE99ED01FCC69E572
:1049E00053ABBBFD33FAF6149808AD06A8EBD1BA69
:1049F0002743FA2AAA0BE3F5D3ECE1CD14F2BD026A
:104A0000D4083F3E12D5BAE64CFEF1C6DCD9645B51
:104A10000E00D02308EFB0D8E2D6E937000B87D7D5
:104A2000E7D1F7F80AD9F2A4B981E515DC07EFFD63
:104A3000E4BEF0BA0F1DD001F937E902C92E12DF2A
:104A400006FC3C220B03C9CD5BE8EFAFD8DB34E0BA
:104A5000F303FA29F70103061F0BE8B8EF0DE4BAD8
:104A60001FE3AA17C1C700F526B1F537FF082F1EAF
:104A7000D8D300C6F21DE4F021F7C5FDE39EFF1771
:104A8000C1FE3DE7D3CECEB510BA08E6DAC4FCD0FD
:104A9000DBD3EB08EE0CD305E8D9DC28CA4E39EBA2
:104AA000F2E7E3EEDCEAB20C1ED0EDEAFFF605F623
:104AB00014138D2B3B0B28FE14B10C0506F2B947DD
:104AC000D5270EDCEF03A7C70095FE080027E705F2
:104AD00009D9E4CCEAC0EBBB1A0A18FF0D3DCC188B
:104AE000F912F5AC24D2C81926070FC7D2D6ED218A
:104AF000F62EBDE50ADA2ACD38FFFBF4CDF8E61E26
:104B0000DCF10211E60CC3D5E7B64E22F3D20BE37B
:104B100031C0E0ECF9041EE42D3137FD0BFEF84402
:104B20003CD1F7DBEF1C28FCF800F3B9D1DF03B56B
:104B3000F2E7FE15C918E3FB0B27120738FFD11364
:104B4000D5001CB8DE09DA16BBE2CEF2F1EAE5E3E5
:104B5000DBD6DE073D1F0EE1FF1230DFF2EDF6F18E
:104B6000081ADAF318E5B0ED15F1F49C14F0FDFF26
:104B7000E9EBE0E5F0190FF719E402230FEF00BFAE
:104B8000D1FEF1E9C4EFE6F395FD2D08110CCBE958
:104B900001F1EEF7D61FBD0FF352040AD9EE06114C
:104BA000D60709EBE119EC3BFFFD030DEAE9E4F55B
:104BB00008B1D61306EB1FD3E9FA29DAF52A16F65F
:104BC000F2ED1AF4CD1B1FF916C9E9F6060610E836
:104BD000F41A29F8E5F523EAF809F70C14F2F011B4
:104BE00009D813FEDD002212D239D235ED1EFF1195
:104BF000050AFFFEE8EBFCF2EEFFD8182F1EF5E5E4
:104C00000D0C1615243CFAFAF326ECE8E4260BBB4F
:104C1000150CFE0318F401D8E0E8FB04D908EFDC1A
:104C2000E4000B09123725F681C3FE0FF014F7EFED
:104C300001BE33F7EB26C511E73FFA100407FCF974
:104C4000F90FFF14081AD71812E8EAEBD0F4050D93
:104C5000EE35ED271F0E210ABDFF091AFF0AE8DE17
:104C6000FC2925DDD0D3DF364307F8F7D131D2FF59
:104C7000E7E2DC0FCCB30633D92DD355081FE2C5CC
:104C8000F72EE4204AEAF009F121FF3DEC04F0C4DC
:104C90000CF6F021D3EFE0051BCBB2152F22261B1B
:104CA0000F24251D06F9C3DB2DF7FB2AD821F3338A
:104CB000EDF0051B22140817B6490BDBEFFE2B0D98
:104CC0000935DD1E050CD5F6ED1F18FBDC635CC550
:104CD00016152B0F2751D41EF310C11B46F219BD18
:104CE00019DADDDE631BEBD6E3BC0AF28306D42DB2
:104CF000FE2B1AF6C111EA06EE1BEADB261401EDC3
:104D00002501E9EDFFE4F00ACDD6EED8AB4115243C
:104D100023D0B6D43B4A47F1270AF0E8F5AFF0A517
:104D2000E6EDA816482C301AE7B511E9FCD3DD3BB7
:104D3000F44009C74AB2BFC80E29C2CBCE26C6FA74
:104D4000D4FB43F004E4C308399C1A101071D81E38
:104D500000929D06F921FE5434F1FECCFB2709DEBA
:104D6000E400F8FC19FEE6C0F23B3820190201F21B
:104D7000F406CF47041DF3F147EA192E0522453901
:104D8000D8DE1F2FBFB4E7FBEF898117F8C1EA33E4
:104D9000FED8E0CBDBCF45F728ED4E22FE244816A7
:104DA00017FDCEF7D907E61A08C111C7FFDC09B411
:104DB0000F14DA242E0381B6E6ED0C1533D22F0240
:104DC000FBDAF2AED6F2EA00CBACB2F1F5DDC130DF
:104DD000DEF823D23510FEF910D71402CDE11BF313
:104DE0000123FDD0D0FDD4BB3EC413AFF0E0D412FC
:104DF000E7F6D20DDFE719FE44E6E305F822CFE738
:104E0000F2BBEBDDC210100700D7413E09F7FCBD35
:104E1000FADBD611CCD6EC0B0A4B3801C6DD0C17E9
:104E2000F90FD6E8EE0C211F1802E628FAEF01F37D
:104E3000FEE00210DFEE10EBED0B1C0C1500EDDABE
:104E4000EB2F243FE9CCE7FA2BFBE3E8F4364803E9
:104E5000031C02E3E5E80AF90A0201E913FBAA2AA6
:104E6000E4DD0DA2E212ED4DFC26040AF806DCEBAF
:104E7000F1E81C080700C0DB21EFFD1A1D2224DC2D
:104E8000FDE7091013E6F5E6FB12D0C4EF24150385
:104E9000D9F618FCF71C28E6EBEC1D0000FEE1F249
:104EA000FC2F13F5ED0D06011ED531D4142BE1FEB8
:104EB000EE111AF0EBFB14102D13260CF5FDD9EAB8
:104EC000090A260D04060B110FF21E150B0007E54B
:104ED0003504D7ED10F0D006064CF9F819FB12296D
:104EE000D71BD30C2A06F6E201DCD2E8003DFC23F6
:104EF000C70016EA0D0EE13115E3D1F1CDD9E4FE7C
:104F0000E9B82344DBECFFA6F6FCEDD6ECFC17D9A0
:104F10004F0225FB2CEC37812E26D50BEDCB00C59F
:104F2000F9230BFC263304CBDD0E18090ED60EFA3E
:104F3000E43825051B012DFAF6C2F7F5EDE6F7F882
:104F400002CCEBFCE12632D817F4E0F2F0DC1BE4F3
:104F50002B1FF6E414B934E4490DE0C60EE716D76A
:104F6000E90121D1F2E4EC26B42403CEF7D9E81606
:104F7000C80C1AFF02FA01BBE8E614F82F0203EB93
:104F800015C2F3B218E223DECBC4DEE90AE215F75C
:104F9000CA110202E2E4DB69160614D01FE52701FC
:104FA00018B31B270B05274F2C061B0D17CCD4F06D
:104FB000EF18E7F3E9ED0BA6F7F82A1BD2FC0FDC9C
:104FC000EBDDDC05242A301EF509031DF6DCF313A6
:104FD000FE04041AC719AC2935FC35181BE7F31F6A
:104FE000E7F9E81F02C7F4FC16FE03010E00B20544
:104FF000FAF3D6E3E0DFF2CDDDF72503043C143409
:10500000F1AAF5F912FE94178E12D322FDFF04E3E4
:10501000E8ED05ECC588D6C21DF21F0B050710DBB5
:10502000D2149F1B0809CE354CDC2DF2ECF4A3EB17
:10503000D12CFC09F6F249360EE8F0EA28EB01051E
:105040009A052347BBF2FA24B4D3FAD5EF49D90D18
:10505000F61C07E44C23B80E1155DE181115E4EFC9
:10506000FC06CC0B370B1916E9F607CC2AFDEA0E25
:10507000F4F51206F8FD0AF804EDC816533C1A4080
:10508000C9444D59B9E727B727EAF8E00C182800BA
:10509000F72E2C11270560F8502FE5202941FBF74A
:1050A000F6B21513F24ECE24E9CABD36E30CF00B6E
:1050B000C8F8F3F02FEC000DE9D0FE0DE8DB09F3A2
:1050C00013065539E8F8FC082CB51BFDE02769D715
:1050D000DD3C2DDCF60016CB2436FB06DC49E5056D
:1050E00016F5E941D93F12542DF7F67FCE54250B22
:1050F000C4F431063A28FCE30DDAF6070428DEEAA8
:105100001434074C2B12D7C2631016EA2A0721DF8A
:10511000F42049F71B0915C00140200BFF5AD42F7A
:105120009BF1F609F23D1D4D51E43406D9611BAAED
:10513000E30C0FF50D20F6E5FADAE8092923EB2751
:105140002F07FC3A07E611EA06EE4D24071008CEB9
:105150001B0618A11F1BDD12EFF11E39231733B8F0
:1051600000042BE703F6E91C001C14271C17EDEDC7
:10517000FC3D0B2610D4EF07135637C82A310B27F6
:1051800035E0E8024804E12611F8DAFB0B20CE1FD7
:10519000FAEF1227F8EE0B180FE8043A02EF2B2A69
:1051A000F0E2231FB50D0C0D252E0A1D0F18E6EF9A
:1051B000E7EE220915FBC804233B0BECEA080C1DA3
:1051C00039E613FE440BE6FFE20EF9CF3F18110B50
:1051D000E7FC1B2EF4F504E90805FB1824163B0236
:1051E00009042E1CDD1AEA240A0E4D3CFEEB251E96
:1051F000E9E22229FB0BF5C6F81A14DB380ADC2198
:105200001C0D07DD0E14E90C9CD8E9D3442DE713DF
:10521000FD1EF000FC07DE040A2A2726EDFB2E21E6
:10522000120C0300E6D6E8F338123DEB0EB300E5AE
:10523000CEEA28EAFEFA4DE62B071CE22AEF0D40E3
:105240003BF606CBEB1A2422D7F2FAE01604CF2E57
:10525000E5FB1DE6E400D40BDA272717D7D6F9249F
:10526000EF1BFB1A311FDF0E087F22FB09A013F68C
:1052700016181FD8F42828BA1BF308F41419E4F7F9
:1052800006D1FB0D2D183606B836D1121D35CE10BD
:10529000CBD2300904140AF8F2050944FE89122021
:1052A0000B4B030217C24DCA35D32428C2CDD2D925
:1052B000FBD5099EC24B05DB030615F51AE62FBE8A
:1052C000E0DB94DBFD4BF2FB83C55736C0E6C9E457
:1052D000F0DD03F2C705B81C2D0024FF1039F3F6EA
:1052E00022E6DB28ADF60414CF23F909FC001053A5
:1052F000E4D6D617818D3B32A6D3EE252FF6F046A5
:10530000F10225C20E0FCDFCF11CC9DAE213E7C190
:10531000F8E1AF29CDDA1F96FAC0CF3C0DFDF7F1C9
:10532000E02BE149A114C51DE8C818201F1012C3C5
:10533000014A0B034502D4FAF733D8BC041D0E27EB
:10534000EB1D1ED927C0D1D917DF0B20365133EA08
:105350001A18ED183213D628FA26ADFBCEEFE5CD9C
:10536000E707F3FAECBFECCE0CFD21020806C7F408
:10537000FE031C0620F022105CF0FF2F050622D24F
:10538000C4DFD6F6F70B0AE601D8E0D020A61D143C
:1053900023FA22D707F1B4DD20E8200AF7431123CE
:1053A000F53BEB3B0CB416F93C00071F191BF057FB
:1053B000A9F2D21FE1D5202FF3DFED011327CA4553
:1053C00028DBE5E30A08E9104116FFF1140541C6A0
:1053D0004910FEF806D333E607D7F9E643F031E18A
:1053E0001A28FFEDEE0EE45E16034D21FD100A12A1
:1053F0001E0B01F22423FAD7121608EAFC1A12082F
:105400002CFCDDAF07EDDD0BC1FFE7112403F740F6
:10541000C8E813F60FFC59DCF63F0DFA11ED13271F
:10542000D324190420022FF118011D0119C9E40D1C
:1054300011220824C8261AE22C021EA7FF39FF15E4
:10544000F31315F8E82FD0029D03150F1C11BC179C
:10545000E7F1F51BF71FD92C162A352CEBD12E16A8
:105460001811E409FD07FFC8B32A07EDF8ADF624CB
:10547000D8E83005D634FE05EA24FB0F4320081A8D
:10548000EAF73D02230C0AF0C11FE5E424FC38DBF7
:1054900001F9ED10020B08E1D7F83E0FFB050117EB
:1054A000FBF6120230F09CFFA22FE60418FA1DF75B
:1054B00020DF2E190A28D6F6D5DFF8FB3914ECF0D8
:1054C000FF0725F2E6FEED11EDDD818544C1FB1AF3
:1054D000D8031015CF2919CBC2E82EE70700F0B783
:1054E000F7FA220B14EF0BEC980A181A2B1F01186D
:1054F000ECDFD009E8DE22E0CFE012BDDCE60201FD
:1055000021C4CE1726EDF8F9F6F321C6EFCBC2057C
:10551000DF05ECEAF2EEEEF4F609DB0F000F43CF05
:10552000D6B813FAFF1B3115E5BDF3EFD633F7F903
:105530000701F50E07D9ECF9D9F319D7E729FD06CC
:105540001CA0FDE121DCF1E02EEA0415DFEF0CDD0B
:105550000C00E6E2370D0A1D0DB207F100EF2B0536
:1055600005F3E0D4E6FAF9FF24EF0B280818E4DA93
:10557000E91FF607E2EEC9D702EEDBD9CFE2FDFD67
:10558000F7F2D1F11EEBF5F4DAF9D8F2FEF101FDF4
:1055900009C5B6F23206DC1E3EEB4AF42BFFF503DA
:1055A000E31BE2EA2F050FBA100EF1EC0CE5F3F461
:1055B000032403F1EF2234DC2B17DC4DFF45D71E0B
:1055C000182C31032A27F4FFFD1DED2B0F26F209BD
:1055D0001DF6DEF10E10DFFB32F41AED30DC0CFAB2
:1055E000FAEBFB36E80C23FCE8FFF1DDFB19F3E6F0
:1055F000F7E309DDD41A0D2CED2EE4290531F20470
:10560000E9F0250FF7D80AD5290BE5F401DFE9E821
:10561000292302DD1D1719E5F5E8B9FBAA81FFC4AE
:10562000EAFEFD18DE1C07E9BB03F420F32E2FFF72
:10563000DFD2ECE6F6E70E18EDF0011626EE1127A4
:105640000110F2FDE8F717DB461DC7C9FA3618BD91
:10565000483138FA11193BEEF80BA004A9D316B063
:10566000EDD7F506FCB90F29CD050414D624D9E5EC
:1056700004C3FFECFDEE3508DF4FD74FDB501003BE
:1056800002FECE2DF913F7DBB8EFC389DE0821F651
:10569000FAFD14F9ECE6CD1B07F70A2B0735E6F106
:1056A000D01CFB0B05F5E614262911300EE5F60398
:1056B00014E916041CECF0FBF133F1F2F2D6202AC7
:1056C000F038181802240800D5E611EFE25603FB63
:1056D000D7F6F905375BEDFFED0EDF24E2EC1B1D7D
:1056E000161309270CE4D5DDEDA91202FC01D7FF42
:1056F000D11FECD915EAD9EA33FDEAC2CC34DF0177
:105700000537FB2FE4D3BAE30AF7F004070D1A2597
:1057100018DF0BEB1905FB210AF4EEF5F618FE0273
:10572000052A02FAFFA40481EAF0FB250BBFDF1073
:10573000FE090408F6EDD5FD3727D3E4E60A220971
:10574000F30112FAF6D2EEF4EEF3D2E3FA051AF10F
:10575000FAF60906FD16070834FDF6E82E2634E5AC
:10576000FD1CE711C0B81109F19AFDF4F9E711FD2C
:10577000B72523FDF208320422FDF1F1EDCACB1C5E
:105780003D11FCF32907D5CCF2F9C7F002204AF805
:105790001B44D8CAF10C240321202B25D9B1193B75
:1057A00005F8CBC0F2E720D7E800C2B4DBB9C9E9FD
:1057B0009CD304DBEC4B502CD817E20D10C9B3A5D9
:1057C000F65A0AA39EEF19F100ED16056BD3CCE44F
:1057D000FE03FBDAB948A81A040ABCED34BE58200F
:1057E000EBD5B826CE2FDC08BDFFC0EBE5F5F328DE
:1057F000E9C5F8ABC312E044F10BF804FE11063919
:105800001300C22516D7EED02B13F4EFE8EED781A4
:10581000371041A90808DEE816E9C7571BE006DE85
:10582000DDEBACCBC12DCECFC82F262526E0F32152
:105830000A0A1CC652B1F1C716F6B2B50116FEBA75
:10584000F80524FD1832150CC2DC10F9B5F719FA69
:10585000DF01EB0E199F0CFEBF2DF511CBB9F0BD8A
:10586000D8C6EE061820DB28D8F407FCF101F8DDD5
:10587000F4FC1EF3841AFE3B1508CDF5ED2704ADAC
:10588000E025A3EAF6275FC6D8B22E1FEFF2100F6D
:10589000DA0EDA0CEBF6D5EF3D0A29FFE6010C0033
:1058A00026C2E467FAC4041520D9BF2735241B5348
:1058B000B2F8EE3808D3A23827011608EC85AD12ED
:1058C000E0120DF2FB9AFBF40015EA1E08FED6E783
:1058D0003606EFC1DF0CC0FC39C9D201234947E4C9
:1058E000F62A03E221159B092BC326CC44F6264554
:1058F000B611E5F5F7D237CDEBEAF8BFE3D6E31FF3
:105900002107CAB337F9FEFC98EF7E0D3A1132F841
:10591000D2FBE8E4BB0124F8E34435EDF8E72D269B
:1059200016140B0AFD201076032DF911FDB9E31DA5
:105930003C672208E1F5F0BECBCFFEDA10F72EEF80
:1059400008D809F105DC5B1B1E01AC1907252F46A1
:1059500005FEDED9E61B35F048F7FA1D29C3FD42E6
:10596000E6EA18F7F4F4040994340506D623F7E3BD
:105970001D2117FBC913F7F3EE03D5DCD7241B0B4E
:1059800012D31D1EE91CEB17E0FED2250FFADEE64E
:10599000F5FB16FCFE3202D71BE911E9CBFBE281D5
:1059A000CC15D30F2C0C29D3DA142F3D21EFF1D3D2
:1059B000F7EA62EEE6041728FB62F3F9191FCF0736
:1059C0004E04290EFFF3C3F7EACCF8D6F6FB22EC1F
:1059D00027ED0AEB1E1DAA1FEA27F4F3151508E5AB
:1059E000E4F3F61911F70358BEB70F21E7BC5032A4
:1059F000100CF5F740FBDF20D8CDFFD904D9CC3906
:105A0000012604D61414ADDB332807D104CA35327D
:105A1000F3E32F07F3F3C0AEFB30084BB5E608F510
:105A2000F0F6150A9C2C197F25EE3024FD16E1D1E5
:105A3000D2EDE3FEF8F8FA4ED37B1F4FDB00F20AFB
:105A4000DA2E013A24560543D027093ED036E2FC2F
:105A5000D3F831FEEF204403EB65BD1737EBCC5D87
:105A60001413093B1A040FFD1A13D506F4EBFC0FAF
:105A7000E822FC01C12FCF30092BDED9CD1AEA1460
:105A80002ECDE7DA16BEA318D905D60BBF25FEF733
:105A90000DCFEACD08E3FFEB02E4D8F5C3D3B59F01
:105AA000BCFACCE0FBB01148E2D7CAEB08261724B9
:105AB000C507FF1030DA000DEFFB11DAFFECF8FA42
:105AC000C41B07E5D5070FDEA818FB04E3CAEBF3F8
:105AD0000A0DEB1D028D1DDE1926BDCCA703D6EFE6
:105AE000FCAEE5D5A6BD00F2DEEAD12BD708E1C5B4
:105AF000BEEF02FEA6D1F5F2F8C8DBDB24D8D30B4B
:105B0000FA27BD13E9DF2BF3D4D004DAB3EA21E29C
:105B10000DFCAC9FCCEFB4DAECFCC9FD042213FD04
:105B2000E812DA07CF01C46EE423F5DBAFF0C6AEAE
:105B3000CDEA0FE3E2F4F7FF20101B0AFDFB45F965
:105B40000554D30E36BC27043DEC0EA32A055DC6D2
:105B500046D00FA2E13AA954F2B91D0AA0FB0D47A5
:105B6000B75115121AF956F3DDB32503C41412F315
:105B7000DAFCA68C4609F9E61F069C27E2270023DB
:105B800017FF23DFF205B4E70128ECF4E3FC143837
:105B900026BFE5F9FB28EA1228DDF6B245FC09AB81
:105BA000EEFBCBEA0CF113D52D001D1BA6DF09E29D
:105BB000E5061FE305461C0117D8D0308EEDDF083F
:105BC000D0DF2513AEF6F9F3F00BFE301BFBD42328
:105BD00012D3FA34190406FD1FEFFA1F3703E8FF4A
:105BE00017DFACF2F7D8F3D716EFDCEBF6B5023DD2
:105BF0000C2EF0E9F8420906F3B313E506BEB02215
:105C00001348F8C908DE14F802EDFD47062C2310EE
:105C1000FD0AEDE2ED0CE80707BEFCEDEBEDCBED88
:105C2000D7DD03DCED16F23A21E507B6B0F6DCE28B
:105C30000203B115DDFCD1D404C01F04E000E1F182
:105C4000C0B3E1D8C3E9E8FC50D481FAF1F62F18CB
:105C50000FD9F9010C2B1DE30CCF0EC0D711D0EEDC
:105C6000C126F5CBF7EFEAC125F8F2D7B41CFF0E39
:105C7000D1FDE9F6D01C050820F60EBCD734AFEEF6
:105C800012EDF5EAE935C20DFCEB0F252ED8AC1A62
:105C9000D1FDB007D9B7FEFCE91E01BFC714BEFF96
:105CA000D3B71EF0354CCA100EE00002E2F4FDFA44
:105CB0002971F1041422D000FC441DCBE5ED0DFD4B
:105CC000AE024416F8E9C9044DD3383CDE2DB600C7
:105CD000F000F50115090B00DD39A3BE1900EFE84E
:105CE000FDFD16DC134109DB0C19C6E6000313ECBD
:105CF00005DC1FF4FF242CF01227261B1FE828D0F8
:105D0000ADBD36DBBFFD1F30FE9CE43712A4D0E2F0
:105D100025E1C3E91FF4F04237FFCDFACE4334C981
:105D2000CC0B05E8EAEC13281B26C60A2B0AD5265D
:105D3000BFCD0012092423E417D0F51012F510B5D9
:105D40000D81EC0CE5F8FCFF0D06D8431503C2EA03
:105D50004DF82114B69425F825D2D303070318E78C
:105D60001FEACC08ABE0C128FCAB003CFD57D7B51F
:105D7000AFF4EBD302D7F33607021B4DEB361B0B08
:105D8000F9F49EF92F44EBFF19FDF7EFF1EB1F0635
:105D900039EE29F2ED160CF7FCEE18380AE2D82499
:105DA000E622DE2B0AC2F2D7062E040709C2F7E864
:105DB000E542E3181BD3F81A3705B59F9919E52B6F
:105DC000E7F80DAE041CE321D1F1DFC8DE0726F7AA
:105DD000EFE1D41319F9D7A83715D9F122D624E861
:105DE000F85D311535B6ECC710334AF869FD151C5E
:105DF000DFEA1DFBC4E6CA00241B0EAA1D261F0EE7
:105E000035BDD7A2E6F912169AD6CD1322EE070FAA
:105E1000E1011DD810F9FCD83A52490F34C56D2064
:105E2000E120DBFBF8AE0DDEF9336BE443BBD9DADE
:105E3000262FEB09DD100BF107FDE7E931480434AB
:105E400009E3EAF3F2F61BEEC7EFBF10171DB32408
:105E50000EFB04BC390C06FCF2230419F4C207E55E
:105E60000EF6112B034020E28113BE1904F7DFC0A8
:105E700018F222FE16FAD7F7CE34340F0938E6129C
:105E8000EEA71524092AF2E52F1101F807010BEE00
:105E90001C082214250C18162B07FE27D3EC0FF232
:105EA0001CD32CFFE01D0AC0B61AF33FF52413FCE7
:105EB000D9AD582D010CE220CF6111E14D12D7EE82
:105EC00016D2FC08FC141416E7FD0FA7340BE7FAF2
:105ED000F517F6F11215EBE8E0FE19FFC110F0D44A
:105EE000D7E4370DCF160522B006214526D742E864
:105EF0001BC71A35CB0C1C14E54B31BF3DAB000062
:105F0000141102C7001FE60C1BDDBCC002CF1A0330
:105F1000D40E320F0C08F9ECD1E51839AA25D8CEE9
:105F2000E3F5ECF0D0F1E818051705FAF5070AB229
:105F300018AD02CC39FD1B4609FFD652F0C8151624
:105F400006031BE3EDDFA70B160719CCC304F4EE21
:105F5000D5F704D9D8FFC31AAE120BFBC8FBF5D195
:105F6000D8F401CD0809CA012406030A3414021525
:105F7000C5E0FBF226B4120DEC00ECD01ED5E8F41F
:105F80002CEFDD1EFD68E4BA0D224AE01DFD34F55C
:105F900029E2011EC1D8FA1E0D080CEEF40CF9120C
:105FA0000FFCFBD8E41B0416E9BA05C90ABADF18CE
:105FB000FD2FFCF3F600DCA5140FF507D31201FE4C
:105FC000C4C71BDBE6E1E5E80A94E5ED0B3A5AFEAF
:105FD000ECE51EE2E00AFA813210161812D9E53417
:105FE00002F4EC16FFFBB03ECF31FFE0FBD4B5DE90
:105FF00011262300D623DF020A1BF1DA0726061931
:10600000FD26261ED4DC3EF11008BBC9E8EDEEFEED
:10601000BDE1F42D17FEE211E8F7ACE5D5CEAAFA02
:10602000ECF41317232630CFCC031EFB0E64F7F8D5
:10603000F0B51D08E3E7B70A0BF705B32549EB29CF
:10604000F7E00B09F5DEEF0D2116D8D8F7F4CFC134
:10605000DD181FC5390D00C4E9D9DDE00DD421E9F3
:1060600009C4DBFE095A24E5F118D418C619CCE797
:106070001212CCF440B312E70BEFC9B1DB3AD70AE6
:10608000E1D3E807FC0620E112F737F5ECF7EBD691
:10609000CBF9F40605C9AB43FA13F91ADC05E8DDC0
:1060A00003F0F905E1EDFEE4FEAFB832DD09FA16C2
:1060B00008D5DFE88E0CDAFDF72EE2F80CFEF60DBF
:1060C000B629F1E5F3F4EB18C8EB11FE0B23271109
:1060D000C511160008E0D21B282F48D7EB11D04479
:1060E0001D1D0ED8C8B3E904EDD9DBFDE4BF0CC219
:1060F000E6E5220D092CE415F31EFBE819BEEF05B9
:10610000E24A3DDFDEEAC3D9F506D7DCCA34EAFE4F
:10611000D712F6FF1122F3DBEEF6B2DFF6F6C4EE8D
:10612000F5EB24B7250A06D10DCEFEE2F1D4F7181F
:10613000C7F1E0F7483AF8DB19CD0BB9F7FCEF1DD2
:10614000FBD9FECE14221BB9C0DE17DC2AE21FD415
:1061500031E42205E2B61181261012E1DDF927CFE4
:106160000704FFDBD512F3F5CCFA081B05D7F14085
:106170000D67F5ED10EB31C7C803E913F4FC12D03D
:106180001C2FD8B32FEDED0A09CE07F3E43B0F32F5
:10619000F3E1F23711EEEDCA321437E9215103066B
:1061A00021F9D1EE0919B72E09F70313190BC01203
:1061B000E24D1D070208F23E35C1C3D5E647F4FEA5
:1061C0000BE7067F05D5F8A9ABC414E9250B270B0F
:1061D000601E12E50DCB0FA84B47240EE1E8FECE62
:1061E000D418E30AC2FEF8D3040FF21221EDFC1317
:1061F000092C02F8EFE02FC132DEDCB92400FB20CD
:10620000F700530CFC0C57EE53D60009DED30DCF2C
:10621000E82E02C3415418DFF8E6FCF2370E480BB3
:10622000DDDBD5210F31DD33D30C490AFDF7E9D58C
:10623000D90CEAD7F308E5E9D613B1F9F2700D12DB
:10624000FEC8E11EF211DDCCC1E3D4BD11FD4C2529
:1062500054EA05D0F6CDE1DD5811082B04D2E7BF92
:10626000ED12F002A987BF072D10274134BDECFCC9
:10627000D21803E7FB1B1ABA4131081AE92C0511A1
:10628000CBF23205102506EDE80AF2BDDD3719D74D
:10629000C2E719120C35EF081234E008E1E5501A94
:1062A000E9D6F315F0A5B34BE40303D8CADEEBF649
:1062B000AADAF7E5EBDAF72112FDEAD11857DC2B61
:1062C000070B122730D6CEE5E2F7BDE742D225CE46
:1062D00001D73CBFD1E79CB534F2050AF08F0E1E02
:1062E00014A9FB99DB3D5F4CE1B3F5EBBD31FF1623
:1062F000F10E03FFB325321AB18CE4C7E7E0BFA16A
:1063000041B8B7F5F906F4DB1EF47F65D0C629075E
:10631000FB26B0FDB1103707A4C0198210FAE4E1E2
:1063200003D90D431A4A67F613FBEC06BB7A1B0828
:106330001C9FE523D00EDB139CE01B22C019BAFA88
:10634000FF11BECC1D1606B4F8E3CD1FB3F8C1187B
:1063500013C5EFC92F3CD234C3868AD9466BAA0134
:106360000F340820F6CDB624F3F4CB1EBCFF111E6B
:10637000FA02E2EA01371CE91628C52AD716FC18EA
:10638000DA3302302C1834D8931EDEC32215E414FD
:1063900010D51C1DA9DAC3D90BF417F40B4A15FB51
:1063A000C8E6E81D3BCA1F03F4F7AFF009DD091486
:1063B0000BF815E7F90DF41BD039D00E09F9D740C9
:1063C000D41B1AEF0E3735E207D9DEE9CF1DFFDA0D
:1063D00005F5DFE5E049F1BF1203ED1209F509EC1F
:1063E000D038DA15F5C427EFEEE4F0FBCD1F281DF9
:1063F0000D0ACEBF11F0F63CFC06D82AE032CC32B2
:10640000D9202B0221E7ABD14FE5EFBC05DBF00B28
:106410000E1A1BB904D5EFC2F1D28CF0A2FEDDDF5B
:1064200004D6E72307DBEFF61C0E1241F2CDE1F9AB
:10643000EFF804F6FE0A1B300222D5F1EDF3DF017E
:10644000E2041610100AF613B31D18CBF50EF1D89E
:10645000CDF9E5F4F72CC6F7D51CE62EE001BEF920
:10646000DEF5E71801F9EB38E708FEDBFCEDF31584
:106470000FFF17DCC60319241BCFED0D06FD022B01
:10648000F6ECFC160FBE15EE2714EAF8FFF5F3EC58
:1064900003FC13F8FD17E3EDE9FAE90481E8F500E0
:1064A000CD320308CFFEEFF5DDFBF70D1605FC1529
:1064B000E612D5092BBDE2E0DE241FF0F8F40E1F32
:1064C0000BDDF3FBE901F8BE14FAFFDC093D37E60A
:1064D0001B04072B1CE403D310109CF2E2E1F5D05F
:1064E0003EFB07D91416050614C0F301C20BCFEB0F
:1064F0001318101B99F5C02902021C0B0306E1C9F1
:106500000AE5F4EC10D22007E7FDF32BD1DE024FB1
:106510002708FDDBEEE40107F7D5D8393709013B41
:10652000E2B11CEA2C0C02FFFADCF909E61D3CFB87
:106530002EFDF8E7FB53D2E60A0801DDBBFBE507B9
:10654000EC192DF92A1110D9F2F4141C1306EB09D9
:10655000CAD0A6EAEFF6E4190BE30BB6351C100C13
:106560001309D826D424EC2E0F10F5F9FAF6F1CD44
:10657000A2FEE0C2BFE73D0828F8286809BBFCFC82
:10658000DBCAC3E4DC1D4505F7E8191AAFAE22A14A
:1065900045142418D63D39E130FC190F16310B4350
:1065A000DD2407EA32CD13110D34E8F2261D06E78B
:1065B00009B40A160FA539409EE8F7CE4F12DF0442
:1065C00022D5DCD01A2227F7F90F04130FC2C3DF3C
:1065D00007F1E3F0F993EB0EF917C7EBE821C8A137
:1065E00010D701129F0C9EEA8903EB101400E5A757
:1065F000D3F3F526F1F5BEEBFFE5FF353BD311F9FB
:1066000015F5F2F515B127DA05F5CD15CD0D2323D6
:106610002D0DFECEEC341C23E42AF4FFD7DA2BB583
:10662000242ADDF8D92A11601EF80CFC1AE8CDB630
:10663000F5E10FD332DA18D91DE3ED07F1312FAEB2
:10664000E7C8C4E70373112C1C1F170723D3DF22ED
:10665000E0E43B00F90C81210000051ECBF1233F53
:1066600008C5141C55F298D53320E91C34F1CF1E0F
:10667000F819FA34F0C0C533CEC0FCC206DFD335FA
:10668000DDFA2A9ED4BAA224E417EB0FE0D818E171
:106690000EB3CDFAADD911B62DC6D5FD35DE38D441
:1066A000C01EFAF914D80E04E9E0EBEA092E0DFC3D
:1066B000F1AA05D5CBF23B0E00E82D1308FA14F031
:1066C000EFFAB8F7E1F805FDDBEE1B1B2AA319D0A2
:1066D000070126CEE81EFAE12436F21B03B76B2D24
:1066E0000800F032E9F1E4F4F61F0C3318DBD8228D
:1066F000E8E0EAFD1FCFFA14FDFFF8BCFE4318CE18
:1067000000EDE827D4F4FEF3390CF7E5194420B482
:106710002402140E01172113F7249D4BE7E64E0ABD
:106720002ECAF52E1016D813CCE7D807071DE1BCEA
:106730000BF6F7FA12BF81FAF920E4F7F7180CFB11
:10674000D0080FFBF81F060419E606F8ED0B1D1D17
:1067500000DB1F2023BAF6FCF5F7A40B0BF7E3FBD5
:10676000EB8F00BFE2F30ED8D4DEC1183321FF193E
:10677000D4FD16F8E017C7FAA947D91C102114F266
:10678000D124EBF60D1FF9FBDAF9F8F1D402EBBCDA
:10679000B613FA13290CEBF3CDD8C3DBED20F404C8
:1067A000FEE5FB18F2C4231B0009BF2BFAF418DC2A
:1067B000F2C1251D0D07F01AEF42FCC43D8D0A08F9
:1067C000F00623E20023F003DDEAFDDAFDD42BE935
:1067D000AB3531B90827D4049FDE23F5BF27F2DE9D
:1067E00017DEE8FA083DF4051BABF625F89A02DF40
:1067F0000941ACE50AB4FF0043CCF4B4FDD3FC0D71
:1068000009DD231623AAE8D647E71CF70DE72D1F5D
:106810002EAFDF2E15B7F9F47F0C2B04C3EDFD006E
:1068200015140039FF1905983C12F8C521E8D8362F
:10683000D2229DFE03F311EA4508E9170059C41D51
:10684000D60A2DF0EFDDD5E12CFEEE392511C1D0B1
:106850002FB2A2090A9F15A176E011C94CD22BE4F0
:10686000EEFEECEAA1ECEFDEE5EBE62EF8D5082231
:106870000536D6D511261C070204CD4201E1E70EEC
:1068800004A52FC8341914C8CE03B5F71D1D50E94F
:1068900022CC27EB22E7D5C051F704ECDFCA06C3B0
:1068A0001BC8DBD6C731DC770D0A1F020316DEC01A
:1068B000FDC416EAF40DF5FEE3C9D80E14F3EFB6E5
:1068C00014C2E1CAE7E026E11522C4E2F1EA1103AD
:1068D0000AD517E252171913DF04FBFCBBA3150BF3
:1068E0001ADE1FEC4247C324E59B10D7DA1D260AA7
:1068F000F603EB0BEF250E16DCAD18E31B4AECCCD0
:10690000FCB1BBE020F6E2FC3B0AE707C2A8E53990
:1069100029DA01E3129830D10D010EF5F4C8ECD755
:106920002DDC03F0E7210B28FEF0C4D5BE5EDFF2BC
:10693000F6C7EE1C03BFBF3BE4FD010FB2F4A50791
:106940000EECCEFDDCF50E2622F5E431E0DDCCCDFB
:10695000F3FDF0FB08FAE51CE0B0CC061D0FE20EDB
:1069600005F3EAD7E208F80112B8F01F8116D1DA70
:10697000F7FCB9EC03070D3411F8C80A06D1CC05B1
:10698000BEC9ED04E411290CCEF2FEF1FF3238331A
:1069900011E3FB05F3C4E009133BEC1FF7E5F40B2F
:1069A000D40E0AECFA130E2BFFF7C4CEEE07E9D68D
:1069B000E4DE12D4EEF8EE00D61BCFDEE4FF0BF2DD
:1069C000DB37F221D8FAFB042113EAEEFD0BDDEFF1
:1069D000FDEA1706112FEBF814FCC53405ADDF0DE9
:1069E000CF15F6FBEDF91FF5DBC50729D60CF82D01
:1069F000F2EEDCCD06EAE3E9EB05DBECDAF00802C7
:106A0000E6FCFAE9F2FB12F0E812E3E820DAFBEA2E
:106A10000FFE1BE907C809B0141ECBEDD6E904EB45
:106A2000F8EEE1AFD038F1F4F710E637F006ECDB22
:106A3000092AFBFD161D4007E42618D3EBE40BDE04
:106A4000EB2DFA290228FE25F0F7F0D0EE2C1F08D6
:106A5000D917170DEB390BEBF231D301C215E1EE6B
:106A600016CE15D42FD15DF737B8E9FDD100F72345
:106A7000E5D0C6F2CEDEBB0E340FF302DFC2C1ACEE
:106A8000CEAD14B2FF39DF1BE1F005F82AAE04EDFC
:106A900011EAE911C819CA0EE6F10E0EF502430615
:106AA000DEF9DC2CD0E7F21827F0F6EDF8FE0A1735
:106AB000C8F20BF6FCFB08010E24EACEFB0439FFFA
:106AC000CD4B1802F00ACAF6EBF810B50801E9DB65
:106AD000C32831D4F706E011031B1C05EDF2DA17C9
:106AE000BB0EE311F715C6C1F1270B0A03F7EA2520
:106AF0002EF301CFCFDE24D90C04DF0A251F331576
:106B0000E8300022EE98DE1028D2F8F50213E314E4
:106B10000C2B3DDB3005E30EF510FF13DAEF0DF41F
:106B2000EFEC1019D940E2E2072B192F3BE5F001F9
:106B300002E31E2425FDD9D4FE3821EB0226FB1AE0
:106B400003D3FBE5CD2829B6EDE71C1706110B9AF8
:106B50000F0BCE0F16CA36CD221F9BECECC2DFFD09
:106B600014B5F3DE8115BC0255E0E7E31AD804DC66
:106B7000F81A5CFDA4AA22161DF2F2022D07B8E94C
:106B8000F9E71BEBF8222E0AC0FEE7E805E2D9F789
:106B90000425B8ECDEBDDDF20C08FCE11750D62070
:106BA0002C0908FAE1D2EAD71DFD191305E208FA0B
:106BB00010ED12CDF681FC9C1BE01DE42EBAF0F521
:106BC0003B2422E814ED10F30FE4F2E4301A02FA49
:106BD00008402CD7F80A01072418260EF2F42729BA
:106BE000C002043030D30C18004420090C06ED1408
:106BF0001CEA03010A12D9D4FCF8E414F209180DB6
:106C0000EB31F9F6CFFFF4F5CEEB03EE142DC2E332
:106C1000B40AFF16D73CF5F4FBB8FCBDDFEED50A8D
:106C200030C2CD050F0AE2A02EEED0DE0223F51809
:106C3000F4ADFCFBDCCFFE0E09E4F8FBCC21D61C46
:106C4000E3E0DA5EF9FA2D22BF212DE3E801C6C5A3
:106C500000EE00F7F2ECD000EC13042818280DBB6E
:106C6000C6C7DFE40335DB05EBDAB622F1FC01062B
:106C7000F028F8EA0BE75010DFD104FC1CE0D9E45F
:106C800021FA21190EF34EEC07E35226130162EAB2
:106C9000E4223D9BCBDF10FC0D45E0E9F3CCB514BD
:106CA000E00423EDD1101C46D7E4243B150B34142B
:106CB000D30E0F0D5A29C016E721F8FC26C9DED4E1
:106CC0001EFB30970FF2C9C01105F100BA0812E39C
:106CD000FB2804B228FDE81DE31BEA13BBE9CC0046
:106CE000B60418EDCE182609E40911390DD8D81DBF
:106CF000F9D7E5F5F311F1C01BCEF5054A5F1ED5B6
:106D000004A7F2FC0EDE2FF45007273904FAC7055A
:106D1000C422EEF0D4871AFEF0B200DB1EF7220088
:106D2000321514F4AB3B2F1221B42820B857C89465
:106D3000FAE7EB0CCC1B1643FC031A59D1FF05F103
:106D400018F0ACFE09333710F4120FEAD7D729CC6C
:106D500023F3F113F73EF8FFEC0DD32E2005F116C7
:106D6000A20AD91DE715E64450220217D2DF3627C2
:106D70000BE1102D42460339B103F1E5030E162154
:106D800013EFC2E7131613EFD4E3E80EAA3728AFC8
:106D9000F7DBDA18ED3700FEF10D941306F8A0A426
:106DA000F4E9E8134E24EA2BE0A6E6FBB6FD2AE759
:106DB0002B0701CD1A2CE2D9CCDA950FE573D93324
:106DC000F6FCDB1CC2DE2DF0DEEDFA3A861AD6297F
:106DD00009EFDE1B3ED511BADC22FB0BDBF281D2C0
:106DE000E2B0EEF4F4DD1211EF18E12EDEEA361314
:106DF000F31AF436C10C12021EC6E401DECFF32DE5
:106E0000E910DB15E71122CBE5EF26FBF316191489
:106E1000F91EB5F0F3F94213EEEDC7DED338492879
:106E2000CEEAE6F8141818F6040ED4E8032AF21A8B
:106E3000E1230E05D02D48FE1DE620111E1FC004C3
:106E40000ACBCC3A04F50FEF2F13DB3329C6391CDC
:106E50001B0EE9F4E6C844EC0FDEE100F40539232B
:106E60001BDBF0FAE1EE0AFF4FE9D8FDE713EE0E67
:106E7000CBEEEDC8EC19EC002206FFFCF7EFEB10AF
:106E8000FE01E5EB0612FA07E401CFE715E30AF489
:106E90001D1521041CFB03CA1DF7F50BF1ED1AFCAF
:106EA0000CC4F308FEEAE30C350101DA1CE8E8D66D
:106EB000EC0AF6F0FDF6C6F421DDDCEEF606313222
:106EC000E5163FD3D2EDEA08FCEBC7EC090CF20A59
:106ED00001E2151F0045E7FDF62222DB1FF80D1722
:106EE000DAB6E4BFE60204E00CF0D6EEDBF9F2E934
:106EF000F1F1100DFBF7E1E83CD508F4110121CCCC
:106F00000BE01D16DBE32109E7ED16292ADEDDFA89
:106F100012EC18ECDC02EA1CE200E90A21FAF21C8D
:106F2000F4BED9C6D20BE10AF716A2CEF9BCEDCE5B
:106F3000FAC64101D7133AE015C725BB21CCE5823B
:106F40001DE8F1D811191BF2EA0432F83081ED0D79
:106F5000F53200E3C5CC0DF6CAEFFED7FDF8C91D2A
:106F600035F308E2053D2732F5D82615B5F2DB09E1
:106F70001352FEE4BB2CEBDACF1AF7F4100204D75D
:106F8000F40AC916F03E1520FAF82C341E0AF4262D
:106F9000C005AE2DFED3CCE89D0902E21215B21653
:106FA0000BCAE40DD2F80CD1DDDDCAE0813317E362
:106FB000B89FE1E3CAD3C03EBEFBC2144CEF19E751
:106FC000BAFD08150C0CF60711F3F3E9C51E18A954
:106FD00030299107DF1BC21DE3D8DF471D40E60EB5
:106FE00010C5E122EEF93630F1F2A508A2D703313F
:106FF00013AAEFD1183D07CF04FADE1901F3F510FB
:10700000D63F071B1416F1B4FDBEF4E1D5F4F6E14A
:10701000E81CFB0C0410CDE5D300E1F5D704F3FB2D
:10702000E4D908100AE20C06E61A251DF7D2D1B2FF
:107030000413E5D8D30DEDFCED292FDDD22B0C1A6E
:10704000DB57EF25D2052702D1DAF49EEA0609E8DC
:10705000DE13159F343FEEBCDCE8DA2BBAC4D43122
:10706000E729C5F620F7DDC7F4D8DF0ADBCCF11E2F
:107070000A1116D0F1E923F529D800C5CB1E27E760
:10708000CEAFF0DCB7F9CED41CE4F7DD0DBD00B215
:10709000470FF2C1F8F1221F380ED2EEC2E51EB240
:1070A000F108F0EF1AEAEB0C12E6F7F703F1DC0E49
:1070B000F0EF11DDD80BE24B1931CED3F809E8C659
:1070C000F2F1012AEA3822F1EDF70A12FCE612DCAD
:1070D00035E1131E0302EDED3C16D7FB09B2131385
:1070E000FD0B0310E90BE7EAEECB000914F9142DB0
:1070F000F31E02F8D8FD010D093BF1D105CBF1FBE0
:10710000E70AF20B14D12203DA01F1D1F50225F5D9
:1071100005242F0314240A81E21CE0200DF42AF632
:10712000DE00F6241C2A0C26C70F39F815F5F5E108
:10713000041414FC001ADD02C60108D00501FB1A74
:10714000F701FA130E0E17FDF9F9EAE7AEF918E7A1
:1071500023EEFD061B0D00030E02C60B0BFCE2C561
:10716000FA0500120FFD1AF9F6EC0708021E1D13AE
:10717000FC1AFDE603E902F2F31103D9F503E21C60
:10718000FF06F9F70EE60F09D1EDF7D6FC3B0B131E
:10719000DFFF05171107F9AB0A01F023112534D7DA
:1071A000FD0AFE18FBC5E4D2021011300ACE08F821
:1071B000F52320FF090DF509093DF3F0E208FC096C
:1071C00001EDEEEF1111F70ADD09C9D8E30A2EF738
:1071D000FF0BEE20DC1FF2FC1B2504190A07E0025E
:1071E00043181B03FBE4A41AC0EB20EFF5D8301EB4
:1071F00022F03320EAC5F0CCE00C238124B0F3E97F
:10720000F740F9D317E3981EF709ECBD06F7A00F76
:10721000D3173BF8BBE847E1BE102E1BD2FAF3F1BF
:107220000B2E2C1E20C898F6B90F1A0220FB07E37C
:107230000012FAEA17C3FCCB28D104D3F2EF08EC12
:107240001E0F06FE3700F4120328E6DD0110E4FBF2
:10725000E4FFEE18C1C0E033D40D250EB6E417EEFE
:107260003B2B0C1B0BDBFCF4F5140B03F2E3F90BCB
:10727000E4D4E7ED10E9F2E5C8D9E409371D21ECC3
:107280000EBB15FE35FC01F8220BE8F9F8FE41DFD4
:1072900013D9EEEAEEF2EBF7CBEE0B0AF5EA35E1A5
:1072A000D10A022501ED0C09DAD12F2F0F17F90CA5
:1072B0000125C4EC45E1D9F5A7EAEB31E34F060619
:1072C000F9F40E0506EC17F03B0AC60C040DE905AF
:1072D00013DD1EE3EFFC07D7FAD901FFF8DDE9D390
:1072E0000E06B7170D0C42E3C0CA122DDA12A9B769
:1072F000D32BF2F3DD0FD032E100CA1AAB12EC232C
:1073000018E4D12709EEF1F2E6FD0A22D2D9D81D00
:1073100024CF00011CF401FBFAAEC10E03DCF2D154
:10732000F117C8F90BF2C62609D51401FBF8C708F6
:10733000C5591211270EE2231BC0DDA21CABCD0ADA
:10734000D3EA3D4CF4B403A115C22ED220D666ED8B
:10735000453D14A9F7812A9F06EFEAE59AECF0E98A
:10736000E924ED34D4E742C4D9FE21EE292106B246
:10737000200A0903EE09E8E8FF09D4C00411090650
:10738000F3FB23E4C11463E43EE7C4D8EFD807C994
:1073900005D61FD94C4D1DF532FAB7DB4F0740D546
:1073A000E815EB09D8039F50C7A4F5DF0FD5C9CB6B
:1073B000E322E8CFE10B2BB44017AB30FFDAF12129
:1073C000D3FF0B1D071BE6AACBC4A8A92D072D1FB1
:1073D000110C35C1CD10CEF2554C10280CAF5719F9
:1073E000D8D7E83F37CD191546F410E93A8BC9FDD7
:1073F000EA3009F010F2E5CFF7E2FC93F21A251219
:10740000DDD70710FD33F4FBD9F6F345CB0DE0CF04
:1074100024D7E7082C490BE71B3C414FF8C1ED1777
:107420002A03F3040AA5A70ABDE412F61B1CE51003
:10743000BEF8BDEC0FD523CB3FA3F5161E19F847B8
:107440001FF8EE2925BBC8F14344D22705B414A385
:10745000B8F3EEBBB4A5C7D6430F14FF24DD32C288
:10746000CA10F33AC1D9DB10E9F911E411F60BF1B6
:10747000FCCFCBF738F5062D0B10DA53FB10034287
:10748000130CE3FF09EE3DE5FACC8D81EFF5090A17
:107490000FF81DF039472D10E910F7FEC4EDD501A6
:1074A000EC151911DAF9F7DA320BE71813200DC8C9
:1074B000DC1A16264ADC3C131F1B14E1E90EE52EEC
:1074C00015F7092A053416FEEE14BAE3FB16D5DECD
:1074D00029F0FE09EF1DF1F8FE3CFF0FD0D9200B7B
:1074E00002D2EC070AF10828E60205FF18FAEDE3DC
:1074F000FBEE291DB6C112400C1BE2FA0FE3DF239D
:107500000FE3E70516DD220B3901AE11EED120F8AD
:107510004803EED4DBEA45DDF9BED725C1EBDDFF3C
:10752000C21BF851E00EB5FDF00D052E1ECE130462
:107530000E0F12FA1DDAE6E6EC2EFA1001142655AB
:1075400015E5D9F50EEE04D001F7CBF3FC2A23E9BB
:10755000FED73CF50305FB07003CFD1DC4E3EA2212
:10756000081205F900E5E8D805F91E1111D8EDE378
:10757000FD053914F6D6FC05281803D73F031BF880
:1075800023BA17DFD2FAF3F1E1EE02D8261F11F386
:107590001F16FBE4F9E807061E1FD0EEF2C4E7E869
:1075A000C713FAEEDEE8ECFC4CD51AED14DECB1C6A
:1075B000BAEF01B9DA37391B471604DDE3EBFBC735
:1075C00004CDF181E626FFE289F038E50F28C907EE
:1075D000EBE1329FEA37BE00087B50E5D5E2174A5F
:1075E000FF32180E44F3E54C381C17EE4BE5011D35
:1075F000ECD7112E0516FF1A30E00A8E5613D21C56
:10760000040833F7D0F2F213C9284E1E6117CDEEED
:1076100000191DEDE2E107F21145F6DFFFB114217B
:107620000DD8FA28EC55174ACA27DCE3FBC2F8CE7E
:10763000D93B1911F2F7D9E7D901092156F9F8FC1C
:1076400006DC0818FC280CD7DE13B10DEB490B0F34
:107650001F1B37FA3AEE24DFCCC7FA2EE0A1E5D99A
:10766000A704371A1318F9ABF3DF173107CDF9DB8D
:10767000E3AA2DF31206E4DFF9CB1426F51026FD5C
:10768000F1C8DDE1E13F01C7DCC2E5AFFCE5F4CDC7
:10769000EAFAEA1AE41A17E3F5FCF302FBC7F11160
:1076A00015FB162428E71B16B83EFF2324CE1CDA50
:1076B00033DF56390BED15D20EED04FB1DF1161517
:1076C0000340251AD3130CF01CE3E9C2DBF2EC0DE6
:1076D000FE0D1CFC23E629FCE82BDC0CDDD91DD8B3
:1076E000C5F62AE1201F0BE5FE13FC431EB7BF4978
:1076F000DA17F732C8283618D80526902E1A32A77E
:107700001AE9E0D7DF2A0D08BAFD2A1DE7E516A21F
:10771000FD3122F402E7DFB2021EFE2FE5F5112F44
:107720003703FBF9CF5BC223A1FCFEF8D337D61594
:10773000C50030EDE3530617113ADCE115FDE41105
:10774000FDDDF1070DFA040A1C3A0BD6ED3128E6EF
:1077500005FBDEFA1C2532B7F413163DE41B13F3C8
:10776000E8DBE829443DD21EBCEB1451D6ECFAF418
:10777000131A53F60809D006F13620981D29EDC2D8
:1077800008D7091E100CFBFEDEF6C319D610F51340
:10779000E9ECBDF40C250F22B5E341D935E40AF03C
:1077A000F3FD1822EFEFE5E9D6CE02140B24F6FC28
:1077B000CB01310ADB08D9E4DEF5E4E9EDF53B095C
:1077C0002DDBFAE107F9EF05BDC104893C08A9E00A
:1077D000BE393730F01C00ABFADE0C2D1BF110BEA9
:1077E000EA002B3106D99CC6813D05445BCF289425
:1077F000CFED180645E331291115E8D7C9DC086536
:1078000014E600E313EFF2FCD326CB9BD21F1AF34E
:1078100011B4A6F30BDFCB3DF130FB27CD0F2AD0FF
:10782000E9FFE4001523E1F60611E7FF27BDDD1CA3
:10783000CEF811F6F6E3EB81D5E213F9320FF51C21
:10784000DD03143BCCDA14EA20CC031A3C1C1621CD
:10785000CBFCF70CEE11DBF017DCF8ED2C01172F49
:10786000FAF4110B14FFFF09C4F50511F333FC11F1
:10787000E0F0E8F7C52CE89CBF2A0D1D0AF0F71CC4
:10788000DB0207FCC5DC0EF911F306FA0C08C1DABD
:10789000C6FD15E1F919CEE71EC3F6F8441907CE67
:1078A000F8F1090C0018FCE3FE060025F62310058C
:1078B000F6F10F04E6EB09311009020411E7FD109F
:1078C0001FE5003118040107CCF90519EC3F07E565
:1078D000FCF0FDFBEBEFC1090B44EC29FE0B00C1F2
:1078E000EBEFEBF105FB013D13E80121FA10F30D7D
:1078F000021CE1FE45BC0F310502FF19F3070BE640
:10790000050820DE13E7D71C1D0E24FC2E1940FAB3
:107910002F071C14FAE60A090615F206FDCAF01C28
:10792000DEF8EA23C8EF400E17E62533FEEAF6F547
:10793000E6FDECF010EEF62719EAD718E5E40B1B8C
:10794000070B06D93512D8EA250B00DE0B1A53CFE8
:1079500025FCD5F2F7F819CF25E8DC17CCFCF0F4BC
:10796000C837F109EAD6E31707DD240E0E0AE2193B
:10797000F7B8D9C7F2A7E9F630ED1F07CEF423D642
:10798000FC170FFCDDE8CEC81191E9C41DFDEF0C1A
:1079900002040BD5D9152FD307F6EE14FBCF1E1614
:1079A000450CDE2E0F05FFF907F1FBF520E1AF11C5
:1079B000FF0B011A28CC04FF0AF9EDFBFD13221B73
:1079C0000FE0081BE1F0EF020F140EE5CDE801A86F
:1079D00010071BE910DDF314CEFB9F2BDB08E50A33
:1079E0001FCFDBE7EF08F1141AE7DD02F331D4E62D
:1079F000E3E4E9D601F8D30D1600CF32E3161E0BEF
:107A0000D301E52F1DF5150721E7120F1F021DC237
:107A1000F0FF1207F1D118E01A01B9E201210E447A
:107A2000F6E70919D11A280D06F4C63C0C50FCE102
:107A3000FEDE090BEF06CDEAAF3BE3132FF3FCF9B3
:107A4000DB1A1708812615CD04D8F8DCCB3F17B216
:107A5000DC3E32C34E3AF4F3DD0BCB00F700C40634
:107A6000FDEDFBF03B0D090D0C118FF3C01C28EB55
:107A70004AF6351E2D37103A0CF4F3BF48F62CDACF
:107A8000D5262518C9F72802FE0346CA2B33F9E389
:107A90002F2227C04C2FDEF7F0FDEF1FBB13EDBAEE
:107AA0000130082AE0F5E91D13E846EE54CAF4FC5B
:107AB000D8C906D80502A1D11D62FBDADE2822242E
:107AC0002BE1318603DCE71081B1B6E40BD1E4D2BF
:107AD000A8FC3D093919DDEF241D31041CF147F3E1
:107AE000F401FE24DFCCD3E22C1C2EF72EC3D5FEEE
:107AF000EE2B2711013204DB49F91EFA312A120359
:107B00000BFC0EF8F315E005CFE3F8FF4C1CA4F8CE
:107B1000EF1A02F0FA08E40BDF550614B2EAEF138D
:107B20000515F2EBED20E3FC1E3ED9E62EB4EEFF88
:107B3000D7FD0E1AF814291903F3DEE04105E4FE1F
:107B4000ECE103E2F2191DFB1707E33504D7F3FD5F
:107B5000FA1421DDE0BF25EEE1230EFF0BCFDDE2BD
:107B6000E1DE0C29EF1705F5D538F7F01EBD0C0541
:107B700017CE270AD40CFC07EEE70163141BE0D5EF
:107B80000BC903F8F43711C8E20D02D2E218F20172
:107B900017040CD4FF25F2EBE8ECDAF0CA9BE8E41A
:107BA0000CF93703F2D7DB19D8F1241726BFF9E90E
:107BB00027B80F1F38D4F0D7E7F431FE26D53401AB
:107BC000FCF305F7EA200006FDE9E6B6EDFFE60B5B
:107BD000EF073815DFAC1C28DA0A0E22DDDED2EC06
:107BE000F7E4D2EDE4E72C072C1D2534B8C4F104EA
:107BF0002BEA0BF9AAE37FDE1C1EDE3BFA28E30921
:107C0000F2C5F2F70C1522EFC6E8F2542FEEB2E5FA
:107C1000EFFE9A26EAB6AE28320E2BD906F9E538E1
:107C2000EBEBE3E0F1D6501FE3040809A0DB2DECF9
:107C300018DAEF0A8F32A10CD5E4FA4610D11738C2
:107C4000E43721C70620C20CA7ED9227E115F03AD0
:107C500008FCD30C341717E1FAC7EFE3F3FBDEC1DE
:107C6000EC12D3F1F8BDB9AB1EC81CA2D4E023E9D5
:107C7000F019FDF50A2BB90242BE0802D8F4C31D63
:107C8000CEE5F8B2CA06B2E6AE0AF7D61CD7D000E7
:107C9000C2B7EB14F707E2DE1D4424F30CD62CEB3D
:107CA0001C35E8E8CBCF10E100D3FCDF20CFE402A5
:107CB000C213EAF8BAEC6AC01BD9EF0C0827C3DD7F
:107CC000C8F6F1F8DE1A39111D001F1214ED02F189
:107CD000F9FEE7EDDB0B120F26EBFDF912AC1B21D1
:107CE000E1EA19A7E8FF002AAA20E10DBBEED0D5F2
:107CF000F2DFF20FD4ECD7C4C71818F9DB0DFEC6BB
:107D0000D31712EEF0E7CAFEF3FBBFFBFDFE02F154
:107D1000E116E92615DD07080A2037002E30E52B8D
:107D2000DB111BDB2DF2391817EC06F4CFEB15ED48
:107D300004FABFF4DC0DFFF1FAC92128DA9FF9BF7C
:107D4000CBFCD1F1CDF1250AE8F1281E1DD4F90FA5
:107D500012FCF2F1071307E523DC0BCB4E39F420BC
:107D6000F03B0AEBE4E1050A1E0AF8D4C71D1AF538
:107D7000D4D8D9EA81C42137E6E0192FD1100703FE
:107D80000BEB08F32D03DE06C20C04EAD32BD1CA99
:107D9000320BAFEFF4E1F6B528330514260C0ED400
:107DA00000241A26E824F5E51D04020FF1F5E0E4AD
:107DB000052BF702191022FE1812ECEC32EDEB2124
:107DC000F0F635F7F205F8FE30FE1132060441EF09
:107DD00011F1C30706CF18372C18F317C3E2FD0CB7
:107DE000C9EAF2D214FCCC17FD0414FDFB88F6E5B9
:107DF000080E2EF01C36D4C2DBEEFE4417FF10E056
:107E000001E80AC7FCD7E50552E3EC0F1AF015129A
:107E1000F007291FE7082A21D7E6E4E7A7E0F615CF
:107E200003DBDE0024CD2606070FE338EAE3FA1B66
:107E3000F720EE081816C9A90B0916E402D8EF08B6
:107E4000E9E507D7DB091116FE0BD8F0E3DDCC011D
:107E5000FA1114FEE306A50422C232EA4E0D10C246
:107E6000E406CE0D13D2CBF4DC000411FD070CEABE
:107E7000FE08091DF2CEDEFF0E1DDEB6EB42D70A6C
:107E8000E5F02D16F9F8DFCECCD5E9AFE70C26F4F6
:107E90000B15081E3AE102E43C231216D4A5FECECF
:107EA0000B05E30803EAF881E10C1B15250111001D
:107EB000F32EDF16ECE4E3EBFA17009E1121E01439
:107EC000F22A1922E0FDE2C11DE7070702E61CF4D1
:107ED0001B37DFD33E0706FC2BE0DAF1EF0B2AC796
:107EE000E935CB33E0EA22DEBDE5140118E6FCE912
:107EF000E71609F5EF18F9D5F52FD511FE300A4B25
:107F000006491237050728B6CEE1B4A00843471644
:107F1000FC050FBC313FF3DE2FF6F0E101EA16DE7F
:107F2000E9DBF92DE8CBFD55E40C1EF416BFD5AF07
:107F3000D421F3E9E8E71606F827E605E5D8E404D6
:107F4000E8071F1CFF1B49CDF1FB90C1D92F43123D
:107F5000EEF2ECFC162006DC2812FA16D9AFF21B62
:107F60001509E1462D10D52016C024DA13EBDE1DCD
:107F7000C115FFCB03C0C70B40DECBC5123BF24E91
:107F8000F5E2DBF534C1C5000F0CCA190BC223E8BA
:107F90006207F4DA09EB0EBB63210523E5D7100570
:107FA000DDE025C6C3DF1F86FAC92BF991D1D7E1E1
:107FB0003449DED7EFE202074346CE1ACE4501022E
:107FC000CDB602F9AC2D2F33BC08F13424DE15DB1D
:107FD0002E9E1C20600B0BC3472B0306CEC61CEB4A
:107FE000C7F9A0CBF8EE23C712BA02FAFDD3F1F21B
:107FF000211B33C1E0F0C71A0D19E5F9D2FCA2E448
:10800000C9E80808E3C2310734D2DF4E490D50E910
:10801000349FF8241E34E8CF25F650DF0F01C3311A
:10802000D3DD06D30CF8EB162A0F07F7221FC7D6AD
:10803000FFF642D3D407B3C50AD6FD54FAD0A8C47C
:108040002BC8C10CBBDAF8F4F3F6EE0400EA225AAE
:10805000F3191AC90008EEC6260918C215F0FEE782
:108060008C1705ECB55DF46831C63ADCAB5327FCE0
:108070000A11D1E39AEE07F7E5D00D1B972B9FF776
:1080800004C6F5B9D51AFF1C23F7EF24CCF001E89C
:10809000D8CEFCE6E9E10A043827FEF7F306BABDBC
:1080A000AF3C2DF8CBFE3C04E51E371008ED08F37D
:1080B000F1ADE6220726DC1BCF4D3FB11EF8CDFF08
:1080C000EC2411C0FBEA2C01ACC72E352F101D1774
:1080D000B2E281111DD9863A233A1405CE7CEA0416
:1080E000A81A08CA0BCAE5ED2CF50811FAEBEA0547
:1080F000E3F314E01CDAC9D41A4AF81649352BA95F
:10810000F121D3CFC0F301E8DCBB4AF937EC0ED63E
:10811000DECE090EF6EAE31A2800F80116DD5D3E10
:108120002220EF118C170227D79FE42AE49ED22544
:10813000FA4BEDDAC10327DB1B11F8B618140BD884
:10814000BAF129EEB7FBFDF181DB07CF0D4724D44F
:1081500002FA29FDF400EC93351FEC30F2042A1EDC
:108160000CFDDF0812F7A9F3C617E71BEB9BBA0952
:10817000FB112CF5FFE0EB0C111FFCFAEF56F0FDA4
:10818000CE3E132D39042A1BE12008B6052D1FE031
:10819000F5C43016FF0714D4FD47F6FE09DCBC23F6
:1081A000D81D04E13E21F8CCBDE72A0228391B1076
:1081B000EDFD3DEFF7FEAF2BF9371FA812D9F70CF5
:1081C000181927F520EDEE19C109FFC7190F22FC78
:1081D000961039144C0210CBE3012FF1053B11DA54
:1081E0000613FE3408FFE8AE0F15F32F35F20EE04C
:1081F000D5FEEA0C3EFE052FF2DA00BC290A081D66
:108200000D13F7F512C906F0310E079AF34F1FAEA2
:1082100028E4DA16D80FCCD0E5D7FF22D9282AA334
:108220001D3EC0E9E9BBF1D321D5DAD1AA1514036B
:10823000DBABDAD92AF11F1C31C8AE3417E7B95AC3
:10824000E1FF30E0C1C3A9D0F72548E6C11EE838F8
:1082500001D2C505C71CCA03D84102C0D41215D02B
:1082600002FAB6C9E5FBC8F82DDCFFE1F0A7DF078D
:108270000D1DBE16FEE11ECF01BF0CEB23B3D2B421
:10828000B71E3C12E9F8F7D2560D2D134510DB0D41
:10829000F403FDFAE1E805EFD62012F218EAF744FC
:1082A00002F913B1E8B2CB472BD1DBD2BAB8061230
:1082B00028CAD83DF70FAA141CE028D823C2F5D647
:1082C000AADA24C9C9E5A6EF17C1F60334314DFB7C
:1082D0000AE408F1D31842E800C804F9FBFD0D24B4
:1082E000EDFBFCD2C5ABBD9428DDE481B7ECE4091D
:1082F000D81CFEFF030C0FFD5EDAB4F6F41212F484
:10830000FCF10BE0E9F3E0FD12F7F4EBFFFD1112D5
:1083100010E8EB0FCAF05E04174AFAD4B3BE03E0CC
:10832000FE27FB0FFDF11A3035D7C93CF207E0EE0E
:1083300004E806DFE82903DD290A0AC3100BF9E087
:10834000E80D221ADEDC0F0366F3D2202F0D27037F
:108350003C161AD616C924F609FAFAF1359A0CF524
:10836000D1FDE0570EFFF8AE12D7EBFD0BD5DD00C7
:10837000B5430EF213FBF2D3323AC7B50A1EF3E14E
:10838000DB1C371CFE133FCD15FD12DB0D1334E350
:1083900039F63C3A424D2DE33C1A164A028E2A52D7
:1083A0002A29E71B2708E7B3FDF514F51FD8E715C1
:1083B000D012ECBDD6F0EDF83318E8E2C915CD18AF
:1083C000FA07101C3211EDE10213BC1B04F0F2EAB3
:1083D00025EA0AD318F812CE450EFB0427CA20C39B
:1083E000EBFFF804E8EA20D1EF252B1623AB0DC8EC
:1083F000DB250AE1FB0E3213080706FF0207D8153A
:1084000009C63425051D3FE52103F9F8ECE411AD5B
:10841000F117E71F313B2CC8F7E6E9D2E4E93BA6A8
:10842000DBF1FE110206012FD50421B5D6E107EBE1
:10843000B82A06FDC7FF1DF2CCF816EE3658E9FD46
:1084400023BCF2E0040CF9E5EFFAA8C2F4D8421616
:108450002E02F0CF3AF9E9052DFA231CCE9AC8DC9A
:108460002DE4100B0FB2ED24F901292E1D81DB3014
:10847000E12BF803170EE58C0020EF120537DC1214
:1084800011F414C1460F08D42804EE01CBF30B20DD
:108490001301F508C60BCC1C36FCF9000CBCEB1E16
:1084A0001EBEBB9617E52F50F797A3F19A2AEE0B45
:1084B000F4C10ECCD1BAE4FF10FE961AD3DFCBDAAA
:1084C0000303AAB1294050F2B6E7E803D8C225EC6D
:1084D0000303A22412D60EE1EC8109952028EA13A9
:1084E000E5D9E500BEEC0EDE16DB03EE000EFBCB9D
:1084F000A5CFE5F014D9EA081710D5FCC8F9EC07A8
:10850000E718FF072EFC29F6D803D0C1F6B3EDF02B
:1085100004E8EBEDD034942BD70C3110DA44CC21A5
:10852000DF04DE1D1C060DFDF5F9E900FAE5050F77
:1085300012F7F027F0FC53F222FE0DE511E9E819DD
:10854000FD05012AFB0714034030E41FFBEBD1FAC1
:108550004811CDC8F43DD8E9EC150805EAF908D86A
:10856000FC10FE36FB0CF742E0150D14EE1D040462
:108570001322F7FD0AE5DA28EF14FC0F2B09F63F6A
:10858000FFF8E70F1AFEDA020E12EE0EE2CE3BF40F
:108590004319FFD404CD0EBF39050F0914E9F1E3E7
:1085A000D808062D8C0DC33822BD192FDBF30FE43C
:1085B000E30B320C04F1F3EB3E27FDFBE91C0C4707
:1085C00025C4FDD91405E3C20102F4FAFF1242CC1E
:1085D000031A0C1216B01FEB4F2609FEECE0F94A05
:1085E000A3FACDF60FEC030CDCE203311BED07031D
:1085F000D60403C6341F1DE8FBFBDAE6D0F5DCF039
:10860000DBEC14FBF5E1FE193DF5900D25000E277E
:1086100025DE1BE601F5FB1B0F0619F5E6DE0A0A4F
:10862000EA270344CB2CF1A903350BEF1B151C00E3
:108630000B1B0EEBFBE6DFD12A330540181629246D
:10864000E6A02209B7EBD8F1E7E3E0D42F23F92A1B
:1086500003DF46C1E9F5F1D108D725DBF5050EEAC0
:10866000E10ED5F2EE23D93234CF08D50E4EE2FA20
:10867000AD18B20247A64A1DB815F769D435F90FEF
:108680000A132F09F900294B39E0410C3EEAEDD5D8
:10869000E5C4E90DDAB8F3CFE715A0CB092CC8F093
:1086A000B529ECF6CE2926FDFF24112149FAC16136
:1086B000961CCD2C5DE20319811A11F60899ECEE97
:1086C000F60008D9EDDE0EF300924568063F100271
:1086D000F4ECF0EEECFAF231B0FFB200C8FBFBF0C4
:1086E00007F3E0DD3231211CDF14F703E64507CD47
:1086F000DBF2F416EF59DBE4C1C728671BF213EB7A
:10870000C8A5B62AB3050F0000B7B4D8D401D1214B
:10871000060C072317425596D1ABE1EBF0FEE517A7
:108720008E10C9D6F5FDEDE55FF022CE23FA8EFA64
:10873000DBF931C0AE2612F9F0C12D1D321A21BC71
:10874000F6D006CAD223FEEDC1DBE9D20416A29C04
:10875000EE1A03900E0EE4E1D328B9F5AFFD1954DB
:10876000B3C3E709A812EA431BF0DE21FD0FDD14B5
:10877000FAC129020BD2271526F5D2D5BFF201F294
:1087800012179334AE24500832A43CE3130101BC09
:10879000EB27CCF402EE3D0E125AD84800F014003C
:1087A0003C8DC7F3AEFBB1300DEADCD4F6ED991089
:1087B000C4F71EF6F8B7D801F7F6BA2BD6DAB3131A
:1087C000C5FFE83CEAE23EFDB5DDDCE2F2F60FB7BC
:1087D0002DEA02F6C9FDBAFF0CC7960A0D01116118
:1087E000F09ED710E8CA000A18FCA6ED582BEF1E21
:1087F000E4FCE8DC13E2B63A000DFCF2E2DFE3EF62
:10880000E1062621D419D5B625F6AFF10902F48B7D
:10881000102408CC1FCBCDE111179504F8F3DD1F10
:108820000DC3F5302419026A32209EFDDA7F1CDE6A
:10883000F9E73E1113DAFB29F812B02057380E2D54
:10884000CF55330A96B3F13746DC22A7F93DE9DA72
:10885000513B01B43A2BB90B1AF7EBC4130D05ECDD
:10886000E4223B049D0BE729A2CF422BF60521E130
:10887000FDE3C3E020D30695A3D3300505BF3A43FB
:1088800018E703C4390E0B27AEDE33A7C70DF3EB91
:10889000BF150614F8DEF3FFF9D40DEE0C282DCF2A
:1088A0001917EEFF3DEDF71DBE390965A11DDA97D9
:1088B000F8FAE2F709D71AE8DAE8FBEDD1291CE368
:1088C0001F28E7033F13C6F2D21FB61CD62036BEC0
:1088D0001B01C606FC318B162AE10004BF26DDB859
:1088E000F014C02C380B300CD8DE0B40ED0410CC4B
:1088F00023F424D3E6EFDEDCF81E8112190FD14BEE
:1089000005FB424408A2AE0C22B6EDE4E30F262597
:10891000F90D12050F0DFC160128062FE7F40BEADE
:10892000CA02C219E7F0EADDDD943E421CFF15C120
:10893000FF1DEAD11CE3B7D4E70FAA43FD00F113F2
:10894000AC23E918EF14BE9A14C6D3E413E4090368
:10895000CAC035E50109EBFB0213364311FEE00EF8
:108960001BBA09FDA6AED7AE2CD82DE4FF0DCCED79
:10897000E5169E0636B9AE293E0CE51315311037C3
:10898000BACD3D9BCF5A9EB2DC06EABD13BFDCE8F0
:1089900002D011F4FAF6A7094A3A1234B00D01C513
:1089A00014C604C105C62E12E40CBD25EC3EDFED55
:1089B000B7DF1FFCB73C9A240BF8CD24300112D14D
:1089C000F4E3F9CC2CEFB91CB10EE72017BBEECFC6
:1089D0004A0024F22306D1D241E85D2FD9062A07A6
:1089E000D532E3EFE7A412EB12BF1E06131FD7F731
:1089F000F7CC12DDFFD00802483A14EEEE1CFFDE81
:108A0000270301AEFBF5F7DAD6BBE1B819CCD7D214
:108A1000052E10D01802F2EF1F362E2ADC14611C2E
:108A2000F7DC0E3800B7070603190A0917ACDA1489
:108A30001D1BD31AF711E3CAF5ADD1EB2E13F201CA
:108A4000E8CCE10CF5122AB5F7081E0D1511E0EE81
:108A5000E8050B31D8AC00131FD2FA04E29F2303C0
:108A600039A703E60B2BAAD3E4CCF708E80BDA1FEF
:108A7000FCE80FEFAEF4CDBBE10C0930C11617EAEC
:108A8000E3EEE80ECECD0C131A03160F23DEC9D584
:108A9000BF0BFAFD100BF7202F3EF12D171C1D7F89
:108AA000D4A803C8E9043E0FC8FDCD29142026E050
:108AB00022AC4C11113EE3C3A7501DD1362DCDCEB3
:108AC000182F2926DE2D14C8FAE3EAF39331F4C5F2
:108AD000A23ACFD106FEE210B31415C8CC079ED33C
:108AE000D60DEFBCE30F47000CD9F7FDDC14D2EB39
:108AF000D3D906CEED14321DDFE3D4D60BCFD0A5EB
:108B000009DBBDAED63043E038F533291881D4EA0D
:108B10000C1EF1EAEFAC050816B7DEC0CBD5FEF3AC
:108B20000DD8E6D7E4200D24FD0BD5E5C31CE909DB
:108B3000F2E63CF6C767F2F8F2CFED31E8D0E3EFAA
:108B400003CAC39EFFF8E9E9170B0D2DD3B0C6F891
:108B500011F80FFDC006090401E4FCECF334F6EE55
:108B600002DAEC1EC94B1504F7090022F511F5BF16
:108B7000E7C22ED6FDFBF234D009D819F309EE1561
:108B80002EDEE111183828F0E5FEF72AD41ADFECC2
:108B9000FBEBDEEE080CB8E202112C241128E1F404
:108BA000AABBE3111BF9EEE4D825DC1C1CFA10F279
:108BB00025C5F2ED2432F304CC30D6E7001CF8EAE8
:108BC000FF08FCC735E310EBCB04C3F2DE2249D823
:108BD000DAF3D40E352606E9E9F4200CBF1A030FA8
:108BE0001E36FBD030A425E9EF10E4190CE60C4149
:108BF000D5EE10F7222BE5F0DF180018F0E8EEDDD7
:108C0000EA0BFEC0CF0205F6E9E64DFBF5F2E3F113
:108C1000C903061DE435D307B9BFDDCC0F3201ED22
:108C200000F80E01A6EBF7A1F4EE0404F700EADC6D
:108C3000D2D11005EDE5C31D1728B8CEF41BBAD06C
:108C4000CEE8F5D7E7D01C06EBD5A1E912CB4EEF65
:108C50001DF6D4FC1AF40ABC0F0716FCEFFAF1114A
:108C600050FEE0C5D8F4A10D09E400B1082095F14B
:108C7000EAFE34003F52E9F1FBD0DB2244F9C11493
:108C800006B1B7E581F376F804D5340E17DAFB2088
:108C900021FF3CFEE522F5C5FBEFE8C409B501D88C
:108CA000DBAF1CBB02351437FFFC040CCA260A1EBE
:108CB0002AFE1CEFDBEBF4A6F1CEFDEC9DDFE3C05A
:108CC00042EA08FDE3B544122ADE151D23F6CA1E4A
:108CD000E2082EC8072E0C383AC3FFEE1BD0F7FD72
:108CE000FB3000E0DEFE1519DD0C3C0FFE63E6F8FC
:108CF0001E28D4F3BD1E04050A44FC1BC026DD1249
:108D000008022D2801F4E8F4AFF806170D4AC7DA77
:108D1000D3D7C1FB0C20DD19493B2146F54905F7A6
:108D2000D315DBDE1E260022EF41FC2406FEFBF0FD
:108D30001FB70108FCEFFE3F0C3B11CA362FD1F9DB
:108D40000909431A20E8C3CBE6F2DCEDE92C55E42F
:108D5000260EC91DBB24DF092231E800FA15E8F50B
:108D6000FCF90D022A00C63027DDE9D316E4F6032C
:108D7000ECD4F2CABEEF21E8FEAE143440DD310679
:108D80000BC8DDECF6BA28DBCAF6E5F9FDF6FBF612
:108D900010E70ED0DA2BD6F0F5E80D2AEBAC4A2F0F
:108DA000FB03FF2CEDF0E2B4070E2B0412B016F11A
:108DB000EFF0CDF50BBCEBF516C506D9D10B0F01C5
:108DC000F80004F0FE12E9D8FF03E9D32BF30ADC24
:108DD000F1F2F80BDE351EF31020CFFDEBB7E720E4
:108DE0001B0EE2062C18151C1BF5F3D5EF0BA9FE84
:108DF00014221B01DCB1EA290B08CFE40E20E90D97
:108E0000F51214FDF5E0E7143120EA07EEF11B3707
:108E10000DEDF8F813BF000F16B8DFFF0607F7CB0C
:108E2000B6DA310AE20B22C9C381EAF7CE280D1166
:108E3000F2ECC6D1F8FDD2E9F9F4DD2BDE10EE221A
:108E40000E00F3F40BFE10F02FE6EA1904211AD4F9
:108E5000EFCD0DDF0FDC0CEC21E521F431182BE513
:108E60000EF410D9F534E555FD11FB17D80D1CC2D1
:108E70001B131236DB39FB04D4291F060EE301D283
:108E8000C61BE20C06F50F0502F20FE3D0272C48B3
:108E9000E4FFF0112B1FDF10FC0F18EFBD02F6F2FC
:108EA0000F29C1F02DE3421924BB1E07240CD4E680
:108EB000B914E5D1C5C5FBCD3D0DD526DCE0E205F5
:108EC000B7153D04CDE6F6DED1E5C6DFF41D19F891
:108ED000050327D4FB28F0814426DAFF06D3FA7273
:108EE000C00DDB1903DA0C2DF5CA0304E4CA01DA5C
:108EF000E1E431F4A950ED0AED1CECDF01031F0F92
:108F0000C3111522E5A50FDAAAEFFDBA291507D579
:108F10001D04F5021D3505B00404CF031AC3D9F5AD
:108F200020FED0F5F1BFE2D0D210E601110BE148EE
:108F3000E0DD18FE16E8DEE724D6EDCCED1615FDD3
:108F4000E51C0C05E4BB15DF191F26FD10D0F0ED64
:108F5000D4E517F51125DF870D0AE6030BEB41E792
:108F6000F6D1EAE0C245BFC9D613F31FEC15050DD3
:108F7000F3FBC204E30E00DB19E30D3CAE2105E276
:108F8000E007F6241710BB03CFEC1AB1C9FBE6FCCF
:108F9000E91406D9B9E0FE1F22392E11E21A0FDAC0
:108FA0002535C33BB2E9B7FF1C0A262FD640FEE8A1
:108FB000DE1035C6D3F3A3014C29DD400412D6459B
:108FC000F20806E51B02CCDBE2F0EEA7DB291AF67D
:108FD000E92000FFE402FC061D0AE3420E03D1244F
:108FE000C411ECF403D61339FD0DF1D4D40CE5CF44
:108FF000FCC415D50530411516FC1917E9E1CEF072
:10900000DAF8CB0DBA446BED02E700ED278134DFCF
:109010003D194BC1FBF6CEE0ECFCD81AF7E2212556
:10902000E003DB2B001C8411172BEEE412FCEA1B7F
:10903000E113310F00EB24502DC90A21F8DE103B5B
:10904000093601021F0639EDFF32D0F2D9440AFA7F
:109050002B2850F1FC1738B1F319C82A42D212F765
:109060000BE3FA372C3C9ED2EEF318FCF7E105082F
:109070002B16EDFB31D8E6A505EBDFF7E6F70BFB8A
:10908000CFCF60E4D3F0D0FD26F1E5242906FBF92B
:1090900009FD1DDB48E321222C48D7FA02DFE5A8B1
:1090A000D6EF24D508FBFEDBB233E4201AC0151737
:1090B000F9FBE92F0D1103ABDBD62ADC25CAFECF65
:1090C000E3A72FEDD2C7EFD735900941DB04DF07C7
:1090D000E0DC0C19D9C330171BF5C9C5BF3B2AC04A
:1090E0003CCDE4CDE3FF1F04F501BB1EE7DF03D752
:1090F000BAD8D9F4C8FA3ACFE81B3A3712FF13C1ED
:1091000011EAE50723071812DEF9F8E5FBD5DC9E26
:10911000F41003E89A149DEBDBC7F4F4155B2CF80C
:10912000A1AEEB103BE2720EFA17DB26E7E0D10AA4
:109130000501ECE0353033DE08EB169B150B29B941
:109140001D81CAC314F239F808DAE216FACAF60425
:109150001BEAFDFC4EA9CFE525CA45A9D3DC04CF07
:1091600006D6F7DC2BC8C42ADCF506EC1308D9C8F0
:10917000DBFE110F8A0F3813FBDDF437DFD1A54179
:10918000E540CBD3E79DCF13BE0DB643F7DFEDDB54
:1091900006AEDE19E4D62FF4FD31F50C580A282866
:1091A000CF14ED36C0D71027EFFF263526C4D1A245
:1091B000C8FBF3F600D9C9D3172513EB0FDA08FF64
:1091C00002D6CB030A354CFAD6E715122A3309E446
:1091D00008AA1FDC25D8D92B1D12DE19D42943D9A2
:1091E000E50C1A23FFD7B9070028BBFA110DFFB809
:1091F000FBF7FBF631F3E413F71B12F1EE31C6185F
:10920000F80FBBD2B2F6E809C3F6D1CD0EF121209A
:1092100011B80E0540E9CCDCF21716F81AF317EE78
:109220000AFDE6EDCED02B7CEFD3DC0901E7E7B3F6
:10923000A7DF2E0931E5F7E61A12F6F22C0304E552
:109240000F15F423D63217DA10FB2BFD3FFE12E286
:1092500007ED05EDF925CF331F473335B2272A3EF9
:10926000F6EEFDD22CF61519E4B5B3E2E8EEE514FE
:10927000FCFAF70EF7F4EA0D14F7A900110BF5C18B
:10928000D1180DF815FC21F661F3CB2DB4F913EECE
:109290002D1CFAE400FD1402F516DADBEDEFFC1BE1
:1092A000E1810DF5D0D51CF9E991E90DC403F2F087
:1092B000E4C102FF13F0F3050E15F5EEC023E1E063
:1092C000EEE52901F314F5DA2DCDD0D0E2CE07BCBE
:1092D00026FC1526F31CE104EADB3CCBB218E1E1E5
:1092E00013BF10DCFAEE0305F610C42BDD2B02E0F1
:1092F000C504052FF20B14DD291C1DDF17F4D9F569
:10930000DAFAE51D1312F505131A0D10F60DE3D068
:1093100005050003FAEEE3EB06130809F9EDF10386
:10932000063DF40C00ECFCE300FBF2B01B13F8F27A
:10933000E6C0DE13E6E7001101F7220412DD18276C
:10934000DDBCECDCECE5EC0FE8E3ED11E2D7EFD6A9
:1093500005170CB3020904F312ECED09FBB637F55F
:10936000E7000328DC05C83B3CEAFD0801CBEF2001
:109370000A0FFD2324FE2DF121FD1F12DE140F051F
:10938000E1E103D1DDF2F3E6E40632F40F1615BF96
:1093900023FA0DEDF80C22112E52E600D7F217FE3B
:1093A0001206E1E60B05EB03AECDEF0914F5E2037F
:1093B000E639D20128A809E50CC311CABBD6C70AF1
:1093C000F33AFD431AE927FB110403160FCF2E3899
:1093D000E80EF7F8CFD300CF171A1AC9120EE3F52B
:1093E000F6F905FFEF0929E4E105F82EC52008FC90
:1093F0000719EFCF2516F8F6FC13ECE3CF33F6ACE4
:10940000C8F1FC1125DCD8A916F9F5EDE21614FC1B
:109410000A13FCE6D901DBF6FE2F2A001A1F30BB27
:1094200016D6FFEF0FEDF020EC12D00CC22B072167
:10943000D9B245F3ED1EC333F308C9ECFA22E409AF
:10944000FDFFD4CCED02D41B01252D28D1F71CD66D
:109450001602D80F0BF2C232F3DEECE4E7F3DFD0F2
:10946000ECFC16E6D30B06DC34B7411D2AE1F3F918
:10947000F9F0D3E8E7D5E9CAF5360EF82D9F0CF3DD
:10948000FAEE1DD0E900E1F7B7D8E2C61918ECD220
:10949000CF0630C9FB111B8110F82D0BED140CF019
:1094A00004F8FA230DE7A30043192AE7F9B3EC0601
:1094B000F83407020F3F314242D4EE05CB271F1E7E
:1094C0002512EAF0FD1E0D0CD0F118080022D1B7CC
:1094D000F6D9CF1EEF342B22FD1F0234CDD2C31A92
:1094E00038DAD9B8E637E053F7D2CE15A7C3222928
:1094F000E6F1C5C5D40035F18FFC044B16C71CCE70
:10950000E52F23E633050300341C125EF0D6FD354B
:10951000DBC99E32D0BDD8E4DED7F1F7D9CD8106C4
:10952000020AFAF4DBA6D2A9D6E72217EFF8180E42
:10953000E3BF0AFEE233D218D3F6DA2815EBC306EE
:10954000D81E1CFAD4B4B810EEFBEA1EDC210A1AAD
:109550000967ABE2EA23ECD0D40AEBF1E30BDF942A
:10956000D6D7D7F41C0B28FFF7DB10F9DCCB083774
:1095700021213DDCDE29430909EE39F4F3E3E1045E
:1095800027F1F8E5060D3BF3F6B728FB46E049FD69
:10959000240CF2D1FF180634FF0A310107BEF33163
:1095A000E90D03E92AFD2623FF0F15F9292DF422E1
:1095B000FE54EF08E9C607F11CB90ECEBD0915FD32
:1095C00004F10301FB3A1004E3EE02ED12CA3C1F62
:1095D000250A20D65030EFD6FFD41833FCE20945D7
:1095E000C201E81A24F212E80930F6F936DBE1008C
:1095F00013472B0F06D327CA3C56D7FDD42C07415F
:10960000DE101258E0F22011FEC705EAF707F31842
:1096100031EBD00111E2E70B06E5DC31F0030C1C65
:109620002C1B18073A0DF8D819E60EFD1A2841161A
:109630002434D7151FF3DEC71E2AF6C9E8272A16D9
:109640001E14180FFFEBFA02FF3B11EBD61411FEAC
:109650000B1128041A3F1BC70F2AF8E8D3F320E7A1
:1096600015EBE2F52B3AD70E2AD8F202BB21E338EC
:10967000163809F511F6DF010A1BD0E0F533F2D7F1
:10968000F6083A001AEA310E4C050A23F7DBA9E185
:10969000EEB6012226F703F31516C1CA11F9C3B9B4
:1096A000A8F704C8E71124DEFB17BA0DFA19F92050
:1096B00003D0DC09300B10EFE1DFEAF8310AE4BA3D
:1096C000E4BC3A34DCDBD1D7EEC51B2C10D1DE0A6A
:1096D000FB050016DCD3F620D8F5E0D9F1442AF1D9
:1096E000001CF7E1E0393A0A1DD7E4E3F72EF4DC79
:1096F000F181E2F5DE28F821E2E0086AE8E5FCD332
:10970000F8E8CDDCE7220EF8CAF5E0F9DEA7BFF7EE
:1097100033DE02E4D7FE10C4F3F10DF5FC14DE15C0
:10972000A611FAF78720A4EC0B0A13F90D1F0EE51A
:10973000F7CFDC2E0EBE2517D4FEE8E7F40E050A9F
:10974000D9D9D09E2CF707FBE41A0213F326BEDC0E
:10975000D7DCFDE0E611CE1AA538FB00EF01D9F306
:10976000B2070000D504000045F3FFFF8C040000A1
:109770009C100000D22300000EFEFFFF5B030000E0
:10978000510400003A110000F810000027100000FA
:10979000A81E0000F41700002E170000BA100000E9
:1097A000431900008636000075020000711B00009E
:1097B000F10F00007E32000078070000AD130000BA
:1097C000F420000086D3FFFF19F6FFFFB706000064
:1097D0006D0A0000CF0E0000810A0000831D00000A
:1097E000450E00007608000041F8FFFFF904000074
:1097F000310F0000691E000073240000E10A000020
:109800009CF4FFFF352B0000A4EAFFFF5803000083
:10981000AB0D0000AE280000460C0000330E000027
:109820006E140000BD160000FFE4FFFFA6FEFFFF60
:10983000470F0000CC1B00007DF7FFFF3203000044
:10984000D30A0000AB060000120D0000C40E000099
:10985000D8000000F4010000E1160000801D0000A7
:109860008C1F0000B8F1FFFF3B2800003C100000F7
:1098700049FAFFFFBE0C000000170000C6D0FFFF32
:109880001EDFFFFFD80D0000490400002E05000078
:10989000B3030000841D000001FDFFFF351D000023
:1098A0001E2200002D08000075FCFFFF7B1C00003D
:1098B000111D00005D09000056150000B7100000E2
:1098C000CF130000D30F00004F15000069190000EE
:1098D000C6160000E308000044060000A2150000C0
:1098E0007824000024FEFFFF3E170000FC16000055
:1098F000F2FEFFFF77FFFFFF8207000021FEFFFF60
:10990000210300008F0E0000AC210000240C000099
:109910001C0B00002714000048050000DE2000009A
:109920004B020000AC1100009B040000F415000085
:10993000F41E0000711500005A1D0000C30A00004B
:10994000A10F0000901C0000690B000077120000BE
:109950008B140000BF1300009D060000940E000051
:10996000DC2A21481A17D41616262B31FDE9E11DF1
:1099700038FF421204F41BE5F0D8BD45F27FE31A2C
:10998000112F26E41FC604E115C42405022E1AE196
:1099900005DD0F119D013BED440E19DDE502DC06EE
:1099A00019D0F0F7CDF2ED10F7BE230F9D0F260C66
:1099B000D2FC1317E315F2E2B5F8DF2CE352FE0EEA
:1099C000EFFF1623F8DFFA0B2BD7F4320CDC0A0773
:1099D000FBCA503D06ED504FAD533BE2E8DCFF2A99
:1099E000BA380A360E00E80B36B335302D06500D66
:1099F00024F93E4B1613F3C615ADF31CFB44F73F99
:109A0000DE0A000310E5DEA61EEA03ACD2E7FBB4D3
:109A1000F608C12E89F8DC141CFFDDF8DC1BE4120B
:109A20002423EFECC712FD30F0AA09FE253CF2E931
:109A3000F9CDE9383920B705D83A1113FB3A9CF231
:109A4000E605FCE3CEF0201020EF11350C00FC0EF3
:109A5000F0CD321507F33E0B0C5C38D1B5ED2A2D55
:109A6000EA0E290BF41FE9072FE92A3A35EE3127D0
:109A7000E7DA4661FE1800A7EDD6060B2DEA1EEBCD
:109A800007CF130D2AD7E1AFE0A10CA9F3F6E8CA7E
:109A90001317211EBFC0E7C51538FAFCCD30B10938
:109AA000240AF7F2EC160641FCBCF90BF435FAD89F
:109AB00004D2272AF42DF4C7A619EC24F05208FF8B
:109AC000E4100D08C4DD1F1239E8FD150EBE03DCDD
:109AD000F1A93B2AF22C2524FD5BEFC1EF1D33FBDE
:109AE00004F71F17170E0EFB0C260513DEDF1009F7
:109AF0000219110DFD1E2C191A07260525D7BF17AF
:109B0000DFF837A9F01DFB35371A00F8F6250E07E8
:109B1000FEE20434E3E41112EE1CEFE4091C3E16ED
:109B2000E602E0D201C71CE2EEBF0D2DD815F00D04
:109B300008E60708190C2324F507F8293FA42A187A
:109B4000D40F04FF37FD15CAF9010ADCF7183EDA15
:109B50001317020AEA0BD5DC26E5531816FBF62F7D
:109B600007E0E95138F9F3F3D80FD6E9EDF30BE04C
:109B7000EA19CDB3FBDB08F6000A252BDF88FFEFDF
:109B8000E60B4D0C9703C0EE2DFEF7F812FE18FF02
:109B9000F419CE38D2A307E416311ADF29F3F83AC4
:109BA000CDE90AEEDEDE0B0BF9C6053DC7D006F6A1
:109BB000FDE80EFAF72141FBF636F54009C9FBE452
:109BC000EC36FD1D2800F8DA0C04DEC325F7EAE2C6
:109BD0000032C0E929FD01EF17F6BBE61320E9EAE0
:109BE0001000D736CC0E1A19EF0B8F3F1AD2EFCDDB
:109BF000A300E2AA8E282DDABE2CF435EEF604423C
:109C00000DE244D83100FA1F36EE1CF718F7E9D1FF
:109C10002DBDE64D0C1FDE06EF3B12042C12FD316C
:109C20000202F0E5DB2C8107F9E22238FC27F9F18A
:109C30001CADE612271C1515B7F6270A4908D8D41B
:109C4000F34DFA094C1F03FEFB1FE4B624C7462759
:109C5000FC1BD4D7EBEEE69FE6DB2C02380EFBC5EF
:109C6000F91119FE38D7E4393F04FB1CFE2ECBD086
:109C70000C2EC5AF2B031718BB09C2EEE3F1171169
:109C8000DBDDDFEF13F52EF7EAE8FF2EF0FDCD3C2C
:109C9000E60AF8F719EE2715F32108FC15FEDD1288
:109CA000CC3BE8E51DBF20F2E5DBC72EF71EB10275
:109CB000D815E9C1810C0F230D3FF1DB21EC2F30CA
:109CC00010FD033EFBD7A1E917F8BAF51DC7DEC5A5
:109CD00006FE073FD60BFBEA210C3805F7E0110220
:109CE00008EC2DFE2502EA1E3219EA3EC0BCD8DE81
:109CF000F91112CE230D474AF1FDDBF5BF0AFB1027
:109D00000DFCECB112ED09C8E604041B0416FE2E8E
:109D1000FB11B2DA212EFF1B0AFC1FD20DF0CD0978
:109D20001D0ADCD2F908C6F6AF06F0042D54F91866
:109D3000D4F2ECD5EAFCFA0C2B2804FE3F4CFD13C0
:109D4000FFF9E605F70ABC07E6E4F3E115C7DEFC18
:109D5000233925FBE62007D1E9FA4C0AF9E7F5FE9D
:109D60001EFD0E16253E04FDF42B1D31F414C422F5
:109D70002C1AECFD193C25470202F3F008B209C188
:109D8000C6B20911421D2EEF04D61D4210FEE60A8E
:109D9000E410E0105F2CF20E2A1912E70815DEF22B
:109DA00012CAECE533D51331E86CCD374739F5DD10
:109DB000D54AE1B8031EE10D051EFEF7EA25E8CB02
:109DC000F80BDA3603CBCA35E8EDA82B22BADCEA69
:109DD00063ECEB0CF4CAF001151818E1AAF20101CA
:109DE000EFEACA050527BE17CDEF131B0DD2CBE74F
:109DF0000C62F0D93C170CDBEDA9F43FE80FE0163C
:109E000014EECE082AF0F71709E05BEE1CEFD1F54F
:109E1000C41BB8E8DFD3DDFC3E6E470145F2F525F3
:109E2000E619FFF8EEF917E9CAECFCF51F11CAD7DD
:109E3000B8CEC003FA7F46E7F8F02A18E32515F7F5
:109E40002E4FDB72FBCCE0EDF8F4D6F554E5FDB116
:109E50002C20F3C0134047BC2CF8F8120F32A8ACEA
:109E600042F9EA1AC40EF958B62F15D9F5BAE644E4
:109E7000F60E27060402F11FD702171725EE05F488
:109E8000F8FD0B501C27FB510B1447F9D3F705C500
:109E9000E918FFF9F800971FDA18B510201F09CB51
:109EA000DFF0D0D311F9E31FD30ED65B4DE1F918E3
:109EB00028C8E7DC0C28CFE60BEA17091D15D19559
:109EC000EA13CC0FFB2E16E01AF516394149EFDEE6
:109ED0006507F3C7F2EDF10AFD29DA3EFAFDF1114B
:109EE000FF8DEA091920D902B2D00CE511E3EA226C
:109EF0001D3B0AF53AFBFED1EC12FBF2D7EF06E66A
:109F00000B2003F8F23A123AF70B4815269FC3D3F9
:109F1000D944CCFAE3C0DDDA3111C4EE160CF320DB
:109F2000A22409DD34031BEC011BFE372CD0CFE546
:109F3000CEDEBDFEDE672D0428E31043E3BB05CE75
:109F4000F630F967F3F3DB18E8E5B20950000ED5F7
:109F500041D7D0E42ECA3627D239D3E5044B0DCEF3
:109F6000F9C1E53AFF0DB201E9FBF82B12FFE0E879
:109F7000F231F2FB44F133CBDCADFA3FE90C0308DC
:109F800025E807F34CB4E3F604CB45DC0BEFF1FD19
:109F9000CF42BF03E2CB0DFC1E4B2501490BF6134C
:109FA000DE44E303E0034BECD4B6D516DF14CCF863
:109FB000C8F4B9250F643D00E121073CCD211AEE1C
:109FC0003B4BF87FDFCBFEDB13D7D50773D610B73B
:109FD00010F711C2094167CB3D031C0E0434DDD7D5
:109FE0002335F818C824DE3EC60E32FFEFA0E13B51
:109FF000ECE351FEECFE06F7BBF60A08EF2127EE74
:10A00000012F2E07230B114EF0F506E7E5F7E3DBF2
:10A01000CF11F601F31ADE00E61ACFF1301BCAD1D8
:10A02000E8CAE7C8F3F6DE1BD801D52B3112F8FADF
:10A03000F6E1ECFD3633D2E2FCF22306012DCDCA67
:10A04000EF1DDC00E11109FB03E42F02381504EBDE
:10A050002D21FEC3FD0AE8F82E0E0411F5D3DD050F
:10A0600024ADE748E723DEE5DECC02F5CAF4D843A9
:10A07000FFF03C194223FAD3FAF707EABB01F5EFE8
:10A080000F0D0A071B4B042C06E7520F04ADC1D17C
:10A09000CA26E21EF9BDE1D81B0EF3F51227D40340
:10A0A000C51807DD1EF33501051FDE5823D4C1EEA8
:10A0B000E0DED1F1F26603EB24CB2C41D4B338D1EE
:10A0C000CA21F81AF5DACD22D9F2AB2F78060FC3E0
:10A0D00077D8D9E91CD32F1ABA50E003EF0505E26F
:10A0E000F401381936FA15EB1B3B1BE009F8260E74
:10A0F00022D3202DDBBE0E1C2A091528D955F620A7
:10A10000E63043D0C915F8B827E412FD1A2B0C0726
:10A1100017D6F634DBCF14ED0D062FEF01F510EC5A
:10A1200029FC0600DF01EBE910DC310381D3FAC81A
:10A13000FC1409F22D0C13049504FA1FF030EFE221
:10A1400011463CF33F031CF01F0D2A0AE8EC0F14E4
:10A15000D1E93125F3FB4510EE36DFBA000309469D
:10A160000B02B8052BD5E9EE27E3F10C0C0E2B17EB
:10A17000F5B84712D1F0D6DB0D050D2F0316D70029
:10A18000F30612F5F123CAC11F1405C3F32B00DC3B
:10A19000FFDE142FADE3EBE9FBF7D604DB2211E180
:10A1A00032C0EDF5D825E008F5CEF70CE7302EA843
:10A1B00010EB0B4A232EE0F1B6114B3D0A2FB1D123
:10A1C000F4260CE3220921121807372AE82A16314F
:10A1D000ECF8FC15230A4828182E12CAF4062B1A8C
:10A1E000162DEEFFF41201120DA5FB0751F12C41C3
:10A1F00008B33818C4E7D5AF47E837FC26E5F1FDCA
:10A20000E4D13BEDE0E315DBFADB32A60BD5FEFD36
:10A2100025C20C2FC3C7DBF62B180624F62B110121
:10A22000072F0517DB1EF24700D3341BDD360CB6B3
:10A2300003C31C25193710F2A30012ECFE0AFDC05F
:10A24000E2411615FEEE19112BFA36E00BE9400F2C
:10A2500004EBF624EF242D0A015303A6DF3F38B0A8
:10A26000ECDA30F23115D22B332DFFE9B805C6AF49
:10A27000143C39FBD220000C26D4B5F9DD4CCD16A8
:10A28000FCDAD0D30FD9FDB7FAD306171112811E0D
:10A29000B8FAC814112D0C2303FF06E90C06CAC92D
:10A2A0002DF7C6E80ACF26D2F2C9F704FF50DC0A20
:10A2B000CEDFD3D7F911D9F82157070B28FB233E5E
:10A2C0000406F104DDB21127089AF02CF3FC26896C
:10A2D00025083822D81B59F21DDB293FF10BDEFF80
:10A2E000F4F5270ED6F7AE1E3114252CF9BBD92D67
:10A2F00027F4262C261C3D1710E0E0D8ECF3FFF3E2
:10A30000159CF42608B3FFE5D323DDF40905E5FA2F
:10A31000DB05C6D9500DE33EECF614AC1B2FF4E080
:10A32000F0F1F2E6E5D402FDEDF2F7FD2E13E92897
:10A33000D30BDA13F80CB006E1F9D7F9DB5202C4FB
:10A34000F3E6EF01C5B6C3FB0FDBC2F40605E9D3A4
:10A3500006B6E819E26FCA0BCE23CF3CD6C0D10BAC
:10A3600002FF12DEF81BF0250239F3E4C107AE1D2F
:10A370000D2E3FD20728080AF6D6C4D625F720DBD3
:10A3800002CBF80EE0FE31B7E6A1242101D0BBDB01
:10A39000D459EDCD2019FECF230DF8CD1E41B2BB0F
:10A3A000F0E9FEFD1CD70DE4D828F508F93D2DD4C1
:10A3B000D9E311F1CE19DAC1071504ED0CF2D6E29A
:10A3C000E4E81B28F5D8223839D1AF0E1FA31705B2
:10A3D0002BEFE5230ADB35F7D3F8FC0BC8FFFBDED8
:10A3E000EE2009F41BCE05E9FBFF22F1CFDE361388
:10A3F0002C0A73FD10E8DCF7031425EEF6E617349B
:10A400003630164713F4FA0B0E1605E1CFE0E2DF03
:10A4100018F3FCEDD1F5F2F400ECE3CEDCF800E744
:10A42000ECDE1818DA2726F2DCFB00E3FBCBF71989
:10A4300009F8E310FF09DDBAE3ED0A18CA5BF9FC7D
:10A44000054703F5D0181509FDE817161B3DFD1B40
:10A4500011EA09031B131734DE0E0C12E4D3C30FE9
:10A46000EF2F13C725EDBFEF132933E2CCA1153829
:10A47000130F5A130EE1F3101CF7FCF8E2611546B6
:10A480001F30F61C37DB18F9FB38FBEADD1216D15A
:10A490001724E4BFD316FEC0E7CC043EDC001CD674
:10A4A00010BDE8F6FB2BD7DBF0E507C6F7F8191F60
:10A4B00007D5E4081DF9E881FFF50A03FC3FEFF832
:10A4C000C5F101E0E01B1349FD122C37E92DF424FE
:10A4D000EBDF23EE3801260DD5001EFEF22401EB42
:10A4E0000DFD0DF601F0F8B2080120D6E7BA1516F9
:10A4F00011086B0206FFD2FEF9E5340711D205E31D
:10A500001AF709FB11EAEE14F90D00DACBDF12F7A6
:10A51000E52DE5FFF4E0F20E28F7B7E4E217F2F5D7
:10A52000DFDE0D01E22C1B0AE8F1F5F625D1110F53
:10A530000B06072C04FCEADB19F002E4DD0DC3D0A6
:10A54000DD1401F2CB20010605EF01071A1B183AB2
:10A55000F6E701F31E121757101C0119FB0D021B21
:10A56000FE36F70FAE3DFD2F41FE0EE8E8AE3F0A86
:10A570000808EF2F040703F205EF1B522F0AEDEF37
:10A580001004F3CD0DE6D3EE24162DEAC73EEC12EF
:10A5900016100305C2F5DE44C109041E08EDF1E3FF
:10A5A000EE3C46DD10124350EDCBEC12AD0D051123
:10A5B000EF0810140D3BC4F00129E8060D1CE10D55
:10A5C000F6D72F0FEA03FB0275FCE219EAC30E1956
:10A5D00034F9C71C1A20CDBFD717F6F42920F51976
:10A5E000D0F8072FF045DB2B23E8ED1DEDF0293BDC
:10A5F000F80ED4110008080AF4F9FDEADCCEE7E20F
:10A60000EBDED61D01E0EACAD2F926FED91F0037DB
:10A610001111CCF3D804F3E2102D1313EAC8131868
:10A62000ED150B2B11020653F216E8E9FBCFD5010D
:10A63000E033F80A10081A031CE0CDFD182B0F07B1
:10A6400010020325DAFCEC11E0FCF90911FED1E05F
:10A650001E01180EDB0AA0C3E74FBF071D0AD8F37F
:10A66000E22D091CFB2CF43CFAECF81C13EC1D3712
:10A67000B0E6DD52E8F10CEBD5DC16014F08FDF534
:10A68000C206FFEE39EFDCF8F00109D9C830F40456
:10A690002B3422E9E9FD2D28EF06F5FE1ED100DC62
:10A6A000001BF0FDE4151E51E3DC0C11CDE210F9A6
:10A6B000DB1F1618041EFEF4E02EE51AFC50FBEA20
:10A6C00000DDF5F2E8FFE8E67FFBF609DCCAF308F7
:10A6D00012560745FB21E2D02B1ABBE91E0D21DEE5
:10A6E0005EAFB50CFF04EE15E9EA1922F80EF3147B
:10A6F000290A000B3326C6F1051312DCEF0A0FCD31
:10A700003DF4F00D3628233D0E252F4ADBCBCAFD44
:10A71000CC4D020D09F4CBE70743E4C060C5EAF570
:10A72000B1FFF82449D14503E71EC4617FF6F72E37
:10A73000EDE6BAD01734B7061FBD3828D5F41EBCD5
:10A74000D433B92EF9E2EAFABFEBFBE049FEDEF3BF
:10A7500032E3F9E30CFD0509EB1D1F26BBD5BEC492
:10A7600031D9D3FE07EFDF3FE5011C0815EAF826D3
:10A770001AE70CC127E9BFE3D2E41515062902F454
:10A780000E2308EEE5292F261726160701E504CB30
:10A79000EF37D8F4E6E8A4180612F8E125D2E2DF94
:10A7A000B7111E220E181F0BEB07FC3627FBFE10FD
:10A7B000FEC6D419E20DE3DCFDE81300EB1FC5F47F
:10A7C000B427EE2DF6F91008E012F0F42EFBEE0E91
:10A7D0001B04FFC523290D06D2F1DBFFF0EBF5EEDC
:10A7E0000B0A0A08EE291529D04023D423ECDD14E6
:10A7F0002D0D10A5380EEA0A012B06F13306F204DE
:10A80000F9E74054EE1B201D1244F9FA1FDB07CD77
:10A810001719DBEB0712E61E2B0EDFFF471B08E9BB
:10A82000E236A7FDFC2F13E0ED23FD0C11F2FB3007
:10A8300013ECDD32D7F4DBED27F25EFE09F8F5D339
:10A84000FD0A041FF33D0FFA05FCEF073FFAF1057F
:10A8500053EE26F0F7E8ECEA2FF8BE16EAF2D446FB
:10A860002EFBFE23091FF70EE3FB0500240FE42750
:10A870000A29EC16061619F00103FEE316FBECE2BA
:10A88000DCE61B0F1903EC29F9061F1A07EED902A3
:10A89000F744F504ECD9DFF3FA2AD3031C222C0683
:10A8A000D944F2E00DE43009EBF8DA421111E72562
:10A8B00005FBF4FBE326F92209F416F5DAC615F2D6
:10A8C000C529EA3BF80AF1C0F5F4D9E93C1B04B507
:10A8D0003AE209E3E2DEEEED0C1B101BFB1AF12954
:10A8E000FEECF5FA15E9D40AE60BEAFF05E7E4E326
:10A8F000ED20E8E81B11090DF1F7FC0F080CF0083A
:10A900001806130F01FCE909D8F60EFE08F1F8014C
:10A91000E50DD6F2FCE4FBF73F0D11FA3EFFE5F939
:10A92000EC24FFF3E4E8FE01E7F2FAEDFD09EF03A2
:10A93000D3030E0A0F3755EDFD1C021BDB0CEFE4B1
:10A940001322FF5C05E6FEE20812F4F522F309FC8F
:10A95000F90A03DE0EF511E6030DF70AF320F9E715
:10A96000380BFA3FEE47053FDF162C12DEC6E846ED
:10A97000E3122117F433FA03E1F9FBF522DD0702B4
:10A98000F7DC3E442E19223A0E112016F4F0F5DBC6
:10A99000DE0B11F71904EFFD0707DB133911EADCB1
:10A9A000E4F3DED302FD040FE40DE8317F08162244
:10A9B000010B07CA0D41EDEE16CB210DF90BE5BFDA
:10A9C000FB22C91CE50AEA1BD3EAF3155DFDF90574
:10A9D000681805D7F2E5D1EE0D1DFA28F5C7BFF5C9
:10A9E00026F4030104F3ED21E204E948FEBEF1FB85
:10A9F00001571FD9E7F234300ED5FDCAD5E02F023A
:10AA0000DEF7DCC247C931BE05D71038F401D73FA5
:10AA1000C2D6EBF81E0BEFFBEF4432E0F202E62465
:10AA2000DDA981BB48B4EAEACE0804015532C2135D
:10AA3000F808FFCB013E17F41FD727270814515CF5
:10AA4000DCFEEA2DE4F2B8F2D71DD80D090AE0CFFA
:10AA50003F220E16C9220FB7E70C33111E85B7A38C
:10AA60002C012D1517E1CDE9E202E132CAE9F72107
:10AA700007F627EC00241816CC01C6F5DE0EF9F512
:10AA8000BBCFFCE5EFF8EB08F3EFE1410EB4D21DCC
:10AA900001E7100CFD01C6F50FF0FFC7D52F14F22A
:10AAA000F52906EE18E2131FE821D8132946B90F3D
:10AAB000FC0EC5C9CFF5E1EC2620DFF11D18031A05
:10AAC000DBEBD41010F4CFD3EBC9F32523FEF1B6A2
:10AAD00032DEFA1EE5EFFB15ED0C2B43D7170922EA
:10AAE00013DDADFA06239AF6D704EC1399B8EEF607
:10AAF0001849FFADFD0E7BC4BF99CBF8A9F0C4C0C7
:10AB00003114ECDD040E1D1906F420262303B80AC7
:10AB1000B829AFE55DB8E501021D29EF0E06DFF3A8
:10AB2000DF1EE6C3EDF6F2E1AD12E32E052C0A09B5
:10AB3000CD1FC441FE4F5BC10E10E219F52AF8F09B
:10AB400034231139EFB4D5F9FCD1C3FA39AB1AE487
:10AB5000080EB3101C0550F2D806DD28DCFE30E2EA
:10AB600054DEEA652230F105C8EE17FA18443620A3
:10AB70000745BE4AFC4F1EDEE51EFCED2AA7D5E1C7
:10AB8000DDC638F21301D71ED9011D062CEEF307DE
:10AB9000EB1B0029C7C4010E0C36C5ED07FD374F6E
:10ABA000BD3D23D7D2D659DCF4E7D75D1DF9E8497E
:10ABB000F90FFBEAD0690C3D251EFFF3FFBD41C82C
:10ABC000EB1DF03501F6DA81E804B7D97615DFCB55
:10ABD0006614AEFCD3B6EBEE48172DFDF71CF63D20
:10ABE000E90ECA11FAE1D60FAFDC020542E3DD1926
:10ABF000E248C8BBE8F60AF69FF3CB29E31DD3155C
:10AC0000F518C7FAFD3DF439DBE745E11F1A13E6F5
:10AC1000FEF0CAF8F3CCD9EE283126F53D07DE3F29
:10AC2000D7E40613F412B9CBCBF2EFD1F4CBF2E6B2
:10AC3000EBC2FF2D3E454FE2EEFE19521F0D09E318
:10AC4000122215700303BEE0EDFABFD028B503F958
:10AC5000E34AC7C7000A09B2F6ECD5E72D18E907A1
:10AC600031ECD173EA381026E8EECDD8ED1BBD5893
:10AC7000B72E0F629F2B1EECD2FED702C1E6E70073
:10AC800011B652362114074C135432FF06EBF6F876
:10AC9000DFDDE50FFD12CB24F11FE620D31EF310FC
:10ACA000FDD7DFC709090812CB1DB974411FFB612D
:10ACB000E5FDFBC5F24BEC134AE92D1A05B700CCB4
:10ACC000F420AC3BFAE5DCE1DBEBED156BF3D110E6
:10ACD0007708BAEDE9F1839317231525F106DE20F5
:10ACE000DDF1CA3B0306E7F5E3F8EB1D12FFF40BB9
:10ACF000162DDA070A1118E3C9E8F9111401F6EE66
:10AD000018FDF52C06F2FA0DF0E94FF90BEFDEF025
:10AD1000EB2DD9050AB3D300215026F141F4110BD4
:10AD2000BD38F9FAE9EC540ACBCEDB28F719F5F176
:10AD3000CDE0D1F6FF6C4007E8050C08E8060DFFF2
:10AD40000F18F77F01D7E0D019E4DBF450F2F6C515
:10AD50002FFBF1D115F722C22BF8D31CE42FFB07F0
:10AD6000F90CE81CDD05064AD804081005D5EE0FDD
:10AD7000E90516F6E7FD12F3C2E6031E1D211B11BD
:10AD800002180C121D0FF84213020AEE010EFDE626
:10AD9000EDF40DF9D20FCD20FA26DCEB4111ECF5E4
:10ADA00016E106E5E012E207C609F90633171006B8
:10ADB000DBEDFADF191FF4E7FEF404091333F1BFEA
:10ADC000EC01F01DF5FEFBE1F6F408084014F7F382
:10ADD000233CF8C8FA02EBDD120B010707E7D8F2B3
:10ADE00020A3CD39001BE7D4C8ED08ECD7FED94825
:10ADF000181D14FA0716E6DEFF051CCEC5DAF200B0
:10AE0000FEE6071E0C350F3CFA161EED03CAE3CF13
:10AE1000DA1DDC060AEFE9E32B14FCF7001E0A1129
:10AE2000C8160CF640163A0EFB30E63B1FCBE5E0A9
:10AE3000EE00DEDBED4ADEDB1BC02622E9BB24C5CB
:10AE4000E306D13A0FF5C829AFF3C1105706C6DBA8
:10AE500068F4F6DA28A20F18CF2AF907EF1411F1D7
:10AE6000E9CFCB14FA03BC09BCF0280C0B0FD7FABE
:10AE7000302FD0EF3907F1E8D9F4E5291C12EB0A9D
:10AE80002709EB2CE3E40CF5070D581520F7C7F163
:10AE9000CE3DC50B08C5D0E43F4F45005DD5F51E3E
:10AEA000B141FFE10AE73901E001C412EBF5E50F1A
:10AEB000E2C7A3F7D53D3713F2141419DCE3F4F419
:10AEC0002A3A0076FFCDF1D8F3DEC3EC57FF05BA7E
:10AED0002F0AC9D52D3846DC0307BF16C743C9EA78
:10AEE0000E0DDB04DD19EA59C3112A0018DAE31943
:10AEF00000F828E2F1F90AE0D3E0F30A2EFCFCEEB8
:10AF0000F900152626190C25042DFEFE0228F5DF72
:10AF1000DDFBF1E8E10CB9FB0003F009450CF9E2B7
:10AF2000DEEAD1F9E1F5F216C203F6095C0811096F
:10AF3000F1DAFE20282908D602EB3512FF37C7C602
:10AF4000E422D91AE80E08FA0100E60D5817E61BAC
:10AF50004F200BABF60BEE06FDEF0AF6FFE5D10C2A
:10AF60001EAEBF371F3A0EF09CF323F5FB0BD04803
:10AF7000211929F52125DFDAF404FDB7F7C1ECF337
:10AF8000F7171C33EA361741071B3E0109A4F2DE0E
:10AF9000F91FEEFCEED40CEA1A04D101424A21F06A
:10AFA000C25AE1EB51F861F72215CD493AD5EDEEE1
:10AFB000FEDED8FEDA22E6F236C43E3BE5CA5FD6B4
:10AFC000CF14D22D0C19DEFFCBD4C634641FCCCDE8
:10AFD0007FD105EF1A8106F8D92AD70AE02107F2B6
:10AFE0001913EB0FD839EC39B9D6FD2EECB6D83B96
:10AFF00022481612113A3EF5DAE9F910F9D3F9EEC2
:10B000000906EC023F09EE2AFAF245F9D001F5FEF5
:10B01000DAF9EA1DCEF0DB0AFD44ED0E4A1E0045CA
:10B02000E8ABBFE110CBFCF5D81CCF0F5140BA34D0
:10B03000F5C4F9EF1E3EF8EB030C3D0218292AE196
:10B04000D622DC300010D8D9BBF3F7F7531FFF9A94
:10B0500050230DCCDB11E1F10C241BEB2AE08AEE2E
:10B0600009B6EC3912DEF3EBD30FF4030C010D1724
:10B07000110AEC0216EE16D3E31009F818F8DACC30
:10B08000DFCA0D1BF005FC1BD0EA2DF124AEEBF25C
:10B09000FF34DEFBC3BB0903FC12CBFC03164318D1
:10B0A000DC302822150F32E9F71FF235EFD4FEF11C
:10B0B0000E09DEF7DA1F11EF1823F90FDEBB17C2F6
:10B0C000D119EE270B19DFB9F6E7E804631D07CFA6
:10B0D0002ECEE8D511CCFC25F3072B0FF14E5448AA
:10B0E000DCFBF01A2931D12CC1D81FFBD6C00710C8
:10B0F0000C4FE3CBF6F439DA9CDF0E11221B01086A
:10B1000009FFFA20EE10F305FAFF2B0813A401E55E
:10B11000DDF6D5E13DEFF6E1362DFCFA44FEDEF03A
:10B12000F2EBFCEFDDECDE1FAA15E51B6003EB0084
:10B13000C7C2DB28464774DF050F2624F343CED26F
:10B140002543E26FD6E9EFDADCF7D5D47FE21EE9DA
:10B15000FB44C6D9EF1203010801D9EDF3E2E3DDA8
:10B160002AFF17081909162C1BF833F8CB9CFFC9C6
:10B1700031013BD501EEF288EAF3F1D80FFDEF1F64
:10B18000213FD3E805D1483CE5C41BFFD1C00E1FC9
:10B19000AB163DEDCC263113E33F12131703F9E94B
:10B1A00028E9051A28DE14E207071E49E718E6F920
:10B1B00018EAF8D9CF32F1F01A13240D2F1716110F
:10B1C000072FF24AE8D81B2FD8FFEA20274E38E293
:10B1D000731F27C834E9E8C30AE34962D6EDEBFBE5
:10B1E000F62F21D7E6EFF108135D4C03D3F1D2051A
:10B1F00035E85DDE06193A1548FBCCE30976EB0726
:10B200003C25E5E931E9E8CE1440161B1D11253136
:10B21000D95407D73A653953C7FB3005E2D944F012
:10B2200002F0E0E2312C41E6FC1CBFBD120FDD470D
:10B230000622EFC1C901C9EA31E6E1E9FE39DA19AE
:10B24000EBF0F1FDDF05EDF1CAEFE840F468AB0685
:10B250003AF3F2E43D20E1FDE8CA3408F30EB560AC
:10B26000AE2B3AEC09F5EA17423A15BFF9E9F1F0CD
:10B270002245FFB05C433A5714EEB7C5111B2EC6EA
:10B2800038E6E30BC2D034AAC44AF675DCB8061817
:10B29000EA5EC5A67F244523E7FD13EC090A10D01A
:10B2A000EFE5CB030DF265A2156BFED20E290CDC87
:10B2B000E61D0801AFE7000C3613D9ABEA0419E725
:10B2C000E3A0040DD1030D1005F2C147F2DBA0D4B9
:10B2D00008062D0AFE4E3C39F0C0155A1DEF162205
:10B2E00045A9A5FECEFB15F2E00B2906D31AF8F905
:10B2F00022241725DE1BC00EDD181CE2E2FB1ABB60
:10B30000F9F4061F16251E2D21133B470EE2CDFC36
:10B31000E9390A1821E0C908F71ADDA920EEFB2057
:10B32000C0ECD80459BF47E707DFBE594EF6EB1F04
:10B33000F2F4BED5E83BE73225AB2A32F30716BC60
:10B34000EB1CE01C24E7EAFE98D3F0E04BD7C4F3F3
:10B3500030D421F30DC51403051B3434E2E6A6D224
:10B360002FBB96DF13C1D9FAD7EB270503120028AC
:10B3700002FAF8CD37F9BDF6C6F71A1AE028EFC47D
:10B380001733ECEFC2373629071218100D02F2E01E
:10B39000F124C8F5B3E1A202F02A07D21CDAE809C9
:10B3A000D0F50F4F252417EB06F7F83A1601D7E32F
:10B3B000E0BED9FCD902DCF617BEFDEECD24CDCE21
:10B3C000B835DA1EFAF1EE12B807EADC32F9C42514
:10B3D00010BBFFC122020E00C70CC1DF0209EEC183
:10B3E000172AF408FB1A2D22D23E1FDF31E4EB218D
:10B3F0000C3512B74506E602EF2A1EE51605E3F501
:10B40000CD0B2A37F600182E233815F026F402B596
:10B4100007FEDAF5FC00A61C2C1CF2F61019F4E26B
:10B42000D61B8123ED400AD60216EE230118FCEA52
:10B430000CF1EA42D913ECDE34ED38E0F20FE2F120
:10B44000D50508220E1D20F600D2EB0F1826D71ABC
:10B450005AC523CD0FC502D01ADBAD01DD05C85496
:10B46000EE07E80BED23D021EE1BDE541E00F5ECB9
:10B470001814E5D6E10056D5FAEAB4BAA0FEE5F410
:10B480001DC3F5E3F1DD0EA4D7E305E7033DC60CCC
:10B49000DCEF112BC5030521FCFF091FFF0FEAFD9F
:10B4A000F1E4C4DEABEDE4F1D6D5E81FF23BFE03D8
:10B4B000ED21FC51F9391507C955E81251F6E50E91
:10B4C000141F0124E5D7E5B337D0E23821D60B2489
:10B4D000E7F3BB38CB522C3FF51E63DF00CFD3F729
:10B4E00000101239AE3AC8E73EF2024132DCE00DFC
:10B4F00007E507EFCA2538CECACED3FCBEE9DBEBA1
:10B50000EBA3EF0E4ECF11CAE117FEC6CB18CF0E3C
:10B51000D4F7C20AEE3EBF3F17FC101204FC9C0D8C
:10B52000F7D592F3D5CDCC21DC05F8F62E55ECDA23
:10B53000A80A07094009B439CA20DEF0471FD9FB21
:10B540001D11ECFDE8CDB31F11DA1E331FBC0CE852
:10B5500007F5C919C0202EF5DB3F2917F6EF1DD6D8
:10B56000D9FFE709E941D82337F0E606F500CB1FFC
:10B57000FEFFEF211B1B3CCACFBDC811DDFCEFCF86
:10B58000EFB2CE0429E419E8E5CCF9F6D22AE111AC
:10B59000FA1BD0002019D2FF2A2CFC14EAFB8102EE
:10B5A00052AEDC20F1010110DA1BD913FF15FEFEAB
:10B5B000A310E641F207C50DE945D1E32006FF16C9
:10B5C000F4EECCFDD9BE0B2829BDE51DFFA6F9BCC4
:10B5D00038C3013ECF02E717084F06F9BAF045FE1F
:10B5E00006EFF9F118D6CE0BFCE6F54EE6EAE107D8
:10B5F0004C5127D631DF20EDFEF3BECBF43F0A0FCE
:10B60000F8E3D1E01CB625CEEECC28E8FBE0A93863
:10B61000BCF49EECEFD9F3FF2E1229EC1205FDFDD0
:10B62000C246C6C42EA251FEE7C4DCF4FD3AC0C730
:10B63000CA16B7E7CE4E3BFB131421EDE2FA484998
:10B64000FE26D57F04D0F1E6E8EECE1E1A0F02C327
:10B65000340EEBE2D04E540823E6472A2D010BE4CA
:10B66000320C200EBBFAD93FF912FB17F2AED3F31E
:10B67000F71B31DD26171C2EC1F6C025D92AFE0581
:10B68000E4DFDF2C200CFB20EF20E945FDDCEA01A4
:10B69000C51FCAF22716C001F01610E11908E4F31D
:10B6A00011E5D2E1E515E806A3F5F0083011FDF744
:10B6B000D7FCE5FDE20BD0162329ECB80439CFEB1B
:10B6C000F00FE80CFF18E80BCB01180B0414F4D7AB
:10B6D000150CF005BF41E9E1F80807552DD7DB0C43
:10B6E000EBEBF9061CFBC219F300E2FFCBECCE3604
:10B6F00003572BD907051AF7C5ECDC08EEB9E6C7E6
:10B70000F6E8C625F3432A08EE113119FFC0C0E957
:10B71000CC21C0FB5EE3F3CE2007F8DD0630B9F4A0
:10B72000D82EF9E52EFB34FDD92DC62814E60805E0
:10B73000BD15C9E8DD583B012EF9F115F4F6E3D04B
:10B7400002FDDC60D9E7E1321BAB99FC6DBE00E580
:10B7500037E2AB302ABF2818EF1CF42EE74A43FF2C
:10B7600019FAF1490BEBD0EAFDF9DECE154F2305AE
:10B77000CD08BCED031133BEEC0A17F0C091EEE426
:10B78000EAD526079E16C3D33603120D252AFB11D0
:10B79000F9F2E424CBBB08002F1735FA08C51709C6
:10B7A000CC0BFDC0C7B92E0903D8DF4DDCFF18361E
:10B7B000042D16FAD75230100839E3142BAFF514C4
:10B7C000D83E0A051DF706B11E04CFDB3107E1D5CF
:10B7D0001E34C302EF0EF4DC2A1C34FA0328D712FD
:10B7E0000A16E705DE06EFEDF1FBD7323FB7C520BD
:10B7F000E312E9A589281BB8B3F4FF62DDDFD72186
:10B80000420113F92320FA2335171BE0F6150CD655
:10B8100011E1C414F61BC10CFB1B1F3922DBC5252B
:10B8200006C90805C21DC5EBFBEF0603FAEFC8DA2F
:10B83000D9D5EE1842372B17A0FC17403700FE165B
:10B84000171C0334FB02E8E3050105C7FCBF220017
:10B85000EC2AC4F1060505851B05EDF9192204B291
:10B8600013000139E22BCE0D15CDEFD32512E418CC
:10B87000F80DD024ED1D40F004F4DB19F8EA0C16A5
:10B8800001BF0B28FC07F128322521D9CE0912FC73
:10B89000F3CFCE14F51EFFF9E725FB1C06FDFE1CB9
:10B8A000F6CEF706FFFEF540E810D141F41CE902A0
:10B8B000E724F806DF15AE2EFC090ADC23F1ACF70D
:10B8C000EA0BE822010AFADBED04E4E712F51505BC
:10B8D0003C13D300FD108F812AF11DC8FCFE18BF58
:10B8E00020FF1E100716F41913D7115A0AC40DDBD6
:10B8F000124BFA9018362F10E70AEFDECDC7110968
:10B90000E9E4F6EB38D31C0404CCF50CEA0FE1664D
:10B91000D80007FD0714EBE2CC374AE50819EFEA37
:10B92000FAA3B3C74188EEBCDA20DF05227CAB2145
:10B93000D8FADE81F30C26381209042627072F18BF
:10B9400022F7F71405D9BFE2002DBB2C0D04D8D87F
:10B95000233518D7B02F1AA4E00A1300309CE7EF64
:10B960001EE211E861C1D203100FE34FD605EBFFD1
:10B9700008FC15FFF1F70A58DB2ED21F17F4D8E8A0
:10B98000EDE9FFDF0AF60CD7E9A8F6520CF3C3067F
:10B99000F1D7D4EF0408F550EB16B8D5192908E50E
:10B9A000C239C6FB1F072CF2EB02B809E745AE0906
:10B9B000FA23B6B789E9C52D2F2312F1342A3306AD
:10B9C000FC01F7242DC1D0C9F8ACCD0F24EFFCC485
:10B9D00023B10908C6DB2E131FE46216F0F30FFD36
:10B9E0001AE4050114209C10F2F7125A95DBF1F2CB
:10B9F000F543278540396133CAACC2C7A415DEB808
:10BA0000D4FAEEE0160721E6F03716514549D9156C
:10BA10008FF1C0A65B07101F192D29EB1001D30869
:10BA2000F922E0F4DE48DCBFAF1AD4FC340D0B265B
:10BA3000CB6CBAE8092C30C8D705DAA12A5BD6D07E
:10BA400002F21A2002CBCF29B9ECB6ED31A8F610DC
:10BA5000F12DB92B0E27F6C4BCDB21250A1F042CBF
:10BA60000DFFFE033FCEE6AE181F0CD4EEE9470CE7
:10BA7000EBE93AE3BFC4070E24F51308B5F4E1F689
:10BA80000CFB139DBB35E4D90A17F510FA5308FDDA
:10BA9000F8D7EF1EEFF125EBEBEC102106023CF896
:10BAA000FBF6DCEAACE3EDEBE0BDEA0985FB1FD871
:10BAB000F33701111D1417EFEC1B0E3D2332F9F67D
:10BAC000D30DFEEF09E8EFF5FCFD1A22DA0C28F899
:10BAD000C71BDDF003021E163A12F8F6FD1DCF2D2E
:10BAE000160BC104FD1401EB2B9CF7FAFA1BF12392
:10BAF000FDE144C789E8E8BCD6F83D4D1210EB06DD
:10BB00002814190CF5130BDA33F2FECE09F617F3ED
:10BB10002181E52EF2F2D25DFBF2F92725F0F42126
:10BB20001AD80101E931EF0F0BB91300D639F5C06E
:10BB3000E6C910195E1606F29111271B39098CFF10
:10BB40000658F6F629FF2F2703E2420AFFFF6D1879
:10BB5000C91ED7090FEA41025C1031D9E530FCB6A5
:10BB60002429D829DE1AF80515D4C3ED0F03281CA3
:10BB700016ECF9E199EF208C1FF9141C18C5040F7D
:10BB80000CD12C09BCD5E8FC0CD709B10EC1FBF6D1
:10BB9000269CF127CAF8D6F90111E703FB0600102D
:10BBA000DF00462A2620F354FDFC0B1ED60E0EE7BE
:10BBB0000CDD250BD42E012EB218FB0D033F09EE30
:10BBC0000B48E51D061B174AFEFEF2F615F236FA83
:10BBD000F50AE10B101FDCE7FD5205C42017E8BA97
:10BBE000552553D808F447D3AA4317FE10DE0DBDE0
:10BBF000F9C2D3BF0FF80B2005170729F441E9F468
:10BC00000E4809CDE823FA3607E0F11CF2F62C3A8B
:10BC100033F63138273F2C1D8952200904000D19B5
:10BC20000E43F31C42071CD7E708DF270EE6D0D1EE
:10BC300016E817C6B5E8EF310009FBF221E58632B8
:10BC4000DE0705E944EEF7BF810D13EA1906C725A3
:10BC50002BD628F4262CE7D6F0CB620D15B9C826D2
:10BC6000381B6CCB2BE035CFFE79C4280B37F3F3B0
:10BC7000B8B5F5D15712216413DFCF21E83AE6E9D0
:10BC80001EFB28DECD5B1AFE1C10C1032B15485489
:10BC9000FA460323740B4A00AC4604F32A003C31F5
:10BCA000111907022B0E29F8D32EB00C19EDD7DF8E
:10BCB0000C3AFDAE82DE07475105DDD420EFD91ADC
:10BCC000E7E907DE22F9FEC1FB2B400AF6259B239C
:10BCD000F91134E813FA27EFDD8A58D123C9CF666A
:10BCE00006EC0E066FDD0CD6015FD0072A2CD700BC
:10BCF000ADB1CDD4580AE74914170A1109D1F8FC9F
:10BD0000F5031A0B145540EB041EF00400D8302B39
:10BD100006FB0A3458D94909EB28FFF16E33EB04CE
:10BD20000E030DFA3F0CF3030F26E41E222CC4125F
:10BD3000F632FFC2AEB416032344DAC113E108F5AC
:10BD40001105F6DB2C3509EF3A2BDFEA02BC0DE7D3
:10BD5000F02F190F02CE43DB18A24400EECEF615E9
:10BD6000FAE5CC4EC823DD26DC09FE2EF7DDEE0613
:10BD7000E24FE5F803EF4EE1BDBDF211FA0DF71EFB
:10BD800030EDFEC52EA0E60AF7DF18E3FA06E60559
:10BD9000E5DED6F9F40E10131F6436FB4312F537B7
:10BDA000C61FDBFFD211F0ECEAF0F81B0A1DF70CFE
:10BDB000CBD8061A11777005DDF4071D3B291B1936
:10BDC0003E1B0F670DE9B7CF0222B8FE67CDF1D257
:10BDD000234F10C0E62335BA2703FB101218C6E321
:10BDE000541FFE26DE2BFD01CE161E03F8E6DF2FC4
:10BDF0001E0A1739F91E1CF5DEE7F8F8DBFE23FEF4
:10BE0000F5BA060138FEF54714E621FEE509F3D33D
:10BE1000D00402E0D9F1D71C011DD3020929FEF894
:10BE2000DAF8E9E5FDF9E2F3F81DF84A4BFE1D11D9
:10BE3000E8FD29F42537E709F82C0B2EE31CECAEBE
:10BE4000D703C51CE7FBDEF1EC08D9FC4B1001C69B
:10BE50004E0E03F30EE9DCE9271805EADBDE140FCA
:10BE6000008198261534DAB3D9D4EDD4F9DCF04446
:10BE70003637EB4727EF03AEEBF5FC09C71CEED8CE
:10BE80001D00F4EADAF50C28EBDD450EF0D3D2C143
:10BE9000BC4F07F0D1B405EF2335F1E50411EE29CD
:10BEA000FF2A44FB1EEE34ECF101F4453AF7E4F3CB
:10BEB000D4D2D908DF4113EA13E50F47D8D2DED830
:10BEC000E106E64E08D1DCF5E2D2B8E956FBFCF615
:10BED00061E5D0E414CB200FB635C6ECCF1747DAB6
:10BEE000442B1C2E1F070EF2BB31055351E5D8BB66
:10BEF000AAD0EAD403E2366FFD10F42B00E0E12F64
:10BF000006240BF0BF05044138EEFFFC2805F84578
:10BF10003300FB2743EF2BFDD0685BA9D8C7BE2DAC
:10BF2000F34FE5EC33E913ED220EC9193106BBF1ED
:10BF3000E1F902BFAC36FD09FE15F50314D6BF7F4B
:10BF4000040115122FF6ADA2D121161D1AC0B9F8A1
:10BF50002C0CECF8F32519D2F2EF165029CB00D8AF
:10BF60002EE7230A22FBF7FCDF24BC4D35F9D1FC78
:10BF7000A8E5C7CA2E24361DFCFEFCF7FDD8DF1548
:10BF8000443013FB123C04FA170A0EFB3B1E131637
:10BF90000B2B0A2B5D29F2F4F552383F0FC9D54A15
:10BFA000E447320F2E0F131BF527C0031FE5A9111D
:10BFB000C31021D7D7FBEA0E5514D2F81D161379FA
:10BFC00006BACDF23426CBCB0F351803F2FD94FC24
:10BFD000F83FFA050D0DFC90EAEBD73D3CD5FC2867
:10BFE000DA1356262C03E616DA03D92759E8BCCF14
:10BFF000E2E4E4C84A1930140BF5F1DD2EEEFA1430
:10C000001CE1E730FD260BD510CCF008DFD01F2651
:10C010000FEC08432A063B18FA1C281A06F6DC29FE
:10C02000D839FDF40403150ED3F4E20C2A2EB6F829
:10C03000D6EAE8EFEBF6041B1837F1E11CDADF1360
:10C0400009EFCDF3232AB896410E01DCEEEBFBCECF
:10C05000E73FF431EBE8DBD71DCB0B260F094CD9BA
:10C06000C63C2C15F417E04D17FFE3EFDB0B16F77A
:10C07000F7E5EB02EBD2100B02E80A3E1930D9F0DB
:10C08000E71014AB14F417FB11023CE0934A0D04C3
:10C090001B12FF1ADE25DF4081053255F8E9FFE863
:10C0A000041B0BFC2C185038E5D606EBEA0FF517ED
:10C0B000F4F4FAF20D30BEF0C345B7E5FE30E60EFB
:10C0C000D2F309EEFAFDFDEF52130255F5C144001B
:10C0D00017F7E5144B0EF0B63700E1DCF60ADA1A72
:10C0E000C3E1011EE4EFD3564426B8E5E1DD1506B1
:10C0F00009E3C2002C09FA1FF1EBD2FEF80C07008D
:10C100000ADBE60204EBD19FA42712DBBF11F02467
:10C11000DA31E409071E2515C105193DD8A8FEE945
:10C12000D02CE82B012930580611E3E2D1C8D939C7
:10C13000E337FCDD03FAFB4A20CCABCB38F021F926
:10C1400033EB04D1F90FFD0C29F4041A25DBBB04F1
:10C150000F1AFEF3EE39AED9BB1B0AC5253E0231DC
:10C16000EA032F241932D81EE4ECCAEF1D1400E8AC
:10C17000D515C2F6DADD3034E5D0E81B0AE4D7F293
:10C180000803CFBE04FC0BCBA4F61EECD61D0A2779
:10C19000181BE3F50C212526CBF5D30716C302DDCA
:10C1A0000A20132109F30426EC0E16F0E3EDFEF14C
:10C1B000E0E71015F3200CD3F72EBEFD28FB05DABF
:10C1C0001103F700D302D1E53D28132C17C8080945
:10C1D000E230E724FD42D6E33613E2FF271A14F6D5
:10C1E00033FDD1293908F0D103F0D51205EF1E0A2D
:10C1F000B9E6EDB9C91027DCF6F01E12C89BE302C0
:10C2000049F925D10004FAD439F5F50212F2F0F01B
:10C21000F2D0F835F7D8E7F3F742312315F3EC11F4
:10C22000EDD0E2F6B1CD06FEE9D1021CDBFA0E0933
:10C2300001E30F192C1B2EFCD2261A2557F0DE0F16
:10C240000718F01415D925DDF7F7DCDB0FE260CE17
:10C25000F02DD4F3DB1326E8091706140525B9E6FB
:10C2600024EAFF42ED31ECF421F7D715131415F74A
:10C27000D8E7E9BE973141B4DD10003C2E81D92EBC
:10C28000F2DD18F5360AF8F2262403E9FAE6FE0D87
:10C2900032C3015BDC2DEBF7EC201AFD01F1E13537
:10C2A0001A09E7F5E7F4CA1CF6E1F129ED11E402F9
:10C2B000C8DDE615191E1343AA03081344CEE42271
:10C2C000ED18020339002DFD02040ADC01C33FEC26
:10C2D00002240BFD1304DFB22F1056EA0755FFD4DA
:10C2E0000CF01A37FE1CE91306D9CFCD1DEEFC0C5D
:10C2F0000305DAEDDFEA26D21312E21223DFF1FFA3
:10C30000D5EB0E13F704B2FF3228F9EEDD00FF275C
:10C31000201CEA31D6090AEAE0150DFDE9F9230EE1
:10C32000C7ED1A05D9E00C3518EB0326C7021E012C
:10C330000CDA10F4DE13E333E323EE04D8F3F0FE5B
:10C34000FF13080F2819F5FAFDF9DCC406E6FDFA1B
:10C350001F290CFD1D24C0B31BFE1CB0110F27CCE0
:10C36000470EF53B1128E1EDFA27D95815F0082DB5
:10C37000EB0ACEF1EBF637E9E709E80702AFE40292
:10C380000AEBE2FD220F0C09140442E7160FED261A
:10C390000810E0FAFCF3EE08C56341D7DBBBBD43F0
:10C3A000F6190E10F1D1D530DCE9CB32EE0A8DDF73
:10C3B000D0C4DDCCE43C2D3407FEFE287423F119F3
:10C3C000FC20F80E08DFEEE1E90126DE02CEE7DB15
:10C3D000092AE00CBEF0DEAE0927E34616F5E6D5E5
:10C3E000E60D143F0A3B0D2417E3AA2B291D02F684
:10C3F000E900CFD014E529FBFEED0F2A24F5F6E77E
:10C40000D61417F8330DDBE80CF3E50206EE0E3018
:10C41000390C2165FF10BDFFBB32280B1409F54113
:10C42000AAF31003D00CFA610AADF5DDD523EAF9C1
:10C43000C19B1DF90821A831E34DE1185009E532EF
:10C44000FE06D0020FF2E4CF3E2312CBC4EE0BDD8A
:10C45000F32A0A3725FCA5A244FC1207050FF3C5F1
:10C46000CBE00C15E439F02A1E038111070BF9C447
:10C47000D4D8F8F3F3F60FF3FEEE13052FE41ACE3B
:10C48000D8890E36490BD6B6F0F2BA0CD8CAD712F4
:10C4900030CE0124DAEF18EEDA160425D7DD2F307E
:10C4A000F10D1EEEAAE0E354089127C586E4FCDBFB
:10C4B00012EA1CC51A140954A10401EDFFDC04CCD6
:10C4C00020F3F2DE380E230A35FEA7CFCBF511B3E9
:10C4D000DC032C31BBE7C1FCCBDF0AD00D213FC20E
:10C4E0002B280006202DC92D36F24EEC37FE295F91
:10C4F00033351EF505FE0AFD07091C040AF2D6C5F0
:10C50000271204FE0C02E4EFDF1F3A27210D200959
:10C510000C15FF04E1C70157D2330B230CE71EDED5
:10C52000C3314D57283D3650F7D5FE1043CBF83573
:10C53000D612FD161814C014243CD21AFE2321D39F
:10C54000D53A2344CC0C1B3123F71408DFF40CF646
:10C5500014F9D20F45DAD4D8472FCB355112BFFA90
:10C560000564F7E3FE03CE5A13C406F71CFF1C3222
:10C57000292F0AF9F7022D0402B3E72224E5D8DBBC
:10C58000360A08302018E7F9E720F028F6F00F0007
:10C5900003D2FEE99DE01D2DC1102E061F06FBC231
:10C5A0008144FF2142E6124BD6DEFFF309FFEF3450
:10C5B000EB400EF01A17C3300012DCF6A8FBEAEAD3
:10C5C00005E33B1FE02C05064229E2FCD30417CC0F
:10C5D000D8DEDB1C57169FA14730ED0825028F24BB
:10C5E000E02417F3BE11E0F339FBEA1DC516270B53
:10C5F000ED19F233271E2943F1FAEA121AFB490119
:10C6000061D1F1405DF2FE16F5F91C2EEBF2E81B4C
:10C61000E80E04D219E53CCAF8D8C00E2A10F7E09B
:10C62000A567270A30DB1457E31106EA12F6F93C36
:10C63000F91816F514F91C0EF9DFE72EF3E30ECB0B
:10C6400022B81DFAF316E927F7EEC3D31113DFC79B
:10C65000D610F8FA1243B517ED22FE0D2A1EF43A51
:10C66000FA340B5AF540E04529D610FA19E6414054
:10C670000828C5C8010AFBDC0EEEF3EAE6B4D93897
:10C68000FBFFCBE4FBC506C5F7114B0804271513C8
:10C69000F21DDE280E1DEFFCD82F5C0CFABBDB0868
:10C6A000D511233F3A020249FFE80AE7F5E7AB104C
:10C6B000A7FCF0E9D02001300321C20E3E050AE5B7
:10C6C000C03C1538F5F6EB281628EB1BF90113BB17
:10C6D0001B21C7330905C6F73521E3465F07A5D7F8
:10C6E000AE340E0AEC25DF7F0F10D31BF10B20DFD9
:10C6F000C318070EF5F3280B0BDD070800FCFD241B
:10C70000F71FFB272428CED92301D403AFF61C142E
:10C71000020F112AD53209368D2122144FBAFBD7C8
:10C72000D42AFAFE2B36215CDBF1FED001F1CD429A
:10C73000D01019E6220EDB2EFA2DB10CEA0A08EB16
:10C74000F9FE0AE80619020D62050229CD0417CA8E
:10C75000F428EF20370598AA4EE8DA08F921991550
:10C76000A2EA0911A20CF32E14029B12BBEEF7DE13
:10C7700094CDD70D2412F70B0907F30E18F725E413
:10C7800033C0D14A5321F4CDF22A0DE5A6BCD729F6
:10C790000B25FC09062850F1B205C42B0DC229E770
:10C7A000EA5141FB36311971340715DB01BDB22561
:10C7B0000A2EEEEA14D12E33F0C5C613F8AF45DECB
:10C7C00020DF26BA1823F8142606D30F33F8D6D85C
:10C7D000C134031AF018B50FB3F026E83415E70595
:10C7E0001E01F23149F4E9D9CD0FF40F1603F3E33A
:10C7F000DFD734CB09E5212C270E232F22D5143384
:10C80000E9FCE8D9D21BE61F28DEF216E1D9F3FFD6
:10C810003B01FB3B0BF62AF2D7214DC320E8041560
:10C820002919FAE00ABCFEFF09E8FD010ECC051447
:10C8300035CC02F301F62F0DF523173310AF074067
:10C84000D63627FE32E9EAFAEA0125DEDEFDE120EE
:10C850002124010DDF07200EF0FA1D26F307D5185D
:10C860005DD5330C42FE1AE6C3259C1C2D0AFCF351
:10C87000B4C2FACC14F62947D007FD320AC11247D8
:10C88000F10B2A00F32F085845CDEAE813F6EE2FF6
:10C890002DFAFC371FF3EBE508341AB822F7EF1D29
:10C8A000ED0B2906170F05DD16F5F11E24F8E3241C
:10C8B000EFECEAE1E0152A0CFB49EA101FA4E43B87
:10C8C000F40808E45109F1CB021C2811DAC7D01A88
:10C8D000DE160EF1FBFB09BCEDEB32E817DEE70AD2
:10C8E00040D625063705F5DAC3FFB13A03FBD3FA84
:10C8F000C1D7C3F13EF71316F70C0A02E1DEED04CF
:10C900000AE901F0222F1A191FF8FDD413FB163083
:10C91000120D144420082806FD54F2F513F70755AC
:10C92000D2FE3BE91E0ED6F8EBF1DE4EFA19D13EEF
:10C93000F404F8CEEFDF1E1CFF1C140F1EC11A2CCE
:10C9400015F7DEFC6D32F281DB1AF9DBFBCCEE1D54
:10C950001D10010EE5FAFB9AF0B828E22701FE0847
:10C960004D25CB262C2EE2E8C73D122AE410DC032D
:10C97000E4F7E4DB28EF1B2DF5FE07F0F6F2FD25CA
:10C9800007F3D2D5FB160938310A2EFFF8ABE127A1
:10C99000F724E62DFBF5EA39D764540204B9BE1139
:10C9A000D6EA040609FFF003D0E0D85BF80ECB16F8
:10C9B000D8DB0C940030F2DD033233442EE5F6313F
:10C9C000FA08DD260CDEA9F8BC3122CB1EEE06CB20
:10C9D0003156CE18D50026DB482E0A66FFE1CFBDC2
:10C9E000F5F917391A40E513E133C2130B2EE1F7BD
:10C9F000C9D7B6AE49032912EE0803F2FBEF070CC4
:10CA00002F14EB100E34F8E035000EFE20B2E63A9B
:10CA10002A4503491B1CEFF7D94D17DE0FCEEF3C1B
:10CA2000F4E31A0E1DF0E42502E6FAF509F0A0136E
:10CA3000DD9926E9E307DF5AD72EF32A49DBEF3ADF
:10CA4000CF2AD5FC0FF5FC81E1D6FF02180B143C70
:10CA50002D4B0026F421A0912DE4051E17E8F8CDFA
:10CA6000FBFD3426EBFB21562602A2181C23FCCB2F
:10CA7000DDC907E602D40920E7082FF64EEF0F03C1
:10CA8000BBB8271108EBDAF2280FBAEF00E4EC2B61
:10CA90002A11224A300B1721C035211EF6E50D3030
:10CAA00002E506F4B3F6D1302988310681DE22E4AE
:10CAB000E7BA47A3F509FF52F933F3C21F322F112A
:10CAC0001314CADC5C1E09E26A3FE5D9F80D20F6B2
:10CAD000F95DFF33F00DE1B925C118D24EF204C261
:10CAE0002BD40BF0DCECBE04E92D1AFEF8C2D7E71C
:10CAF00010282BE70CFF23E61ACDFD4A153C0D420A
:10CB00000DF6144801CDF5EF12F60FFE02C9FCD662
:10CB1000D90CD5C0DC0719CD483E34212A3EE7F2B6
:10CB20000BDED2ECC1231B0BD7EE00F91810F40A70
:10CB300023CBF122EA1F13DE33C84902EF38D30EAC
:10CB4000193AFD24F3F20BF701FFDA042916EFDDA1
:10CB50003B412DC4165020FA2FEDF509FF15E0EAF0
:10CB600051E2F516D30A1411D13044F5E4E3D84567
:10CB70004D124B0E06DFF2F5FE1902D2441A22F1D5
:10CB8000DCE2382D0E34123E2CDB0F26EFDECACD50
:10CB9000122B1806E9DEE8F7131BB700043F37F73E
:10CBA000E9CAF5B009C824F40AFE002727C720F611
:10CBB00012E9F8F90806D4020EE24D380824E3B76A
:10CBC000D019F3FA0C12050314DCF1F65849FDB73D
:10CBD00026E82CD916DB071F010DD91BC6C3F4218B
:10CBE0001481C8EADF0FD6CCCFEE0BFD12F3D9DCEF
:10CBF000491A01114DEAE9E315D6EC14FC2DFAF0BF
:10CC0000162EF1EFE733111301CF48211488BDCD63
:10CC10000D0BC00DF2B00EC3370EEFFB2D382012F6
:10CC2000341617E200EE0CF325DB060D06E7EB14D5
:10CC300001E9B021032D1B060EBF2FF3E2B112C391
:10CC400012231B1319D7080CF20BD4122D2205D571
:10CC50002BD3E1EA42EB561DB63AFB09C72217DA9D
:10CC6000E0E3D529F8E5CCEADFE7FA0F0919EC0093
:10CC70001B2EC7111D0206F4E5DDE40D0B05EBE2EA
:10CC800012F7081CFDF80503F9EF670710FEDFEC4B
:10CC9000F432C8FC03C8BAFE1C3418DD50FC00187E
:10CCA000B75318D2FEC64302DDDBD82DD7F1E30F10
:10CCB000DDE4C501EF4E2F23E6020A16F8F704065D
:10CCC0001828097F0AE6E9D805DEAFF748F501B173
:10CCD0003403EBE9030E22D616F8E0FDEA36EDF454
:10CCE000FB0DCFFAE40CF05BC32A1609FFF9DA1B3F
:10CCF00006F512F10A08160FC9F2020C1A1C2E01D1
:10CD0000101316001F0AFC33F20B18F6F51D07D39B
:10CD1000E402EEDFE1F5B817F21FDC123E10DEFD93
:10CD200009F6F6EEE0F8DB05D006F6093B171DF92B
:10CD3000FFE1FB00201810FA04FC0A120C40D0CDD1
:10CD4000FD16E831F7050BDDFAF5FDFB3908EE0FAE
:10CD50002231F7B9FA13E9E8F5FF08F50EE8F6FC19
:10CD60001A98DD27F81F08EFB9ED18FEF117D34523
:10CD7000151C1C13130CEFEFFF060AD9E5E8FB00A6
:10CD800009ED1E1E1539133502142A011FC6F0DEE7
:10CD9000E41CF2F005D7D7D31013ED02273C0112A3
:10CDA000BE2F07FC33F9480D0121D33719D6F7D927
:10CDB000E4F5DBDDF53CFCFC28BF2C25D2B50FE605
:10CDC000ED11CF230502D822DCE1C50F68FBD6E5C3
:10CDD0006CE3F3E20EBE0103D5090119E5030CE98A
:10CDE000BA2565242415086629201420F74CE6DEB0
:10CDF000110F0CF8B120212016C4DCBAC75202036F
:10CE0000B6FDD5B3390D7FC62FAE02FAD606FA0AA3
:10CE1000EE21E027184F03D41836351FDCE6F70C57
:10CE20002BD4DF22E1DD0AE2E2030EEBAF610DC697
:10CE3000E8ED05FD2D35F82F1929E3B641EA4C241C
:10CE4000DF32FF2FEF9CCA2809BE193DECAE3395A7
:10CE500036D74C3CF01758E70F18380FA80CDBC931
:10CE6000D8D63903DF06F037645CE52EDDE4F6BB87
:10CE7000DD10063D1E18443426C0C8EDE6512DF9DC
:10CE8000F1B7E31328C20EB4E5F9970AC4040A09FE
:10CE9000F730FDF139153433342304F7FC10F51362
:10CEA00058E1E3C8BEB53E01F0D82DF11FEA113DAF
:10CEB000F011ED0C16F2D40103EEACF5CA15D1DD7C
:10CEC0002EE8F7D507CF150238D3D93907DCB9CC0E
:10CED00040D93040C546D8CAD5E94810CCCB4156D8
:10CEE000A0A2241CE332DD330553A52CCC21D1D4E0
:10CEF000FB1229CFD426F61CFC05B711212C1ECE1F
:10CF0000D4E9FDC432F9338BFD90F642FCF0DC2B02
:10CF1000196922F8090520FF053ED3D7D633F5E677
:10CF20001B091F05FCB4EAF007105CEFFA4434D08B
:10CF300003E035FF0B0038010FDE9A03101862275B
:10CF400001170310FABA130138E5E0610DB81CD7D8
:10CF500050F60828EC235402AD0E0E06DE0EF8D56E
:10CF6000493070F6F71232DCAF2319FF04E4F7BD45
:10CF7000C7E3F2C00AFB0EF60535385FFB45E61243
:10CF8000347821E3DC1C0F5010D8EDFC1BE1133882
:10CF900018E40D32372313339D5133EE1F0BDD1090
:10CFA000E561D41953CD14D30ADADD3600C5E2B5F4
:10CFB0002ED9118BB9EF1935F8E81E110FEC8D1F22
:10CFC000D22049074CF3FBACAC2303E81CE7C02993
:10CFD00049DF2FE41804DCB2EFD733FAFAD6BF0DDD
:10CFE0003BE940F405EE20C8F15AFA320B22D3FC9B
:10CFF000B8C11BB65A081A4CE514E33CCC2EE80025
:10D00000363206D8E5510D0622F1C41E3303225EE6
:10D01000EE340521721855F0CF522AF12B0D052B55
:10D020000D27F4D351E90EC5EB20AC0B1207EBF939
:10D03000FB4013B492DD1233500B0FBDECE8EC1F34
:10D04000E6C816EE42F9E9B4E6E519DF081090FFEC
:10D05000FE0442E81FFA21D0DDB340C70195B76353
:10D0600017E6050861FC0606F17FD20F1FFFC20319
:10D07000CDBED0C97F0BF15723EAEEF5F8C918EC05
:10D080002B130CFEFD2747FD141AFB2DF3E0363E53
:10D09000DC00072D65F25110033C25D44C11C1175B
:10D0A000F1FA02023BDBD6D5EE1FF8FE363CCC414E
:10D0B000C940E8ACA0D9F70A1C2CDCD11FE2100E45
:10D0C0001DF7F1072A1AED0F060AE5DC04BBE4DBC5
:10D0D0000946220EEDD530E50E9B05F1D2B6FF19BB
:10D0E000010C55D214D5DD261E66372DAADDDCEDE8
:10D0F000DE133AE75003150A5AFFBEEF1E5F16040F
:10D10000F5089B041EE848D011B00044D496F518E9
:10D11000C02F1AA013E74FC6184B29A8D6350DE526
:10D1200073D8D1A7E8B90EAEC23433EBE25F12F286
:10D13000FC02CBE38EF4CBB821E2F1E7A2222E2E43
:10D14000EF131111FEB90C1DD4D1DE543D17AFB64B
:10D1500072DD06000C0F5AD4AEE56117E6F6DF1556
:10D16000F6C62310F7C50B0C1C381CEFC7FCC3F721
:10D170000D171AC72821FF2C1FE1D3F13D2030F3F2
:10D1800005D8F12934314DDBF8EBDE5BFD81EC167F
:10D19000DD4B1ECD41D53DE724570AB5052D2DCFDA
:10D1A000FBE716DFD9AF13C3D7280B032A1937BC07
:10D1B00021E91EEEB9FF45CC3AC2E4CAAF2E2DF7E5
:10D1C000030218190BE30CF8D9D2421E2FFBE9B564
:10D1D00059DD12D30302512CABCC290AB0C80B2D58
:10D1E0000B97DE052A02F5E20F4D1002A6F0EFE1E3
:10D1F000FC1F27F457F4DE301B17D6C4070909FDBE
:10D20000D5D0E4E0FC197DEC1BF90D3F1EAA0DF40E
:10D21000F60DDCD70DE201D426350CB245600F9631
:10D2200022D014F6E4C019D7FF283516FD2A0C09C0
:10D23000DD19FCF10D152FD918A7FFE5EA2216DA42
:10D240000C2931040BEF4FDEDFE2241D10E8E1DD95
:10D250005309F7EE0AA61DCED0D2ED1D9433EFFC94
:10D26000091C1CE357822C180D43EFC5FBF2EDFCA3
:10D27000DE8C3AE0378EF90541152F2F3511F54632
:10D28000CE393E07C13D1DEB152622BBB7EE1A1D58
:10D29000E3FE1B1E1DF41423F3EED919F40533DC51
:10D2A0003FF222F6011217032DFD1BDFE9C712C55D
:10D2B0000B211CFFFABD17F92216C881D12A57DBB2
:10D2C000233E34E827F5190B250F262FDF16EA1A1F
:10D2D000FE1322CF48341A0E20A318ECFBF8F829CD
:10D2E000F6EA03D52F9F0416E60FC4F41DF405E8F3
:10D2F00001BA1804F9F4EA444001022F19E4F3F9E1
:10D30000EC342531275015F0035A0E0BFBFD10F0BD
:10D3100003151BE01A122EF70C0526280A4548C7EC
:10D32000371A0F0146F4FD11FA4E06E60D1312ED01
:10D33000F7F110D4FD14331235ECC9DF02F773ECAA
:10D34000723012F93829FE0A0E594A39E6F3F31BF6
:10D350000D34D4F404023CCCCAE018FC1110270BA5
:10D360002EF4CA2C30C0FF9ED2C3DD020D2E0FEE6C
:10D37000D3D9BB0419EBF40F03E1FF10BBD2EBDFF1
:10D38000ED2C1BFA295DFB38F7081211E6D813F2D1
:10D39000DA151FFF01F50EED27F9EEF62E5316F6FE
:10D3A000151A290E4CE9DFF6A62F132C3DEC02F6D8
:10D3B0000E0C0DDE1B200BD3ED2E02D90C9EE6ECDD
:10D3C0001A3B23F50A04D7BADC0E17EA3EDCF80C48
:10D3D000F204AFF40BE21CCAFE052EF1033420FA6E
:10D3E000D0121C4F1221CDCF020FB218F512FC0C37
:10D3F000BA0FB1E600114BE1EC111A15DDE6F2238C
:10D400000412D3FFC204EAD22D13172707130423F3
:10D410004316FE54EC3D330AEBF926AF2BCA053414
:10D42000D403F308FCC6EE2EF5DBB701F8DBAE0A39
:10D430001390FE15EB130F260922B1593BB9CD3FCE
:10D44000EBFCDAFB0D3FE596E357F609E61DDC1829
:10D45000135FE828F01AB8913A2106391C44A8D283
:10D460002B12D11BEF22193D1711B91123034813B9
:10D47000EC1CD8DE1C0B123BE8E8FA331683133F92
:10D48000EAD31010261FE03F0801D107ED0FD90C99
:10D490001C120E76DAF1E71FC2654C3E25BEE8127B
:10D4A000A50A2C20C9311B1A16DA0218BE1D182A2B
:10D4B000CAE72EAD3213EA5AD63329F02B25D757B7
:10D4C0002FE0E5253DFADFB816141CAE0DD21F2B58
:10D4D0002245DD10141E02AAE5E9AAF7450105DE82
:10D4E000B6BC17601D1CEAB9BEFBDD35423F17E62E
:10D4F00014F7ABDC2D154901CA17F335D9BFF02A53
:10D5000021E5DB0E403AFBED064331D4D5D005478B
:10D5100031E3F61BDE1211D1011638E40FEB182CA3
:10D52000043719190F2BEC25162BE307E4DB8102D6
:10D53000E410CDF93419F5150E18C4FB7CD4E8EFCE
:10D5400000F9FDFE2017E60BBA2DCC0417EDEAE634
:10D550000321E91BE3099BC321EEFDD61B2D27B751
:10D56000FB175C0C2814E9304A4410DAC502E3B218
:10D57000FF1203C7D026FA19130FF1E0FB3DFDF6A9
:10D58000FD1CEAA627EE4FD1FEB50C22CD1214FEEB
:10D59000D129E4212C69FD1BBF2113092EFEE5F2E0
:10D5A0004DD5E6F454C213CEF30D16FC073DF2DC64
:10D5B000FDCF01E1FE2AE222231E051039292C4865
:10D5C000FB10141BFBDD011916D90542060325BB10
:10D5D000440C4015060A4FDC2FEC2D2DD2D7D9E490
:10D5E000D01C3601F11BBB1A7F41F222C7F9D9EBDF
:10D5F00026F601F61127463632E1E8C7E316182968
:10D6000024B2EE1808C007A3E830C3060A2C131A88
:10D61000DA33F2E45256354DDC1F3C140CF31FFD97
:10D6200023F80AE3E60021FBDC2BE0ED10FED23408
:10D63000FF17F5B7EDF0CC0BF2E0D5FAF82DF9EEC7
:10D6400001D2E6F816EFD70715F0BD42FB00A0FCAB
:10D6500018E8F33BFE46CD01D4042D24F6F8FE3F36
:10D66000C9F440FE2928D50D2B3DECFEB108F30886
:10D670000130019B1F30141413EDCDBF1A0C0DEBBC
:10D68000F3D4F8EFDAEC3499D6BF103DE0DDDD25B8
:10D69000EB4BD2E3134123E7EF17D9F2144DF8BF58
:10D6A00020D2E927DDB00AE30E3819101B2F15C769
:10D6B000D70305FFD4F7E6FD1915FDE61F0E0FE6AB
:10D6C0000C002A07EDC52F3A28E9D53411C81BFCF8
:10D6D00040251D2CE30D3CEEDC08E722C3FE13EED3
:10D6E000560C3FB9F1F84DE7C63525CCE2B026F42B
:10D6F0001FFA64DDFBDDFDB91C3A2F3014E8D3239B
:10D70000FC7F17F6C81FF3120F27010BFBCA312F3E
:10D71000F5CBFD1F18F62113EF1905F3000051D0CA
:10D720001DD9D12EE9093ED6EEC3CF1125F2E6C8A8
:10D73000401FE7D5C9F520151E0728CCE218D500F3
:10D74000D55A15F8061625FAD3F908C52450FC0356
:10D75000330131E524D209F409F5FF0517DDC719B6
:10D760001DE128E112BC40DC1E31FAFBE823EE315A
:10D7700025F1EEB9F1F00CFF29F70BFB1029D4F5D8
:10D78000252C3007FA3832E91A44FB0B2AF7363ACF
:10D790000D0710E02FE848D2EC230BD7162938D616
:10D7A00017F5CBFEF5D212C5C21FE4FDF7E91BA2A7
:10D7B0003B27E7EB96E51FC740B73CE5CB22F72CAC
:10D7C000032E151536F222EE1116020004CEAC3DE2
:10D7D00014ED4DE869E63ABBD6B81DDF18E6DE5316
:10D7E00026A5FDDC2FDA3393F61E16C0DCFE1DC124
:10D7F000360232095A06C60C13ED222BF3DBF0F782
:10D80000001542060B5A3823124DFC02FADF4DEB8D
:10D81000FE0FF1010DF14AC82405D4D659511DCE91
:10D8200028B1ECF2E20F11C5E667010D1B1A05F0F5
:10D8300035491BF6CBF506DE2429038FBBBDD3F497
:10D84000F550FA0E21FA090EE31B08F2171800062C
:10D85000FD13ECDCF60D6E34BFC0041BC9B1F5D965
:10D860000BF8F536EDBDAF3516F8F03E0221AAFEF5
:10D87000175D250220F36CC5F5E0AED8E70EF0ED9C
:10D8800032C5C1C832A1D0DDE9D51FDFDCDDC5312D
:10D89000EA28C0FAEED0FE051C1815092928E9CEA1
:10D8A000C92CD5D1269363DAB7BBC831D83FEBD8A2
:10D8B000D0FFAEF5E52C47000444114ACED8401FF6
:10D8C0000B31CC70E3C2E1EBF6E5ED3366020DC936
:10D8D00024E9FCFCC33F3CFC2C073352402C0DF8E0
:10D8E0000E1E3FD7D7E3C42103FD2032FB95D2F0B3
:10D8F000041E32FE08361848E5D3C8FFDC4000009D
:10D90000100BCE3348E0E3D9DE1DCD1EE6FEC71076
:10D91000D612C3D1142DD613F10B38A30B14E8F88B
:10D92000F8E4C6E2E2DDF1FA871AEEFB3666EE1E97
:10D93000BDFED8F409E8B21204191DFE1763F91DE3
:10D94000EFEAD22DEFE8EDEBE0E43E0F250DEAD350
:10D950001FF9EAF7D33E05ECDFFA1864F3A5F0FDF2
:10D9600020E4DF020122A22F0ADA0D0FAD02C13836
:10D97000251F27E821412BFDE3CFD5FE04AE20F281
:10D9800011FC133AF534470D13F33C15FCA7A1DB4A
:10D99000A937D6E867E8DAD0042A16EF1A39A4D9ED
:10D9A000D4E1EBCD1AF22D13FF46D32237EDED0172
:10D9B000CA1AB6BDE11E09EBE8D618F018E406C491
:10D9C000CECFE425CEAAD867F0CC810B47A809B109
:10D9D0001DBBB73216E7F9F7D43EF247BADFF6EBD4
:10D9E000E5141A1C22EB12601DFEEDDB320E222C18
:10D9F00007E9002321D0FFFE1AF52B0331F105F2D0
:10DA0000EE220908CB09FFDB071A0FC1A214042478
:10DA1000000AFA10DBE3CCF415C70B16FA0C340D30
:10DA20000429302AD809273D0ACD1EC81FF5F5C59F
:10DA3000C61B0B0F150F03101332A28124112BE00C
:10DA4000D05C2817ECDA2013140A2021D8E2EBED81
:10DA5000EBFC0C13171E10FD240F19D2042CDF1E33
:10DA6000C8151807F1DBFF671504BBF60D160A0B86
:10DA7000BEC8FE16F2090BF3FEE8F42943FEFDF6DC
:10DA8000DE31271D140B13BDF0FFE5F0E7FAEAF7CE
:10DA90000FF622F0D705202619EB1F3417170EAD0D
:10DAA0001C3708F325BBFD490BF80ADCDF11090C14
:10DAB000E1E20AF80CFE31400C19C3EBF8315EE7E5
:10DAC0005FF305D819EBF72A341EEF39E5D4FBCA0A
:10DAD000F61408213205F7DE141102E5FF1AF914D5
:10DAE000F0F3DE3AC6F0D618E215A614DA2812EBE7
:10DAF000CBE2E732140E0700EBE5F72D03EC03EB66
:10DB00002215F01D1C2803030CE91632DCD5F9F5AB
:10DB1000E2080F0C0FEB09BE18D6F8FA010B0A0346
:10DB2000EB5125F14ED8043AF52BFC1533EFF93AB9
:10DB3000EF2AF9F12D092D2DE5EEE20B15B310DAE0
:10DB400044F612E202FCF006EBFCFBF321CEF8D126
:10DB5000C917D30A0C1ED7D3D92C02F51F33FC28C2
:10DB6000FB200A22FAFAD1E5BC0D351315BB133F91
:10DB700022EA351AC70833FEE5ECED29291A151AF1
:10DB8000F71417DB04070DF519D62BF2EADFDBC813
:10DB9000FAD6E50AB0DBE2E22E130DEEF12A1914F3
:10DBA00001FFCACEEDF90AE909E32B36FB180E1185
:10DBB0001EF004042811F7F7D005EA19131CD90C3C
:10DBC000D146FE19FC33E6E3E4F1E1DEFF1C2997C0
:10DBD00021F93EEFE30246F9E62819050AF0073875
:10DBE000F5C6C22B06F4EBDDF711F8070333E3FDAE
:10DBF000EF08132F1BD62AB809E4D4110C1DEA072D
:10DC000008D3130D0207D0D3E4E733F606BCEAE4E9
:10DC10000427D0F1CFBB04C53610DEE2E52801238E
:10DC2000164529E0E3DF25EF0BD3F219E105F3CC2C
:10DC3000DCDFDE0A133FFF15EDFBEE1FD6F6F7C85B
:10DC4000ED280A2FFADCFFEC08E8F2323D2C16D45E
:10DC500017D4D9F210E33FF5D50F0DF7B52F13FD0B
:10DC6000FEFB0A1FE847E810E5F4300D20E21050F3
:10DC70000BFE2E0AFEFDF2C7D8C7151A3A180E146D
:10DC8000E0EB02262B1F352A19E6FFFBF9D4DA81D7
:10DC9000051100EADADED4E12B2EF1F60516F80ABA
:10DCA00004CFFAE3C5C2041FF2190C193D1D29CD9A
:10DCB000FDC415E84D2815F9C4E61B08E124DCC9AC
:10DCC000DD3FC51AEDC61D06E0BFE8C40CED240219
:10DCD000121021B7F7012A0DF42A0FF4CDC0EADAA9
:10DCE0002518112B1C28FDD211B9DCC21424155F94
:10DCF00032D145E4DDD7D7CAD04A4BE2F709FBD48D
:10DD0000EB231FE0982ADB12FF1A1BAEF10D061160
:10DD100021E6E129ACA9BA25EEF5EC3704E2220BA5
:10DD200007C4293212FEF011FAD90EF1F8EEF5D03F
:10DD3000E4C6F9EF0CF3D2FDCB1009EE1140E3AAD3
:10DD4000ED7F40FC261433201B002EE7D70121FE77
:10DD500008FBB31510073CDB4B26FAE3011BE8CEAA
:10DD6000FE56F8EC2901F63326E2BFBD091C0D561C
:10DD700018BB2FF19DDE02F91808281747F9FE039A
:10DD80002115592FE5FFDCF11702F8D215F4121F07
:10DD900027B1F111C0A1042B03281522D54843E077
:10DDA000E5013204F0F91C3319E9FD00D40BF5E06C
:10DDB000DFDD00E32BE9DB2DC846EE012D60F3A883
:10DDC000247521FE060530133B0F1BFADB1344229A
:10DDD000EE0B252B5B4B04C84920DDA2353D08EF37
:10DDE0001B1DF302EBEBF9291EDBDBD9E21B0D2037
:10DDF000F0DF171708F01F10E4F90D2326C7F2DA39
:10DE0000F30C3C250609D9FC14F51F1E05E3EB07AE
:10DE100007C2F0FCEDDF2BDD15FFF50E055C14D31A
:10DE2000E64406EA31D5F72E07BD2516033A29D474
:10DE3000FA100DE81D28F62DB92BFE1B190D1990AF
:10DE40001829F4F40E1411520C09E2E32DF21ABA57
:10DE5000EC26ED0E2D2415FD2311FAAC242E18F717
:10DE60001012F7272EF6F9FEE21AED080C0819E851
:10DE7000D420C3EC0EEA5AE7F11206D7B4A1E3D3DB
:10DE800006C91CF9DFF5CFC4FDF30BFC311FDAF234
:10DE9000EF04E826F4BF05E0291D34E2E9ED0B00AC
:10DEA000DAF4CFD2AAC73312EFC80644D2F7E82C6F
:10DEB000F20C0712F74440F30230F92D1AC8DE09BC
:10DEC000FD34F80DE6F0FCB81FF4BCF027FCEFE2DF
:10DED0001C39C405D9150E0D02F409FB072BFE02EF
:10DEE0000E18DE18D526CE0D1C04DC3330C7F0FE2C
:10DEF000DC0CEFED81320FC0B3DBE955C7D6D9FB9F
:10DF000022ED05D440F8FC0DFC04F5E6F326F1E023
:10DF1000DDD5BD0EFC20C516F9131B1C1FF5C40D65
:10DF20001CDDD0F3C40B8906F2020D01E115D0F817
:10DF3000CBEFFD423033031ED4020D4354FEEC26DA
:10DF40001603EA07FBEACCF0FB10F0F61ECD1D1617
:10DF50000817DA11EC1DF39BF32503F30810F8CB37
:10DF6000FC24E61ADA0BF0183CCFCEC10819C81011
:10DF7000120FE0FEE91C2E0501E0E507F7E405F4C9
:10DF800001ACF2290A1CEC15FF36FEF0E3110AFE83
:10DF900010EFD82AE11C05FBE5250A3502E2E02551
:10DFA000D3D3F702EA06FE20DC1CDF18D710CE0E12
:10DFB000C716F5F2DB26A71805210AEB1DEFB7F30C
:10DFC000D61AC60D0E11ECDAFE0A00F722E20EE2B6
:10DFD00028FCF02CF902A7C51E1F1ACDE2F04CCA8E
:10DFE0003A37E10CE004020EDC3B021617F906BCDE
:10DFF000F1E3D60E4411271AF30018360A02044F33
:10E00000042F0A2B0526F85E18EB110F070BCF38EB
:10E01000FD1E2B16102DFADDD563640CC4A1ED078F
:10E02000C760091AD02E37E5E511C749E7F7BCE903
:10E03000F114059C122D0FE514D616FA2600CF55C3
:10E040002D051719180CC3D89D332CC93708CEE9F4
:10E050004538DDEFEF2D0A93E90A242616FE033634
:10E060000301243D4219F1CDBE24BA375856C8FEEB
:10E07000A2DE9BEB31F93435110DE4FEE104070E0D
:10E080002E0EDCE30F3F122A04DF03071AFB0F42B8
:10E090003A51101922F8F4E5E8403FCBF9A8F245CF
:10E0A00004361B1120E2F114EF2BDDFB55D7AC1B1E
:10E0B000E7D1FDF3D3E326F8150FCC2B36E8EB516F
:10E0C00022160EF41C15C881E727380812F8B2167C
:10E0D0000D48E9040B1AED9FE7E8002922E402014C
:10E0E000EC1C571EFBED2738F919ADFE320F08CD99
:10E0F000C1CDCBD62CF5040BF4FC35FF60DBEF383B
:10E10000EDE00EFB04540DFF16E7D50AFBCF1D23EF
:10E110003A121C5B2E0A1333D73321031BE8D2308B
:10E1200005170ED200FC041A1DDEEF1F2B01F505AA
:10E13000F7DE4BBEC1FC17191420D9BDFD2A2F22D2
:10E140001EF40AF0511FFDA3553F1C10F1D8F2FB3D
:10E15000EE540110FBF8FED50DCE04D93ECF1AFEC9
:10E16000F83DE3430A1CDF1AB415655243BDEC22A7
:10E1700032034A09DD4129E4EDC5DB1DF724040E15
:10E18000C5E308FC3EE7E0DE29CA2B23E3DED3CE5D
:10E19000F124F511BAECFA063244FC0AF82D00EF2E
:10E1A0000CFEE19900D2E6200BB6091F0B12F51008
:10E1B000F71AEC244528BE06D4360A2CFC36DFDAE2
:10E1C000A03CECFECBE4D8DDDDF5D3E10E2B1FA0A7
:10E1D000111038141FFD2F1BEC40FA0EF3E9B0FBB1
:10E1E000EEDAF708DC16DCFDF9CFF2EF01F5F0FA14
:10E1F000E511165E06E81ECE27D2B904B643F63FF7
:10E2000011D6FDF322ECBCD0EAB22DCB0CD4C6C99A
:10E21000C62CD4E8CBE3D8ED1407DDEA301DCEE000
:10E22000130208FAF6E82603FEF4E009F726CAF618
:10E23000D4C3BD1BF753F7FC0F0A27329ED4E5F178
:10E24000D20DF828DCC400F9EAEE093F2734FAE7DA
:10E25000F8CCCDD9E7F84307B5391C2FC32A4BF7C3
:10E2600006ED240BE73ADD30F9C84A10F1A401426B
:10E2700006FE15FCC214F1EDCCCEF9FA131C18E918
:10E280000EE10D3AECFE2A35ECC609EA01B5E5814E
:10E29000DB192EDE16D4EF1C1F26E9F52D2DC4F553
:10E2A000DAE1D4CBE6F20F250BFF1C052A3D2A2626
:10E2B000D9F32B1D1B3B010EC8BBFB19CC3805CA7B
:10E2C000C3DFDA21C8D01019F6D2E9CB22E4FC036F
:10E2D0001BF410DFD7102D30E9669A30D1B0E6F08C
:10E2E0000D09090D2021EBEDD2F315C41409171205
:10E2F00006D832C505BCE9D3DE281106FFF8111B8C
:10E3000024300CFDCEEFEC0E22FFFA07E699FC3527
:10E310001CF51329E6DC4126D6091EFBE9D5FAF7E0
:10E32000B7100A1F40DA0A2014DD07075FACEB19AB
:10E33000F0F516D7F40DF0F622280213FD06FBF6D1
:10E34000D8570D0619111410E118DD0705300DD34B
:10E350003026FFEE2D11F91966F6281F3ED5A9F2D9
:10E360002C3C0D061D10FD29CE25E8D927F2042AE4
:10E370001BD807D906D9040AD6030B292B190A1171
:10E380003B311B25FDC5020D400F12EFE1D3061DE9
:10E390000D030C07C3F5240EE219253A0A1124E8EF
:10E3A000D31F03180A22253E0606EAED0CDBECFC1F
:10E3B000E4F525D8F4F1C60D231BFAEDEC1017EBAC
:10E3C000001FF9FB2E13170B202EFFF90CFE02067F
:10E3D00011240AFB7F33E9F1450521FF5902E0FDD5
:10E3E0001BF825011CEFF40FF0F7FBD8EFF1F5FB5C
:10E3F00018AD16F831F1090BFE1A11FA0CE11B21C8
:10E400002D0A20380CFAFBFC16FA16F6E2B1E830B9
:10E41000ED2BF318EEF21FD3170909EE081009D9F6
:10E42000DB4D0B2D2308231F2211080C24FDE90CC2
:10E43000E00AFCDCFB04E6F61000FCFF0CEB1DC759
:10E44000171400DB20380C1ED71EE9F5352D009F70
:10E450000838F5F12E450125EEFB31E2510EFB089F
:10E46000570B02A81FBC34EBF427EECFE4E21DF5F6
:10E47000F9C94BD237CB00FA2A0325F002270D0742
:10E48000FE420920811E1FD20B1906F9CDDB0C3983
:10E49000DC1E07F115071F1BDC0BF626FDD433B07D
:10E4A000F90C1010FE1712F2FA3AFCE521C3F2C281
:10E4B0000117EEF78AB800BF35EEF9A3C223D9F2EF
:10E4C000F20812E7D1032D00E1FD140AFC5CDA1C0E
:10E4D000510400DD1112E809FAB7F8DA0EC2F54569
:10E4E00003F931CA1BB6FEE2172BE4B7F4C8F20EEB
:10E4F000F7F2F4FB29E6D909341B0EF825421CFE7D
:10E50000230511070F482EF0126306050DD02400D5
:10E51000053FFFC521F74AE9E52C2954391744C2C4
:10E52000360CDD2E39F3DED40661FDE22E030CF845
:10E5300029F5F7D4E8CF46D547ECFCD904FA3601E3
:10E54000402A25F7002713120738302BF5FA1F3918
:10E550000C1006E127191E09BFA70EED1221F526A2
:10E560003105DBFF25D821E203E3F5CB0510F7FCED
:10E57000FBEEF5155BE9DE0221F6F300E9D6D9F5ED
:10E580000A0824062D3B0425E730150C07E8372739
:10E59000ED22201D2ADB14DB1811ECD33C520706B8
:10E5A000200A4814FA13F9F5E01B1B2044F2F3107B
:10E5B000200AFFFD220B05F81F2B06EB11B6D7CE64
:10E5C0000D1C21020724E4BBED0F18E439F80418F0
:10E5D000FBEECFD80EEA062D0CDA0CDE021910F590
:10E5E000340346ED03E80CEEE44C1B1505CAEED0EF
:10E5F000F0DA21AD3C10052907160A13142A020A85
:10E600002E4311E2E002FBF417D8FC190F0805387D
:10E61000F7E2021C4B0D531FD920340F08FCEC0A03
:10E62000E24301FF57FD1E03D611DA1D23F5B1F2B7
:10E6300008D501DC9EEB061B1AF601E9F115BA2498
:10E64000F8E5180A2707E2CCC030F2F6202898CF68
:10E65000391D12F60302FDCFE9DA36290ECCCD378B
:10E6600019FD46FE1EF71908F85C0523FC0EB4DE02
:10E67000DAD9EEAC3527035001FED6020500FFF9CA
:10E68000570707EAC9200B0D1F10DE3022E7122EB4
:10E69000FA3BF918590A4310DA1F0B103100020E29
:10E6A000F62FF41057131EDBFA41C6021207BEFB09
:10E6B0000D2DEACEB2E5FD3B511104E8FE0FE33922
:10E6C000E2DB0C013716CC02000905E60323BB0789
:10E6D0001BFE40F417DD0EE51EB6221402F0F146D3
:10E6E000042F230A70FE140BFD7FDF18210EC01EBD
:10E6F0001AFAD9CD6C24025A0E08CEC0EFDAF00F08
:10E70000160D042E080C1A13F420F43832CC3433CE
:10E71000F81CE9274BE84304112716D04406C5032B
:10E72000DA1103062C190C00EA4BDA144241D632F6
:10E73000CD34FCD0D1DF14002B2DDEEB1904F9F61B
:10E74000EEE0F60D13FBE312F119D4DDF9DDD4E8A8
:10E750001038FD1509F20BD311D61630DCF91A0862
:10E7600053F2CCB005E511D0BC0F4DD329F0122CDB
:10E770000ED03CD52191E8EB1707290DDC3DD2CC1A
:10E780002B5729FDCE312F552827ECE8F9F423ED3E
:10E7900011DCFFE9BEE4FAE72348290B0A18082533
:10E7A000E5DDDA4F4B3AFCDDFFFDDE1766B5F9F823
:10E7B00054CFB32CE70C27A93FD37FE8CBCCB32CA5
:10E7C0009D52FFDD2EFCF5C89EDCE0EBFE00C74D40
:10E7D0001EAC20B43DAD33ED38D6CDFEC102FE16E1
:10E7E0002B1FFEC8EB0BCD2EBB4912E2F9E20A0744
:10E7F000220427CE15CEC8FE17EA2A1704E7FFF435
:10E8000009E3063821F01A1AF15E00D207E404BFCA
:10E81000E4FCD4F3FDE9E708051FCC1C022221E744
:10E8200021DABFFAC31AFDDAB023E11908DB1D0BA8
:10E830004401E430F11FFC075A056BE6CF2ADB03E5
:10E84000C770ECFAF13D0030D0F00E07FE33E3481C
:10E850001EDE42A2D8ADC80F3AC6E4A9D8F8CB1A3A
:10E860000BC824C32CC930E8CD2332C0C431F30017
:10E870002BFC2B1223E1C8F8D5E6304509F1FDE564
:10E88000F9C636251D3B1D19D83A05FBEDFE10FBD8
:10E890001FDECF01E6122FE921EFC6EA3A1634F85F
:10E8A00039C00CF9CE42FECA8D0E040C10C40BE91F
:10E8B0004241D838FCD83120FDBE1BF2E8D5DDD668
:10E8C000115AEECE0EE2020E190A20EFEF030511E7
:10E8D000D2081AE10C961C2D05CEEAC1F4B8CDCAB7
:10E8E00007F800000C05F3F40C02E608E8D709EF7E
:10E8F0002DED2EFEA3F7F1DDF6ED2810FBF0E40A76
:10E900000D0022C2E21E00011BF00DCA081E1000FD
:10E9100002B6EB1AE8E20305F018F9FB151324051B
:10E920000EE6EA19EF1400F905C907EAC40AFAE08D
:10E9300014F6FEF7141210F0C3FE120939F4FEFAB1
:10E94000F55510F01F02320BECFBFEE9F41153EB0E
:10E95000E8FE08F7E7001509040408EB1711FE2686
:10E9600025EAD4160CECEADD00E5F2CAFF3725F8FB
:10E97000F00109E6C1E701CF100126FF0EFCE6D940
:10E98000ECFE46EEC50BCDEC0C070BEF19090D1292
:10E99000F6E5E324DED802EB021BF712F7121A0F9A
:10E9A00003081DF6FFE0F7F309CDF231C8FF21C4DB
:10E9B000F317100BE419E417ED14FD0DFAEEFAF35A
:10E9C000DA1E06FD14F0F6F418FCF2FA1C10EA0E3A
:10E9D00010FDEAF82A0A09E7190309DEF730EC0905
:10E9E00002DEF608210F0BF9DFE200F81EE5030353
:10E9F000F2E5F2E4BDE702D4F1091A1A220DEB198F
:10EA0000DE081D0AF930DCF925D916DDF7D2F3F45A
:10EA10001BE0F8FEF8F8B911031AEAFC0E1415F819
:10EA200018F6FA0FE10FF4FFE3EB1413110C1A9A26
:10EA300028C6F0003D0A08D2D101180D14FFCABF44
:10EA4000097FEDFA1618132EE81104C4F9F546F4FF
:10EA5000E701D7F1150B3F18041708CD00111AC6AE
:10EA6000FAF0CF35F5ECD018E8E3E52CFBF3DB1D2D
:10EA70003B740C0406EE61C8FEE8D2B5B1EBDEF6DD
:10EA800008CEF0FDEEC20FD107FD3A03FDE7DB0D26
:10EA9000D1F7C61DF0DCDD38FD2536FEF5F0F915A1
:10EAA000D1109EDE268F1F09FEE1C005EA20A71CBB
:10EAB000BDEDB116DB7649DEF40C152CF0E639F12C
:10EAC000D643C37BF1C2FA01F1D5D018431017D257
:10EAD0002CF1DC0CCE142D31261B021C1FFF13BBA6
:10EAE0002BFA29E1F1F0EF2AE605372D1D95060BEB
:10EAF0000004060CFB10FAFCC5F8E95EF52004EEF4
:10EB000000FCE5F50112081DFF1B0117F4B4ECD958
:10EB1000E528FF0BC40FAD21F10C0F0B0D0F2E08D4
:10EB2000F7DD00F8D338C5F9C9EAF713353AE5F14E
:10EB300015F7EEFBEEFBC609F820F5E7121004E42A
:10EB4000DBFEE8FFDC2BF0FADDF2F024F10D11E73B
:10EB5000EB15FE04C9340D1ACE130A4F14F0F70654
:10EB6000E8F2C70A1D3DCF14E9E2E9D7E1C4D7486E
:10EB7000186F02F6E1EB42B1CBD3DEFEC0B4F2FB7C
:10EB80002DF7EB26F630061CDD0E40EE05D2D3EE57
:10EB9000A90EB9F94EC801CF110C04F70DF9E30B1A
:10EBA000C20F00CB34060E11E406B4290DFDDA1CA9
:10EBB000B6FBBD0CFB7F40D008161A34020113B21D
:10EBC0000D13F27EE1D0B931F1C2B81B7EBEFAEF6F
:10EBD000299CB62001D433340718F80FCD2916C567
:10EBE000FA20FC0E11CFF905040838FDECB413210E
:10EBF0002CFE5FFD07F6F2F5041211E515E7222958
:10EC00003524F72819D815EE29EC09EBC8D9DAF61E
:10EC1000201804F4D4FDF3EE0FFEE7CFE0F4E9D5BD
:10EC2000EACEFD02EF192CEE04FF09FBE5CB1AFF3B
:10EC30000FEDF9ECE2F90481E4E9EC32AA4613F9AC
:10EC4000003EF1FEAC0F213902FC27151F450009DB
:10EC5000F5F92E0F2125413FC120F32A00EDD50BF8
:10EC6000E72C19DB1FF1C1F80D0E2AF7DA9EFB2203
:10EC70000E104A1112F4DFF83DF001FEE362054682
:10EC8000F73AE1FC2CDCFFED052F04E8D1E908F0B0
:10EC90000425FFD1C60D05D1E3D80241FB0EF9CF03
:10ECA0003CD8E7DFEA2DFCDD05F100CAE9031529B0
:10ECB00011EFD8ED2FF2C898160A08FAE241EEF6E5
:10ECC000E6EE1CDEC60D1E350A103C2EFA2BF5179B
:10ECD000E9E232D457071D09D20321FFDE2719F2DA
:10ECE000F60203F602E1F2EA0FDF32D2EDD404209D
:10ECF000241459FC040BE3F3E1DD21F80AC51D07D8
:10ED000028E611071CC016F3E104FE04C3B004DAC0
:10ED1000F024F30BFBFA183443DFBECF2B01FAF7D4
:10ED2000C4041AEDDA0D37FE020DF9FE2DCF08E905
:10ED30001B0CFBF61210F4F711EB14D2C025FDC426
:10ED4000DC241702AC042CFB1AF40607230E1A1A53
:10ED5000FD08FFF20710264E1624DC09F7FF072CEA
:10ED6000191BFD1B11FB15FADF0FD74811E4FCD16D
:10ED7000DC2208811A233B1BCCFFE8FF1AD51A3886
:10ED8000FCF812FED7BC0E16F7E4CF3B13B6F72201
:10ED9000E70AE4E20EE42EE5FC242FC91E03FF0C73
:10EDA000C250E8D134D315B7E31CCF0A1507BC1CF9
:10EDB000E2FCEAAEAE2F47271E17DEF923EE373E00
:10EDC00025EE0732111DC4D5FC31CEEA3615D6A882
:10EDD000EF3D0518EA173CDE0B15312531DDD6FB7A
:10EDE0003CE8F6EC13D0010BD3FEC872CBDAEBDAB9
:10EDF000BC0AECD4290D2A3BCD17FB27EEEA0523EC
:10EE00000A0DDEBB2C06F01F03C7EC093209D13313
:10EE1000F5FEE5041DF8F2FEE70205DD38F9F30D15
:10EE2000D4F7FDD826DAD0E0C21CE3250B0FB811C9
:10EE3000F6ED0BC9000F073B2614250B5314081CD5
:10EE40001CE8EC222302CF01F609E7E41ADFDDEE2D
:10EE50000C4EF502FFF8F9A015E46C051AF4E0EC8D
:10EE600062EAF4122302FBDCD714F531BC38DE1C55
:10EE70000636F6F925320346EB13FE0AC1C7E6E66D
:10EE8000F3F50DE90D0A1E1E120E1E41142AE4317F
:10EE9000E20EE70B2304E941E03839002AEFDE05F2
:10EEA000E8050CD128E221F8CE55AE303128D14307
:10EEB000B52CF4A6DD050A071D02FD0615F9F7D6E7
:10EEC00008F6EF2423D49320C8DAA91B32EFCB0332
:10EED0004914BD20F0C1C6AF0EF318EAF01AFB05C5
:10EEE00007F0E24DE705E7ECB1FF07FAF5D4183378
:10EEF00012FD3E0881BE36E2D304103D0AF9EC361D
:10EF00001BDA4EE220F4F1DB0B9E32D9FBE904F36D
:10EF10000F98BAF5BEA5ECE9344A0A24223019311B
:10EF2000F1DD0FEDC722BAB6F4F12A1D960AED0EF7
:10EF30001DD4FF166D40571DA912F3180DE7EFEA17
:10EF4000F97024193E1518BBFEF3F3DA3A1B2C8333
:10EF5000FA1BE5D1D21C5F09F5F00BC4FC73061354
:10EF600040F3D632D1F61E06DC171AEB12B7F013B7
:10EF70000AC22E33C2EDF79A312701071406CFDDFE
:10EF8000E0F448EDE80EDD29FEC427DCEF0C15E3C4
:10EF9000E503ED18C8AB07FFF01EEBF912331819A3
:10EFA00043142CCED5BCFBED16BCFB5DFEF5F5C8BD
:10EFB000F4C107DE21321412CF070B080509DF84E4
:10EFC000D2421F1B2CD70DCC1AEBFAFE37212DD3C2
:10EFD000330900E004F51BE8E020E5A2E8D4EC28C2
:10EFE000FDAEBE4FFB0007F1D5D8E8ECE4F81315F1
:10EFF00000E6062826F1DEB70AE7E0EB010CEDD2C9
:10F00000B1FF551BE83CF42622F35ACFE7E9FFC8CD
:10F01000DD1DFA28B8AEFCD62E2E06C705410733F3
:10F0200005F92FE700D346FF0224193B03160DC351
:10F03000EBB502D52C35EFFF25CE0DDBB2D6F9BDF1
:10F04000DE3ADD4D12CCEFD4E30912051B0BF8FDBF
:10F050005EE1CCA430F338F0AA4899F0EEC8FAC5C6
:10F06000E60E592A0610032E0E151DE11DFA130F88
:10F07000F2F8C5E731162816FDF6DA02081CEC0096
:10F08000ECF5EAA7FEF61CE6F4040B0EEDF80835E5
:10F09000EC4B13143E2335D4FC1019EA0EB9F81FBB
:10F0A000002012180C1423FDE3ECEDCF22DCE8DA8B
:10F0B000D244FDD19A10D4294EFBAC94261900FEFF
:10F0C00081070007E9EDE21DFE180333FB03C4E2EC
:10F0D0002E1DF9112422BCF21B283A1D1306C42848
:10F0E000B4024F003BD503622108E1103D17088FA1
:10F0F000CD00EED434FA1E14EADEBB202E2520E328
:10F10000F911F0FC1D2326B0F004AF0ACDE6FD1086
:10F11000084D0908163F1C24D12010173B9800DE2B
:10F120002A3317FB1EDA1907C92BE6D3E5EDE0FBFE
:10F13000C7FCD801FB152A0D1C2AA4C9ED185334AD
:10F140004CC4F7F5020BC01F44270835ECF7FDF15E
:10F15000014B150B2D37150360A20AFED90AFD2CB1
:10F16000BE1F0812FBE3F839FB2DC40BC20B07F5D9
:10F17000C2EEF4270D0308F413F8E218FFFE1AF4A8
:10F1800036D5034A5DE511CCC8F8D922C7BB1501B5
:10F190000D1223ED20063DF4ED03C41D24FCF20006
:10F1A000FA2B2BE43DF90617162927CE5A06DF491C
:10F1B000F52913E042E227291006921510D841E5FF
:10F1C00072FBECDEFF28E70E1D16E3241ECAE8F8EA
:10F1D000062603F80926B2FCB8FF26EFF727FD3B09
:10F1E0006381BEF108C2ECC1ED0F31F5F2FDE1091A
:10F1F00020FAEE011BE3CC01EE3720E9B9F525CB6F
:10F20000153913FADF360A2E290B08110BD0EEFE42
:10F21000E011E706F7D3ABD00A1001B415FD0D31AC
:10F22000F5E5022067EA19F6130ED1474CE8F7100E
:10F2300025F2AFF5F12E031C30A816F802E74DE0D9
:10F240000837DDEAFBF8FA1499ED0E121305CD0923
:10F250002AC411EA40DD1E2ECC2B1E16CA03C9B3E8
:10F2600041E9E7C634D1F006FDF5422633FDD92841
:10F2700000EE029E26C7E0E9ECDC2305152DDDE15A
:10F28000E02608EAD3272F273C3616F11A0816DFA6
:10F29000FC13DD07D6009E1F0430F7DB05F3F4EE08
:10F2A000F3FF0A41DB1F01F5EBFBFD192604E8F62D
:10F2B00022F8EA3ECBFAF6F5020110CEC632B7FCD0
:10F2C000B01DE8080208FAF5DDECFFEA18C1E22BF0
:10F2D00009C556D72AE22C01FCE8BEDEE0E2F1E6E1
:10F2E000201927ED04FE1340DB3B29180EF5F00D25
:10F2F000061B03AE3807EA102F240C00300716F463
:10F30000C1DE435312140A45093BEAF215DBFEE263
:10F31000180CE9F0FE0206232E22E700102EF0E181
:10F32000F6FB8C11AF1B14D9FA26F207FF00FB0F76
:10F330002A1DE64FE3FEE1F334F163DDF900050B2E
:10F34000FA0608FF0C2E13F706D21C181B18F7102C
:10F3500025CF2ECCE7D0F4BD2AE5E8EBDAE1C040BA
:10F36000FE1746CE0DFB0AE9F4301BEFEFD7EEE9AE
:10F37000F6E418B2400107FEFEF30204F94300F67A
:10F380004C46D2DF130C1BFCFDF3D21BD8E634181D
:10F39000FD2100F0484A581BCB1BEA030EF912D19D
:10F3A0000502E71A410409E1DD37FA0A28F40310DF
:10F3B0000214F5C081E1F8EA25FDF3CCD612DC0E8B
:10F3C00007E402E3E70B0A1CE317D8201A48D70C1E
:10F3D0001AE23EE13AF6BEFECFEC353316BBE61B31
:10F3E000FA1635EBFCE6F5F4253408E01E0DC802EC
:10F3F000FC15CFAF450D0B2419F3CB05141F0ADC08
:10F4000049F808F9031B2BF3F40DD428F2DF1B3F56
:10F41000FB2FF0F655026000E016D81B3603F1CF43
:10F420000C0F05FF24FE28EAE43EEA0A2FF403014C
:10F430000853FAD2AAE40EEE6109FAABEF09F5021D
:10F44000EAC6020DF427080E1313E1070316C9EAF2
:10F45000FA0320DD31E9211DE8AD4F0A1BEEF92B3F
:10F460000AFCFC10440A1F151F3013E40F1CEE05A4
:10F47000FEFED3ED3A10FE2B0817F703F6BF16F188
:10F480002D0B26190EDF5F05F037141902CE280C5C
:10F49000E30706F937E834E1F0190BE83C12E1C460
:10F4A000F81741220AEF23F3F23AF40E4713D02C57
:10F4B000FB100CFBE3F7120B1A2FE4F501040CE12F
:10F4C000FE081A250C1708182015DDD915D109D505
:10F4D0001919F2ED290422DE09E1FD06D7E4FF0443
:10F4E000E0E1F56AD6F4CC0E020CB4222607E3E77D
:10F4F0000C07030C06C75E8EE6B6E011CE01DA0AF1
:10F5000035DE01F804DEAAB601154EBA1106E4F69E
:10F51000DB30CD0CC9EE20001924FA081B0EF0D9FF
:10F520001013DDBADE0F2E0BE8ABC810CF17C811D1
:10F53000B1FEA75A05690E1AE6680636D730C3022F
:10F54000083C0236BDAD02F01DC2EA1A630E26B9B0
:10F55000FCDFECF5EF0D7F06EA1B41ED0406070228
:10F560000C232D30CB0FDD10CBE72B1336A3F20984
:10F570000CDF3E32E22302C3F6CEE308EB0F0E1897
:10F58000E8001DEF3B020205FD06E0A4E0DAFAA266
:10F59000C3ECD825A5DEF12CFC0CE406191EC50D24
:10F5A00010DCC7E0DFFDCA39D8E805E9335EEEEDCF
:10F5B000CFEFF9142915E508C81DE813ED3CFCC28E
:10F5C000E72AEF26CDF413EA13B7FE160BDD1DD0A4
:10F5D000FF0DF5F7D51445F8E63B11F5C9BE0B0153
:10F5E0000EE40712BD3DEF4C55D6F9E10AC00336D3
:10F5F000CEF52F61F3042CC9F6F1EC14E126102BA3
:10F6000012F11E42381AEF0DD7D743C3E2A6CCAA97
:10F61000D73FF7F917BAD4C2212B15F62312B9FA3E
:10F6200014E5F0DF0DED481BFE03E427F415F80B9D
:10F63000AEF4CD17CA4FC2DFE7FC1901F1F731B7BD
:10F64000DDEBDD0DD6CE023A13CCB7084DAFF2CDCF
:10F650002B8DEEDBE21D34F6C959E3FDC5E30A1B31
:10F6600005F271E852DFF42CE67F3508E806CFA2F8
:10F6700007F40BD7FCFF06201FF3C81609541EF22F
:10F680002A44F5A132F14BF811EF0F1BD2FA152FD6
:10F69000CA160B031B542F44DC3217FF1AE6040171
:10F6A000321EC9F251161FC6F013E90837FDD516F0
:10F6B0001816EDC9D20E0C28F7FE03D01F18380F0C
:10F6C000EEF43219F7D503FAA8FB08431A07E8F25B
:10F6D00038EF40F5141103F81CC45347E6D1F1325A
:10F6E000D70E2801E9EDD2154D2EF6DBC8EBB2DFBF
:10F6F000131805F32F42532712E6A5E2050B0CE37E
:10F7000038BDCC1BEDEA26A5CC28D632F909144821
:10F71000EC79F9F97C3A3818C22DFFF82FB71605A5
:10F72000381A20E71A0534E80117E8E343000524F6
:10F730000A14F201D1E8114129EAA79F14F20EEF51
:10F7400033C70DF1FF19FCFCF718DC29051090E810
:10F75000232A1FFC24372025BDBF4118F1EEFE3AB5
:10F76000D5034C023714EB38F86813D3E82DDFBD0E
:10F77000F90CD5992702246F0FD0C4E5160303E2D4
:10F780000DEDF7F715EE2DBAE514DC2FF5D4231F98
:10F790000A25EBDD3E10590AD92CEBCB0C10E2E622
:10F7A0000A1BF01FECEC40ED012611063E2BEA2A65
:10F7B000EE071901DFEB1E10194C9ED9EFF93FEC53
:10F7C0001ADE03FBF8F0EE070924D5FD1107DFD0A0
:10F7D0002D1814150C15FDED01D02D27DAEE0B1F99
:10F7E0004A64F6DCE2F1FD40CC25E50CF9D1F4E603
:10F7F000DDEF18CE940D00E2FB24251D3B3FF62FD4
:10F800000F1838F91B270F3B371B13FD2433FEF16C
:10F810002DA8F10C100CCE0925440309FE2CC7ECD1
:10F82000EBD5E51FBC67B00BF2D1031B352DEE27DE
:10F8300028CDEF1713380C0E0AD470ED32EBF8E731
:10F84000104306163A60FF22B80DEA0048B81910B6
:10F8500061FC13CF030BD7924FF4D8FA4321AA1AB5
:10F8600062DDC42813290AF0CFFCFB02E023F21961
:10F8700006102C1AFCECF5290A3541EE20C3F9CA12
:10F88000E5FF7F00D20AD856F13F2F090121101958
:10F8900007E8D4160ED82F27EC4ED00A023F6A2074
:10F8A000A41EC9EFF9E93BF81ADCB94504DF48FEAC
:10F8B0004936E5F6DD19AF1E45E533ECF9E23801CE
:10F8C000CC1EFD1F4F06F8DB0DE300F64C10250C97
:10F8D0004BC2FA0F16BDC6102C00E0C8F7D3D717DD
:10F8E00005BCF80113F707DF9CFB02AEFEDF08E260
:10F8F00038F81AB536CFE3DEE2E63823210411FDED
:10F90000BA1622EECEFD1D34F6E510E502BF12D484
:10F91000F31CC7FF0AE01BF52E18DEF1334825FB68
:10F92000E704231D050C10F9D0B1EEE8150BFEBB62
:10F93000FB1BD3EDDA1554E11E1814C30FF5D1AC3F
:10F94000C174E32025E316E90F11E5EC33E7211B31
:10F9500015FEE5E543FC100A1120E9F803F2CC940A
:10F960000A2914EC1CDDFAA3F6E024EFCDCE352DE8
:10F9700041F57F0A0CDEDF0E04FA0AFEED1D144786
:10F98000031A1F2D07E1E80713F6F1E5DB0C05B5B7
:10F99000F4FCE800C5FFE8DFF1F3FB02DEEA1AD76A
:10F9A0001CCEE30BC72C2ADED7D5F2CDD1FAF0CD91
:10F9B00002F5B9FC0F0CDECDDAE82020DA64B702DC
:10F9C0000424F5EEEB181F16FCEA3135FD510D0F3E
:10F9D000FEDC14001B1F2918F31A3BCFF8EEE40BD2
:10F9E000F91AFBE229F2F7E1FED11DCDDEA4303495
:10F9F00022E658FF03E5C0E0FBFF17F40C230124C7
:10FA0000191D0F22FCDDFDE70FFB02B7DFFF02B37C
:10FA1000EA2E01C89DF0E4E01DE2DA19CD1208DDFE
:10FA20002DA9FB14E72D05E1F201E0EA11F130C642
:10FA3000FAF1FF240203C79503DF080FE93F04D85A
:10FA4000D81CF6CDE7081E2F0AF018210C38201913
:10FA5000DCB810ED24232A6ADB2916BCD60DE8F2A7
:10FA600001010C110712DDF60C0206E81BD5142665
:10FA700017E93E030E09D3DDEBE916130CC902EEBC
:10FA8000C70425EE12F3FCE6EE151BC200E204FFEC
:10FA90000209FCF4D0E7F0D728F9E2040909F9D10A
:10FAA0000AFAF1F2E71F0DF5EC26FB091106FB2916
:10FAB000F5E2F8221A11FCE0FCFA1EF6031216AA6F
:10FAC000F82D0102CAE7251E04F4270F19F21512BA
:10FAD000F1CDFEEA3112241AEC2BFCDAF13806FCE7
:10FAE000CD281D5A280BDB1DFBE02E2805DF23380F
:10FAF0000C1AF3FFB43A62D0F211FD31EFFFD80CCB
:10FB0000DDEB12B40F39BE01301C3D00E81BF60DD1
:10FB10002CC4C948A32B42D8EF1F0817D721403A5D
:10FB2000EBE7CFEDEFEDFA2706B80B11EB22B51599
:10FB30000304FE18FB36FB15B63383503CD7E3F4C1
:10FB40008B0EE4F9F920D5CEF214D8DAE9032ABBFA
:10FB5000DF3D07FEF9F5C608033054E126FDC9284C
:10FB6000DDF5DB5533F9C40203D9E7F63015FF2183
:10FB7000E32CA108F0C431A9D11DFF15AFE1BCC130
:10FB8000F9BE04DADD09990901ED04E0112B2DE439
:10FB9000D408EF44A39AECDC120528FFDABB051465
:10FBA000E4E836DE9FCB1BD5E1C7EB54D8EFC706A0
:10FBB000F0CA160E0A561203E12C043CFDD6F40FCF
:10FBC0001030F306E0E901BB3AE8B30A39E7E5EBA8
:10FBD000F70BC7DF0C0406F42114E6F7E64202E84F
:10FBE000F95A011DCB3CF70A25AB00444CE0DD304F
:10FBF000DEF9E7E68129109EA0E2E078D5F4CC2674
:10FC00000BF6EBBE1F1DE12519E43BB406DB04AC8B
:10FC10000286B41BED4F9B52E852173244FFCC20B2
:10FC200031FA0CF8E31B9137C8F8ED09D247C2A5A9
:10FC3000DFB8E45E59380E119C0604365118BDE851
:10FC40002A0BEB2FFEE3D246D110D3F30CAF480DB5
:10FC5000E8129EE625F9F9FED543FDD20F033CA636
:10FC600005FD1B0C1FF0020D0AFAF62FEAD2E8CBB5
:10FC7000E322F681072B2010F40FDFD9F1F1041EE7
:10FC8000021AF6F4F5B30FDF0BD9D61900FDEE1406
:10FC9000F8EEF8EE22F30CFDFC031ACEFD23E20988
:10FCA000F73DB9D019ED0CDCFBFFF70F16FEF83766
:10FCB000DAF8EBB7CC173B1C1CFC090D1C0C1E150D
:10FCC00022FCF90F0519EC04020CBCF210FEDFD582
:10FCD0002A27E70FD3FD38E61A02280E21DCED179C
:10FCE00024DC19091201FC06DA11E457E70DF1EEE4
:10FCF000EA0619DE0F150430CE0DF91EF0B5FB0F24
:10FD000000F1F7CD2EFDF112F1F6EF1D0C17EC20EE
:10FD1000EAF5E7012415070EE30D03EB3B10002085
:10FD2000FEEED7EA26F5DED2E2F3DC191F25AB148E
:10FD3000EEFAFABCEA05DB31101D0EF3361D131581
:10FD400004EDF90E1CF6CE0BFC0FE5F81505E9EAFB
:10FD5000121B02F6F1FCE7BEF5FE6DFB30F4000A63
:10FD600031E4F205410ED7EAD81C0413D111E22385
:10FD7000F504F7CDF5284124F317F5F7E291D9DD25
:10FD800023E206EDD5E6240DFB12F5332012E02820
:10FD9000C911ECFF10F3001EDE2A30D80EFAE3F989
:10FDA000EF2CE4013AE41BEBDA4DDB161120DE31D7
:10FDB000D11DE7C8E01F4AFC1C21E21813DBF1EB60
:10FDC0002E05EB2103CCB3EDF7DCAD0023B1DAF661
:10FDD0003509D226F8C303D2F70714FA014116F108
:10FDE0000F0AF5ECEBF80515FCFA03F0D4FD120B45
:10FDF00001005EFB1909F81C1318F926DC0BFD1B2A
:10FE0000FC1AF11B1CBAFD0829152341E117E22851
:10FE100001D80416F1F205FB03142EF019F2070BBA
:10FE2000E8F1E3F4F222FCDFF301FD08F3E9FB3A29
:10FE3000F60BE6E700180E03FE0B0A3AE1FB122070
:10FE4000F2F9090321F70510F1EA01F8ED28EBF3C7
:10FE500003E8F704EB071B0EFDE5002D20DCE02A8C
:10FE60000917E5E2F6D6ECE9E2D228E0D6DD2A155C
:10FE700028F67F1BB0F5E5EFF2FD121405FEF01336
:10FE8000F313050EFECEE92D091707F6D921180B3D
:10FE90000DC0EC0303EFF80FFEC9F314D6EC06ED2A
:10FEA00001F5FD11ED2A1ADBD1EC03EBF9100FF986
:10FEB00019F3FE182E0EE8C003F1F713EF33CFC885
:10FEC000E0180203E618081CF0F71A11F32B0817C4
:10FED000E2D100EE15060D2AFEF50805F6FFF30C3B
:10FEE000171215EA17E4F7D70CE12BE1D8C129372F
:10FEF000FFFC4D2DB409C6FC0B042611FA27110294
:10FF000020ED220FF9EAEE0D1A0402DBF3F326E6E8
:10FF1000F4F0DF0ADDF206F2F9D10138F5062FE739
:10FF2000FFEE1527202008ECEB04020510FCF00979
:10FF30000DF6F226121105CC04E109EBC94EE1D40D
:10FF4000001DF5F4C3120C310CF817F503351C161F
:10FF5000D0E606EA19FD0A2AEF28E6D3FC13C9EA1F
:10FF600023163FE506051508DF1C2B0405C005DA3E
:10FF700009FF0FB6F7FA0E00EB141325F73AEDF769
:10FF80006042FEE7F0ED102F0EC3041DFFF70328BB
:10FF900007EF1C0B1D403D1ACA3D120C19F8EEF27A
:10FFA000FE2EE711680030FBE825E02C10F1DAEEB8
:10FFB00018F100B1C202DD2F13F8FCF92016CC14A1
:10FFC000FF01180720E400D9C723FEF4181DB01E56
:10FFD00044E22EF41C14D5EC00DF3F31FDD4EC0AD2
:10FFE00002F948E8F10A1CDA14752004EF15D4F27E
:10FFF000D20510B2581CFF5CE20CC601F731E8F2E2
:020000040802F0
:100000003E0D04CCDA10EBDF25FCCD1A3624296234
:10001000F83EF7EF6C294C05CE41042107D1161BA1
:10002000F81BF602552C35F9CF32A6F82E05DB2A3F
:100030000535FBBA99EADD336AFEFDCE1B05D618FD
:10004000D4B40CE52C0AE9EEE81801F7062B8B0A6C
:10005000241236F80F1201F7D3AF35041BDEF56713
:10006000EDFF4F193807071B18730921EC21B1F771
:10007000DDFAEEB154180B7FF616CBFC0FF701FB3F
:10008000F8FF07F1D4153EE6051BE2311EE72853C1
:10009000FB0FD9115FF666F8FD3B0CBE5301CAEFAA
:1000A000DE1CE2031CF110CDEA47F6FD313DC90626
:1000B000CC4FE6C098E429202E18D2C2F900FDDC0E
:1000C000FCD1FF0229200006F415C4F301D6DAE2C0
:1000D0002C49250DE8FE3CF723A7552CF8EDF23905
:1000E0000EDF9D34D0B8F1D5A0E8E7E500E91EF5B4
:1000F000E70DD912E9F9E7FEBAFD1A3D14B0F62072
:1001000011135206C003DDE020E23D112F02F2FD83
:10011000E930B925F5BBB2F2284B411A75220659D0
:100120009B181D18D41848FE12BCCE29B3CDF80177
:10013000D8E5E107F54E55F9DC09E815BBC210F921
:1001400012622F7529FE0BDEFC00BA9A4ABAF9B783
:100150001817B0DD45071AE026F58DFF1A3DB3D319
:100160000A3DEBFFBBF3F038BF32FED118F1E4E6F5
:10017000CACE1EFC9CE127F5BB071C0C111FFDF627
:1001800004F90DDAF11AE54A1907FFC7EC37FFFB4E
:10019000F8C5E8EFF9FCE415BF24E50A2E28E5FFD1
:1001A000F5F0E61CC837E1F3D1D8064B21E600187C
:1001B00002C9F50531371504F8F91B032EEBC8DD2C
:1001C000EC41EB0B01340DD30008E4BC3714F73AD3
:1001D000430FBDBD1BF6BAB338EE03C04A0FAB19CF
:1001E0002B9DBB4BEE2DDAEBA7ECEBD6C3FCF3401B
:1001F0001C061A1D19F4CC0A16EC1CBFBFC6F9CE9A
:10020000CB005925C916DA7814383EE817DC38E1F6
:10021000E201CB0BEAF0F4FAFB41E907F8592E3F73
:1002200093EA03FF260445EA0B03EF5B1DB816CEE5
:10023000FA0EDDD4EE30F5DD43B35939BCAC2AE318
:10024000BB07DF3B28F6D602BBCCC412621BD90E1B
:1002500052B6BFC511810A05F419ACEB0109B4D738
:10026000F80D09D2FCCC00FB02031FCFD0CA232714
:100270002906580B20E7E4FD24130FBF0D39251381
:100280002403F32FC6EF0CEBFFFC07F3C7EBFDF6DF
:10029000E43011C9140BF003ECE6F30AC6D424953C
:1002A00015EDFE0C0E2638EDF313FECF01E91BD839
:1002B000FEEFE1FDDAFAABA214E3F2EC972C01D7E2
:1002C000BE2702E6AF06262A16F40433F235DF1DF8
:1002D0001FE80E183E26FE2FDA01010003F7D31A9D
:1002E000D60F0FCD17E0E8162302F1C703C0F92897
:1002F0000925160915FCD6F4230EE8F1202F20DE7F
:10030000170FFF000AF91AD8D62211EBEFD70AF51A
:10031000FB3108B5F006FFE2E607F638EE1B0B945A
:1003200025EEDE101301D8E9193512CA1D0F2CCDA8
:10033000F9E5191BE1FA088128FCEDF5F01F2FD231
:10034000FA1919E6D62417381017043718FDFB2AB6
:10035000FFEA27E1481F0631DADCF1022529FB20FC
:1003600006F0FCFB29F702F4F401EFDA09F9010FBA
:100370000127031D30121CECFD09FA11F5E803EC0E
:1003800003FC2DF80CEC110ED63812FE0AE62A02F8
:10039000EB1BFEF607F90B0B00FBEF002D23F0DB48
:1003A000E51B1D10F116EFE50F3114042C06030FA9
:1003B00001FB0101161BF5F4191516E420EB0BC81F
:1003C000F516200406041AFF08090C0735E20D0F84
:1003D0001404F6F328F0FCE809F70F081012172CA4
:1003E0002A13CE3E1E32F5E00BC80D27DCEA03359A
:1003F0001AF31BACF70748DAF9042E21D7CADDEA55
:10040000FDEC02DFF525EDEA3C1C3BF0080D030294
:10041000F519EF4FB7EE1517BD2F22FDFCB1E4F82B
:10042000E41301DCE5D61C3312E3EF43C81BD316FB
:10043000D6DE14F5F824D5F8E94D04385120D2FC65
:10044000101F043E0BE403ED120CECF110CA26E47D
:100450001E1AC710D901FBC1134524F9FC14CDD8CD
:10046000DEF11A52D86FD90B35DBDB15F01D1A32CD
:100470000FF3CBA712F865EA02F609611B81CAFAED
:10048000EDE608254004F6CD362E09F415D3071DF8
:1004900032EAD230AC08F71CC552251D20D1E60C3B
:1004A000CD110D08DC01EC5B0ADE03F1D818C9E9B7
:1004B000C3D00A20311CC056990EF2335723D345BE
:1004C000F52F12020B0A27F802FA17BADDFA3B05DC
:1004D00026F92804E5158D962927E5DA16611EE030
:1004E000D2E7240DDC29153739DAE6CCFEF6FEEC2E
:1004F000E406DFD1E2E82CF40908064452FE0C14AD
:10050000C6D2191235E5B5001D14E0EBCDE0E62C9E
:1005100037F60F41F0FD34FFCE2003F1F9D521E588
:10052000E3071DEAB9E6F02FFF9D33D7B0C91AD50E
:10053000F7E937C7F80FF034CF27D2F92A4704D7A5
:10054000171006ED342B2B11311CDBA8F9E72ADB41
:10055000F747120A1122C8BCF7EDCAA9F62565B5FE
:10056000E527FD07FDEBF324FE0A3FF8CFE329164C
:1005700029057F0E19EBFA0C21FBFD0CDF681D2B02
:100580002614034519EB03E921F01DE9A204F5EA5D
:10059000D40C08F8E30507F0E4DAEBFCE1DA18DD47
:1005A0000AF5FBF0F72C18FCEAE4FFC9EC0605F5A8
:1005B00001DFE0F8320FB3D0F7151903E12CC200C8
:1005C000EA240EEBF3F40B09EADC1D3D1622F008D9
:1005D0001BD8FD05192012FFD80B24F7F8ECD5FF26
:1005E000C80EEADE1DD4E41803123ECCDBB6152E8D
:1005F0002DF4651314E4EEF522EB03DF06512E0D06
:100600001812F61B14DBF9DCF82417D8AEF1FAE562
:100610000139FBBBC70608E909E2F007B5F310ACE6
:1006200014CEF015171D03E80B060ABB11F14CCED2
:10063000FCCB0CFEF612D18707FDEBD3C7321CDDD5
:10064000E2240DDEA801282CF5FB25331E1E08F937
:1006500018B525F32035205BD8ED15041020D804FB
:10066000E605FCE924F0D7EE0A0E15F4FE9B032CF8
:100670002C0D3D0317FDF3F8F8E8F41B151512FFD8
:10068000FA2000D6FAD309D0BE4B09E3EDE718FDF6
:10069000EB28E9C7EFF4F7FB1AF4EE02E30BFBAB30
:1006A0000305EFF1E814F8D10C0F1DEB11F5180B51
:1006B00003E005F70EFDFFB50C1FE7F2F30220BEC5
:1006C000FB2913F7CDF9272AF703071C2B090B0584
:1006D00027E0FFF2201F0C29F20205130B34FC1156
:1006E00013C329E20DD6FC1001B40622F0D8D3C101
:1006F0000200008CEB3204E8FD06DC1601E9E7CFCE
:100700001AFA18C127FE21C83E9BF71DE9F3D02233
:10071000E20901080B16EB38E210EDEF2F1CE3FEA7
:10072000F4F4B2C74CCE3BDD090DE82E0335C5F11C
:10073000FDD5DB9E9B02E13032F519F353043629D7
:100740001509DF120ED7FAF0CCCAD51F1008CED388
:1007500038171905CB0A2EF8F2DB47EF0ABFEECBAC
:10076000FEC6320322F0B5081F321176E40CB7F84A
:1007700024E121B93A1C5A71E9DDB0D401EFE1D688
:100780001AE910D504FF05F1BB0EDA293321CF1D7C
:10079000EFF6CA074001011FD03310DF3015240FD8
:1007A000E613D7073A0C09EFD4F6DD080842EF212B
:1007B0000811DAE28D00053BEE06E4EC353B0AE574
:1007C00024F9DB1ADDC2AFF1C9D9FFF61711D0CE7B
:1007D00016C807E5F02E04FB0FE70A38E5E4C83633
:1007E0000FD1FB0EFB2CEC0A0F113B138DFFCA1728
:1007F0001347F0BE26385A39FDDEEFDAEBB2CDB73B
:1008000006AF2909DDDA2DEF0EDF157F1AE5FBFDB6
:10081000CF1CE8EA56E04BE5133C07D81739DCEA71
:1008200010EFF6E8ED1CFDE2B721CD24544D242F46
:10083000B43FF6CCDD1E39011E0B08E31E2BF3DAA4
:10084000170FF629EFE7053100E2850328B0F50818
:10085000423AF821EFDA16DDC3F5F44A021E09E345
:10086000DB521F4F2313D6EDF3F43A5037CE2F3E11
:1008700002EB2905B44230B9E8F3D843F631D90B7D
:10088000E2E4EFF7D7F3C4A0E60B16E11BC4D6E20F
:10089000ED98CB2AA5330902F8FA29F9E50F2305CB
:1008A00010F3DFE8E20AC90FEEA8F513F146EFFDF9
:1008B000F106DFFDD14CDCFCA141C9520723C4DBAA
:1008C000D00CE5FCDFFBE0EAE90DD624D7CF1FCB47
:1008D000FA46DB10C7221D2FFD591B05EFE9F50273
:1008E000F22BAE22EA16E20E28D8EDEB2C25CB0730
:1008F000F0050E1004054581CBEEDAF09003D3C667
:1009000058AFE22427BEB0C52A1608D71140FAFE18
:10091000BC28DE18EFBDF3F009F61F14D8CCCB11BC
:10092000C3C6F106ACCE1F19D1C7C62AE140D2DB3F
:10093000A3ECD32FFA30FDEEE32A202C220EBCEDDF
:100940002D12BD16DFC7260A2BA1EE1510920AE064
:100950002BC4B31FFA190F2A181C210FDB2012E039
:10096000FE1F430EC547DC0525CFEC3734B61342D6
:1009700008F8E701A716E6E4B4ADC245CA05D10FF1
:100980000CD6F71A1105030BD50716D5DBB5F8BC45
:10099000BDC8AC0D012FEA64F61CDE293507A8108E
:1009A00024CF0000EC07ED3FD721E4F0044BE8E44E
:1009B000B10E0B150321A1EDA60F0CF81242E3D3E3
:1009C000CCF3EC10E8F0CC4CED01F322F0AB2306B5
:1009D00004F5FA18C81AE33CC566FCEDEBD835C33C
:1009E000F303D101FB04F202F5EB12EDE8FA111862
:1009F00031123E1519F1FAEB19FC1EF6F8F6112327
:100A000005ED081AFCBC0410161208F6D9E6DAF156
:100A1000F6FBF0F5EDE7FE0FF0F5E9DDE0C7CED926
:100A2000E4E90A0AD92E2D01FEF2FCF510E00C1AB9
:100A300015ECF90CE614DECE1DF70107D525F104FF
:100A4000E711F90BC7112B13FCE2F516201BEC057F
:100A500017FEFDEC2A1F0529090BF11513E8B7064F
:100A6000CF0CFCDF0CF6CE0C1C0215F60A991E3CCE
:100A700007103A21FFE3F8E00CFFFC0B184E112C95
:100A80002E16F10C0CD70AFFF34027E4F91F04E9F6
:100A90001622ECD3E02FE0F1CEE7260DDBE8FAC119
:100AA0000AEAE807FE31D9030DF0F4E0E1F0320C78
:100AB00009D1F701080CE381F3F9E5ECE83115E61B
:100AC000F404FCEDE6100D45F4FE172DED1D170D99
:100AD000E0E42FF72BFD0719F404FC13FEFFD0EB25
:100AE000F7370A0205E3F4E114F7FEC8DCE11C194C
:100AF0000D11202312040DEC1BF103E1F81619036C
:100B00003508100125E7CBE5EA2A06F3E9F109FCEF
:100B1000DD30F30BFD0FF815E4E7D80EE7010DE823
:100B2000F803FB15EA32EE18FBFC02EB22EA08128E
:100B3000F807F401230BD7E8370401E00109E5BE0B
:100B4000FD071BF1D10AF5FE060DFC1A2129FB1940
:100B5000EB1CF4F23206D512F7FB0D011B27F02037
:100B60000FD0B7EE07F6D8FDA4EC1DFD1EDDF1DABF
:100B70000322C6D1020DF9E8D0E3F9453614FDFC95
:100B8000153AF8E0D9252F1605FA0F0A2F1FDF0EA8
:100B9000FC14EAFBD2E3B3DB344A4EEF3E210825D6
:100BA000CC12FF0D1BDCFB13FD0CD11517E8E6037F
:100BB000FBDEE91F0C3C40CC19060AF7FBF5D4FD1F
:100BC0002B4D00301EE4E1F9F302EFD02BD3E6F316
:100BD00029180ADA4E0864D539F9ACF606FFCBFAC3
:100BE0004E09EE0BE2CD0561E45FFBFEFFE103156C
:100BF000FC0F0A04D0FAF8180DE824CE4105FCD009
:100C0000FCFB4236E80F0A4F1B4E09D9FD38EED5E2
:100C1000F6F4F609EAFDC343DEFDE3F71432EFF024
:100C20000601B3F0EE080CEEE9F0CE2F49E7302EC6
:100C300016D90DF4F925EC0344C66A0B222AF6F006
:100C4000D5F2DE1C0F42070107CE081C340AE93931
:100C500050ED1CD4EECBBBEB3C1021E2F00AF3517B
:100C60002B81ED1D0FE6F79CC70A14F0E234031345
:100C7000240126E90C1ED1000B0C26ECDAEB1AD36A
:100C8000CCEF2C29C6122C4A040827111DD012E6DD
:100C9000FA1FC90CEAD923FD2D17E0CE33533128B2
:100CA000C912F0042BFA43E40714F51D15E6CBB581
:100CB0001001A904F212E20E378B2911BA910BFD33
:100CC000EF10DF1239F1D40D9FCE02112C19DBE7A2
:100CD00033EA11072DC314F0DB0FCB0F02D8E5DE8A
:100CE0001A16121CD108FB41F8F80DFCEDD91407B7
:100CF00029DD283403C8F0E60EE6F644006007203C
:100D0000EA15DDE20F1CEC2345EF65E0B7470BEA7F
:100D1000F3150139F607DC04D8F43E05BBC32FE216
:100D200007D9FBF4141EF93BF5E4E412A82D00E901
:100D3000D7F8EB114536B0EFE5FD041C17F6DBEEF6
:100D4000CEFDD913290EE8191EF63441FEF51B1805
:100D500038E3F303F8F003DFB91967D1E4E0D61FF5
:100D6000BF3A1C14F115F33525CBF0F905042531F4
:100D700031D7EB37F2EF04E137D6F5F90E16F8F07C
:100D800029D7E008E0D7B0B0F0EF04C3931AF8F227
:100D9000C42AE100B1FEC53627F30239A5DE13CF20
:100DA00030FBEE2DE40F2C3DF6FFE4AF0C0B01BA47
:100DB000DB1B113F2E07D60B2B27C5A0261000B337
:100DC000DA2E0DE5BDF7D8232CE21C2ED8EC0B0A49
:100DD00043D7FCFAEE52F707EB2831DE0426F12B5D
:100DE000AD351C02EF16D56C04ECE42229EB093A70
:100DF000FBDD021EF3F92BD4FFD3EF0F59F30AD01A
:100E0000F703F43B19C4128FD5FDDBD1DD20DD1BC8
:100E100002E5FFC5A617120E10E3181FE0F00DC47F
:100E20001530E5FDCD00CC3FE8FA37CAD82230FFB7
:100E3000CAF5114F1412271EC832C4EF3B446EB5D9
:100E40001A2E20FAD6F5102F4019FF4401BC16CDFA
:100E50000B0E5314F27FE0D11927F1D23525321A47
:100E60002325EB0C2B000B26D511F50A0B2BE6BA2C
:100E70000614A8F315412504CC0ACDCA1ABAE2D843
:100E8000BAC4EA04D1001102F6CA00602305D81ED4
:100E9000E7112802DE0B200DFD070FECF5ED081D14
:100EA000D32FD2CBFBA929E10B02D1580E2FC9EACF
:100EB0000A21F6C084380C1A4533C9D73ABDEF224F
:100EC0001302F116F9E2A69114EFA6D521E3C4BCF2
:100ED00027F4E816B020E50610FB3310F6ED0A18EB
:100EE000F2E811F6E8FCC619EDFDEF3E1BD4D7C8B9
:100EF000E223B2E6090A59199AE7B0DEB6E6E3F64C
:100F0000E9D9E6D2FDE6F6FEC70BDE0A2B3BFF4031
:100F1000DDEFB6CE12FFF026F41319EB2AE5B92463
:100F2000D01E0BE4C9E5D0B4D7E9E4E5F032DBE14B
:100F3000B51AF5F9FE2D440FFE161BF243380130A9
:100F400034F0EB23F8E290F91704C8C12CD0F5FE79
:100F5000D929E0FEDB30D69AC8F62E0C191100FF15
:100F600016100121C91D0717371E100BFF019A1F0C
:100F7000F61B03FA0F57494FD6DBB92BC1C0F7D088
:100F8000D48109F842E614E0FB2B1426131FF32D3D
:100F9000D0DAFFFF3457F738F5272BFDF2E98AF452
:100FA00022CBCCD1ED0B1DF9BC6DCE1A3830DE351D
:100FB000A319EEBDD32BF20D240B17D65009FCCF8D
:100FC00014ECC4212407A807CC1BD11D12AECB20E2
:100FD0003CEBF728BDF8C49720F80B33091304E461
:100FE0001FECC9E615FCDC00C7F730F328D9F8EB95
:100FF000F912E7D2FFE5F1C5DBE6F3292E15EEFC89
:101000001D46FB01D71707091AF80C011E01F1084C
:10101000EDF0EFF2ECF0D5FC392019EA0E0EF40BEE
:10102000F8020A140EFBE3150521DBF833D5E91F9E
:101030001FC1C418122A41E12D1325EDF4F9EC0E5D
:101040002837EB14FAF91305F100F9F509E6FA0A65
:101050000E0FFBC536EF4C071604CB0FE101DEF88F
:101060003B0EFAF9F1F713291433122007DBEC0DCC
:10107000F41027F1F209D302210A0BD9270CD6DA92
:10108000F40B2A2F04F910231E3203E4E926F2E5BB
:10109000F9F3FDFAF122D135F315CBF8261BDCEB81
:1010A000FBFACBFDD4F600FED9FAD02947EF1E0299
:1010B00034E1FD00ED19DB0346FF7FFD0334E8E773
:1010C000DD10CE050C24121116C716251A08EE29BC
:1010D00041F630C8FCA8BFF91EFA12C1E8F1034876
:1010E0001F9DFAF90CF5FEECD408350DC41BEA0A75
:1010F0002A0A21D719FEE504170910D2E00F09E5E5
:10110000E806101EEB0E222604F1200716C514D89F
:10111000E92CC0FFF3F118FE1E18EAF6263C200564
:10112000EF0EE2082A0E2DE30F16F21223E2D1E0B1
:101130000A0EC408DDF8E4162FB828E9E1BAFA006F
:10114000E210E40A24FADFFDD5F2F2111729F1DBEF
:1011500017D81CF132B91CE3CC22D810F9E2E0E731
:1011600031FCEB24DCCB06D5C6EFE4DFEF0A290324
:10117000130109EDADBF14E7DB10404304F5EDFAB0
:1011800003303DB5D92DB1D62BD228F811070C1D4F
:10119000260DEA02F4C5D2FBF9423F2D1AFE1D14BA
:1011A000E8040B09DC260CF80AD2080CB5D5FBFEC6
:1011B00007FDF8FA103B2A0CBF071805DAE8E6002D
:1011C000FD7F3F3543F019F6D92511CC18011CE1FC
:1011D0001DF6D5D2450447021DF4D7E21325DAFAED
:1011E000160FD4FFFB0C0B2C00060ED51400EF13CA
:1011F000F7D41ED0A9E5EFCCF7171C0B0A1FEBD4D0
:10120000D71745EED543F0FD031106E6F42403009D
:10121000F19BF61AFEECF4F7E127C4E1F51F28F67E
:101220003304F312BF19C0FDE3F3E82212FD1AC71D
:101230003ACAECFC380AEB0AD30B21EC1C0FD1C5DF
:1012400005481903261A06EB11ED22D600171730B0
:101250000D05D3E305EF0DDF3BE811DCF9FF1112BB
:1012600015B8CE260FF20732C5DFFCB1101BDF2503
:1012700003CF3DEFFBC4CDF134DE0FE0EEC9F0D17A
:10128000AEDC4D26E7F0CA11381934F330C305003F
:10129000DFCEDD09C5D9FDE40A35ECFD0158131791
:1012A00017E306F3F4FB15030F17F03CF5F12CA937
:1012B00005180B0EF634FEEF29E321EEC1DF2FC433
:1012C000D939DC3336F5EB29D6CFE625450E0108B2
:1012D0003DE0E3DD2BD8241BEE07E7D5F6E0D29105
:1012E0001B05ED4C24160615B32AFA35F010F6F757
:1012F000EF0A17B10A01FFF9BF0925EE09F1FAEF6C
:10130000F60DFDBDEDFBEE23480E23F21985ED35FC
:10131000D712024BD5E90423A52B50F6EFEFAD21F0
:10132000AE28DD0D2A030125FACDDD580CFAB9F4FB
:10133000C78E14B9D825F30AF224EB2E4022DE0B17
:10134000DA39D6023AB9FEDEF6F406CC29DD07B466
:101350001F54B1F0F9FAE3BA5D41391B39F883AE95
:10136000FB10374D0200DC3E130EBA3B1D27F1FD8A
:10137000F0B6D4B1F3D224F2B9001AF218D3DAC914
:10138000E0283527FDE4D4DF2B0EEA0020B4D62A6E
:10139000FC1AFD54F3010108A9320F3210E4EC31BC
:1013A000AB22F10014F8C4251C81F303FFF6C0CC76
:1013B000DCA806F627F2C15CD32402FE37C8130A64
:1013C000DB2AFECA2FCB04B839F9EDE6DB0A0EBBE7
:1013D000F30C1EE429329B96450E14D4141DCAE862
:1013E000E7F5270AE8FD0D3F03E8A2F8272EE5D12F
:1013F000CFBB01D9DCEDF5EEB408E7224A1BF4F9C6
:10140000E6D72E3F2CF6DDEB21EBEF09E49BFA3F0C
:101410002FE7EF48FBED2CF1B61E140FE012FC0491
:10142000C237FAFCE0A9F23903841AEECFE81AC6F3
:1014300016C9199B00E9F969E51CF1AB11061BD32C
:10144000290DEED3661017114025D9A4F3F7259086
:10145000E958E5F31F08E6D212DEF8C343325AD842
:101460000B1F220302FAD4E10A122C1D06D6E21742
:101470001E0650F24B0B0BF721F207FCC737002F6B
:10148000F40E0C1B34E2F4BE21A41412DDC3E5CE2D
:101490000F15FCF3DB0C1FBD271406D61309121C15
:1014A00001E0B5DCDBDC2FF9E9BB1EF00232E0F62F
:1014B00015E7E606E911CBF217E8141ADD18DB266A
:1014C000F732031DE2EF01EED0EC13223F29F0ECDE
:1014D00036ED3EFDE8FA60D4CC232A19EDF80DF67E
:1014E000E80307F4F8FC0FD5D7E5180EE2E8E706A5
:1014F00035F642EA0A08CEF23E06FDD62E462619F9
:10150000DD06F961FDEEF7CAFBAEF6ECD0A1E58190
:10151000F80E09D6CBB802DB0E0FE4C8F72209E0BB
:101520001EF0FADEE6D74DEA0BDE25F72F0708E0BE
:101530000F03F6EEEF11D4EF15DF181D8C48E6EB24
:10154000C511EE01E5042AF6F6F8F021316C22D43B
:1015500001B307D71745603CC713F7FFC2E6EE1E7D
:1015600007EAFA32122A0619CD2F2013F0DE13F9FA
:101570001F0A44DB1C03FACC080211FD380B15C509
:10158000FD01F810FC0159F60FDF3407338EC9BD99
:10159000D72B19C9E0A6F2BE451CFFE20D4212B1DD
:1015A00018D3FBF6EBED29E20A1429EE03FD3E1CED
:1015B00003EC2312F31E05D604E80610BB174AEF0E
:1015C000FA160B0CB8E2523AFAD30403390525A8EF
:1015D0001DB603BC3211572ABA3BF20CA2FCCB1544
:1015E000DC1323FA01FF213817D306C20A0A2D297A
:1015F0002CE9520C1EB217F128F52A0232311B3B9E
:10160000BB1239FDCCEDEDEA0D03139C81150DF7EE
:1016100013110927C5FCBF04F2E20A1BDDEE26E721
:1016200009D62017D2330A1AE5D803BCE106F9DE41
:10163000F2F504133020B011F430CC97FC11F9D33B
:10164000AB3A09F111F2232432F85027EBC938F7ED
:10165000E8E519151E3D0CF62E1E20B3D63AF3F61A
:10166000E7FCE4E507E30A173704DDF2D9E62219BF
:10167000DCD4FC0FF8F0E602180AF3F52B2D1D0B55
:101680000C00242CEAD9F194F409E9B901F6D8F553
:10169000FF140DECBEED04F301F30730E61A1DE371
:1016A0003514FFFFE4F4FB2605F30BE0E1F005F051
:1016B000E8E1FD0A2B0AF908EFDCE6060B344BBC27
:1016C000542D07DD09EB133234EE2A4F07F2CF0514
:1016D0001015021A064D05F5D2192BB70DF5F72690
:1016E0000AF4E61712EF001A0406C300E1F71AFF26
:1016F000D8E1EC0DF6E9FB0C03E8E7FEDCF40FD9CA
:10170000F33B13B02A0D13E2EAF11A14DBF9050ECC
:10171000EE292006E300F8F200120717E6370FED76
:101720001D1E2C0522EECE1BFA1A172B27062B2185
:10173000EFDF2F090A111400F90EE40325E543E653
:10174000262B1F020E03F3E9082223282DDF210D8B
:101750001611DB17F622F3EDCB1725EB21251B1015
:1017600039EEFD193B230200E007DBF7F40B11F41F
:101770009CA106BA0CBA0E08E84F1D03D10E1F3EFD
:10178000F7FBF611BE33022C1226E802FCB7243A0E
:1017900009F2F45F17C61814B7364ED614AF0F0D02
:1017A000C90213ED29C202F929BED7FB54CDD3C912
:1017B0000ABEF8B90815F8FCFC1F27272FDDFB58D7
:1017C000E83CE60A3805FB1DC6120AFDEB2CF6C202
:1017D000282EEFFC023CF3CF46EF1F253C43B2BF5F
:1017E0003F19F10906F818288D05C7D6FF29E02C06
:1017F000D381D1B50EF301F3C1F8353E3019E34280
:101800000A133119FE52053B4D05DABBE8B5D12A62
:101810004C1E0D5C0417010DC33474EA1810240526
:10182000C32722EE48212D0103A4DC2719F9012347
:10183000DCC509B20015E0401B20DF012EC9093AC2
:10184000F804FAD4782202D1113FF4C2DFDE0B1083
:101850000B28A9EA3C41F2AD0DDFD5F442D2C5ED2B
:101860001CB6120E2BF8EC01D20DBF05EE34FA0CAB
:10187000DC95DCCA2CC3DF06AD0C0EF0FC17390D6D
:1018800002E9314E3BDFF82AFFF10EE6F58603321E
:101890002DEFEF4B0FAD08EEEE103DFB02181933A4
:1018A000D22E421A4D00FEED12BBF31418F0C4FE06
:1018B000E3F5E9BB18DD262D1C001103108C0BFB92
:1018C000042DF1EE5B3CE7D4B323FFBB16DFE5B399
:1018D000033DE4C3F11FFEE825CF0FBB615616E0C0
:1018E000F53D2B181035E2F9F1F1395E03D8512995
:1018F00013DF0A1EC3593ED5F6EEDE66FB01CF228A
:101900008FE6F3D504F702E2F3FE24FE140BCCE4D9
:10191000E2D40018A55508D902260603E90A3A06BA
:101920000001C6F5E3FFC702E2DBF43B2842CD022B
:10193000051111120E2ABE23C941A82F3BFAEBEF65
:10194000811DECE3F909E2BA220DBF09F3DB0BC5F7
:10195000F3501323DD0AE0FEF851211F1BE2D31BD5
:10196000F5039427F0FB9DE715CEA2EB1101E31AD6
:10197000020FD60AAFE85B83B5C2E022ABD4CADD62
:101980005EE1FAEF09E79EBDF41A11E3214FF1DCA5
:10199000B11DB815EDC0BE0BF8130E1DE9E2D6FC63
:1019A000CEE110EBCEC419F1CF0BA638E4E0B702BC
:1019B000B9D8CA57275C29F7D5322664F4FCD0F58C
:1019C0001437E83DDFCC0ACD43B1A91D3AB22BEF65
:1019D00040B1CC310A0A0E160A19DFE0F83822DAD3
:1019E0000B5F1C0AB364C00B2EE51A124BDCF739EF
:1019F0001B040C0D9258FAD1BAC2D24EE725BE0094
:101A000000D40E10070005EEFEEE16FA03D309C748
:101A1000F3AFC719F351A660F53517FC24FCA410E9
:101A200013D6E633C309DE38C8FCF10B224304DACF
:101A3000CAF0FB39403D9901BA33E7F60D36A3DF12
:101A4000E525C620ECD7F425EF131414FEBD34159C
:101A5000EB04D505D113B513CA77F8FDEAE824B72E
:101A60001B41EB3006F5ED1DF211CB0800F624FB0F
:101A7000DDF210DD14D5F4F7D6E63438500AFE0D49
:101A8000D25325C5EADCD6FE5F1B1C01EFC7122B23
:101A900015F6115303DF2B529E2641F52714EADC7D
:101AA000F14C12DD2FD652211FAAFA15E7ED10FBDB
:101AB000BCBF0FD0E721CBFC0A29EB140A2AF3D3D1
:101AC000CE17070E15EEF5133B2AEE05F8EB27CDE2
:101AD0000D38DA085D0D09E251030A0617DFB6E298
:101AE00015E4211C0FFDF7230946D7EBEAEAF50EB2
:101AF000CFAB1ED712C00FFDDB290111FFC0EDE0F7
:101B00000CE3115217DDDCDC2F120028008DEF34BE
:101B1000FE18D037E3EB1D24D8103B2EF5D2FCF68F
:101B200098440EF521E7F13602DEEE060CFBD527D0
:101B3000E8E000A91605FF12EC1115DD07D518CF56
:101B4000F407DDEF3F16FA29C7EAD8F21613F98138
:101B5000F6FB18E62121CEE908FE0CFF4BEDBDE7B0
:101B6000FB1E0F150F201136D9DCEDDCEDE7DC3460
:101B7000CCC501ED0CC61CFBD6FD06E744E60CFD0A
:101B8000FA13201D04EEF72C4A0C28F8FFA4FF29B5
:101B90000011F54D07FF2D09F01218E0240DD5F3C3
:101BA000D72521FB0BD11E4417E3190201081104AC
:101BB000DDEF2200F4F4E217F91E10F3131110DB2D
:101BC000D615E10F3E2E00172D08CEE72AE840C6B5
:101BD0000659F5F1333B16E72DCFF7E3320B30E032
:101BE000F06ADF06E345CF32D206F1290317F13C54
:101BF0001D19E8350BEC16D10ECF20170032D9E1B4
:101C0000C62CDDD9E8F2EB154A0F50F1EB50F41871
:101C1000E3301052C80CBC48C34B2142E803E1D961
:101C20000CD72909FAF9374A13F50233F43A0FF2BF
:101C3000ADC62C2CF5448B0EF16ED2100B4DFF006F
:101C4000DDFAF43DF1F1F3047A01EB2B23A253FB0F
:101C5000461581401E2CDDCB4A2DEEFAFBDADFB6AD
:101C6000BA141E349636D74849CCD7140C03211F1A
:101C70002E04D6ECEFF009E6CBD3FD1EF3CEE5EF54
:101C80003FD1D64C2CFBB5870110F1DDD21ACC0C1C
:101C9000EF12D819DB15CA0819122536EFC6F74519
:101CA000BE19D71BFB0BFB64F4FCFAC0EFEBC2467A
:101CB000C82D05104939DF50EBF6DFF959F926092F
:101CC0000F0216FDE012EF2A2D1E0FCBD7E7F5DA33
:101CD0003412EA0EDD2995E4C129FDFF0D0FF02B2A
:101CE000BA350107BE64C22DFBD9D418F11CEE1F12
:101CF000CA14E530DD1B2901E0DAE607040BE3E353
:101D0000F8E1DFC821F90501EBC9E5F5D719D8429B
:101D10001E000117E8E4581CFE28052213D4070210
:101D2000E72DFF1CA3DCDC39E9F328D1BFE612EC78
:101D3000DF195410111AEEF1E07299FF0257FBFC03
:101D4000F8160201DA1B0F2C4003BD0CE1DA44C97E
:101D5000DC132812C162F8CE3C3BA721271523E3F0
:101D6000F0F007112019E1DBE7001D2CD0B4FC23B3
:101D700027F218D3DE2E22FAE4EFEE3220E8B87410
:101D800029E7DCE04A1E182F113F290AFFF1E9FE7E
:101D9000159EE63DE61313FEE83033ECEDF7290619
:101DA000D8FDE7F806E6E0EDE7F0D3FBD3E2CBB1F0
:101DB00006F912FF26153400C017EA5612A1F3F1F6
:101DC000D021EE10F2EDED1CB6F816A7F3294AA8C3
:101DD000E401FA39ED071A141F0A1E1C18E52AE659
:101DE0000526E754ECE7C3EF12C1C7D1113E15E851
:101DF000E62981D7F2EF3CCC18DD1CF3F7B0D4ED27
:101E0000F2F5E3FF9A0FBE002AF9FB000F1E060D44
:101E100007F8E448E1DD04DEDB1FFD1C02D32626C3
:101E2000C2D404EFCFA8FA1BF408D639D706FD0FA9
:101E300004050EFFCC0DC1FA0C24DC3232DAC641A7
:101E40000D08E7DEE501F98EF219C9E4CF17E0F9D4
:101E5000F34DBAF60716CEF42B0708F70408FAED8F
:101E60003003A60F1516FF1B0DEECE3C04E7EC1E4B
:101E7000C112AECAD91B180DA40E045EE3D0081F10
:101E800033F00305401D1322202C06E3F8F1FEEB8E
:101E900001E9E64503E7BD37E55536102BBBCE1CFF
:101EA000D3F552F8DC4FE0021401F732D9E7FDB662
:101EB000D0D71EEA591C2D22B1121C043607F0356A
:101EC000381AE9242F38C700F42B0CDFF8CB0BE3CA
:101ED000E51DD205FAA3F2E1ED129BDD473C40A3DC
:101EE000F82B0B0FF7F0121801E4F30CDF500A9AED
:101EF000D8FFE19DCF2B2A1DC93FD7C6D413CDDE15
:101F0000E2DAEB08AB0D07C304DEF0152703B32CB0
:101F10000C1B0242E84227D1FFF8F93FEFE4322ED2
:101F2000BBEBECFCEAC204D300DAEF2AF2EDA80323
:101F300024230900B803E3EA2036BDD75FA5EA2AC7
:101F4000F405DA1301E2DC9828F3BD11CBEFE7CFFB
:101F500006F9EA58D001191A2A1252F4EDEBC7DE3D
:101F60001DDBB9EEE10AC9B83504DD5717B9EDF448
:101F7000C2219FD60306470CC0CBC1C581A4D3D3D1
:101F80001CEAE0C2EFEAF4BACC11D5ECE25BCA0479
:101F9000E8EAD2ED0BD9C324C9F10D1CFFC8CDFF6F
:101FA000CEB7DDE8D2E0C4EF170AC907F6EFB4ED0B
:101FB000A01AF80E15F8DF09D4210E463E17BA43D1
:101FC0003DE3E5F706D590EF2103CC1400F8E028B7
:101FD00003C8BC13C203DC89F403E819D3D721B9C1
:101FE0000003F7F9F036CFF11312E5422F05B5FFE4
:101FF0002620D8DE25643E0FF103BD57CAC297D90B
:10200000CE95C9B2EDF334CCC90A21F11342B45CC8
:102010000FD2E812305F0250F02E75190813B7F88E
:102020002AD29C021205FC01C1339213F52786F2D5
:10203000C2462007F818ACFA0721D7DC48DC08EDC7
:10204000C5BAAF401AC7A1EF0311DF31F0AE0A0ADB
:1020500011AFBC2FB1ED9F8CE44CE0EE16251AE4D5
:10206000F825C954F416E40610C4D54E4DE5000910
:10207000E81325C2841861C0CACAC54EC8D6DF1786
:102080002AE5DDE21ADAD7EFE6D71CE51C29FEF9CE
:10209000FEC59C12C7070FFEFA25123CFDE4E220A4
:1020A000D5ECDFF1C911D20FF0CEF105F72CB9F85C
:1020B000CFEEFB3C4C533317AC3A02402EFEE730D8
:1020C0003D1AFA540EFCBCCD2DF7DC2F4AA82BECA0
:1020D000EE18DEDFF31412CF1B2B2AFFF913BFF823
:1020E000292DF128C40EF2DF21BAE8DE131DE71F07
:1020F000F305F000A5413788E0F2DF25CAD7CED638
:10210000EDDCDFF43EDEE308EB2003CABF20EDFC8C
:10211000EED4DD16D618AE1606EADA21E4EBA0F806
:10212000F9CBD812B8DFEC1FF725D12EF82EDCF949
:10213000C209E22D3B21D615E242200F1DE4C7DF84
:10214000D416E902F4CACBBFEDF90926F6C01AE2AB
:10215000FF0CC5D6ECF3F0AD0A4918B6E5CA03BFCB
:10216000F2F8DD29DC2ED807FACBFBC700FEDF1919
:102170001B0DCF49FE0216EC08E2ED10E219DAEA77
:1021800006D3F0E51D4A052E140604CFF81EEDFB1C
:10219000DA32B50DE910D1D90546FD2801F7CA1B81
:1021A000DBB53F2BED140E23DD3FD315E8EADEC58A
:1021B000F9D5E1E3EA3CD6E7FA1018D3DBB7E5EA54
:1021C000D7F3C824F2F2E129EBE6FAEAE0E538F6C3
:1021D00029C9BBDF1CF1DB14E03CE2D3EFFD7FCA71
:1021E00005C7B717F6EEC6BAC2FD02FD1CEDF60034
:1021F0001A1516E516AF15B517B4FF412316E1F20F
:10220000F52D10F6D113E4FC05E834010BECF0BC1D
:10221000FC08ADFFE4B4C6F54148311F323836370B
:10222000100EF7F4D80507EBEAF6EAF8F8E601D362
:10223000EBDF01110A392AECEAF70AEDC6FEBCEF22
:10224000085F033C13D601ECF9E7FB0C121C11BC30
:1022500011DFFBBF40116EFEEEEFCD06CD3FF8F76C
:1022600035EDFCF6D708DB21B83D1ED417D6E51EA8
:1022700006E53211C7CFEDDE14E4FBE84127F2ECAE
:10228000DC013B5B1D2A0D1F1624FFF00CFB02AF87
:10229000F3CE00FBF1FDC8192007CBF9E93406F3B2
:1022A0001CF1FAD8D20BF7FAC900053415F629CC7F
:1022B00025C5FD1C2C15DFFCF8D43FED0E0CDCC34E
:1022C000CB2A0002162B09E204E924DE1D2EE30AC4
:1022D00058FA17B6F2E1F611FDF2FDE4C6E3124733
:1022E0002A9DE9090A140BB6DCED0BF1F01AE22085
:1022F000F6EE40261EEADBF627E5FEDA0115F4DDF0
:10230000B805240DE032083E15043C1629B4EDD87A
:10231000050BD811DBB107D62F20C713F17F2B2473
:1023200016101BD908EF3FD809101A2C19D501BC7B
:10233000E0DEE92EFF23F0F339AB3D1EE7CE18D1E6
:10234000E214F2213FCCE5F4E6DCFD1F3EEE06CAC6
:102350003CC917ED2AB707FFE717CFE4D7D9F3F247
:102360003C0D3DEC102D23F3A85A0FFC100613CEA4
:10237000EDE0D0C735F223DE0B25F5400333FE2612
:102380005A7125EC0137FB56FCD613E9D7BD29213C
:1023900029F51440135C2533A93431FB12E30417EB
:1023A000F63CF52B5F0C1AFCF6F8F1461FDAC7D69F
:1023B00040A6F097C8F5E21AFBFD1EF6E61B954312
:1023C00003082318410403D9D5F825D4163BDC1E95
:1023D00047EC34F03605D3EC1CE74A31FBD7C30891
:1023E0001AF925D526FA2BD5E977B4280239F0F267
:1023F000A2C4EBC26F0D2150FE18FA23E92BEA119B
:10240000212522E3DB44161F0F0CDCFD1FEC1168B5
:10241000104BE5EE73324238CA3BF9E018E3181D61
:102420000008FD122A1D34EB0936BAFB440FC20422
:10243000F447EB818EE5F1293AFAD6C716E5C65F77
:10244000F4D719CF2C0AE3D4E71647F4E0159247E6
:10245000F21255D92EE703E4E4A246EF38C8B83F9C
:10246000F2DE0FFD430213D1F63AB71F441FDD051C
:102470008DCAFDD85CFF0542080D0320F0AF08EDC2
:10248000000D20E6F24A350BF345FA25110C3E3DCE
:102490000017F42153F131FB051A16ED4140DFFC22
:1024A000110AFB0F31F3F7E80523F6E8461BB806DF
:1024B000C0110DC59DCAFFEE240DDCE118D223101A
:1024C000020500F12731E6120730031E04DEDEF4B8
:1024D000062C3BFD071A28BAD4BA0A17FBBA03E246
:1024E000021EF10F1BF5E6DCE807FD110D0819F9D6
:1024F000DC08F9D6D5FA2CEDFC080507B9D5EAEDCC
:102500001FF801E6DAF2EECB0FE2FD03331DDBDB51
:10251000F4C8EF13EFD40CF01C1800EFEFFA10041E
:10252000D6F9DECCC4EF00EEEFD3F71CE3F1ED05F6
:10253000000E052E1F3022F1062CF43814EBD013B8
:10254000140E0FFAF3FD00E310FEDB101E040DF372
:10255000D927DD0BE002372927E82A112210EDF8F0
:10256000212BDB26CB12D4E2FFD3F2131E0C000C7E
:10257000EAFFFEF3812D06C2C5C8F14AE0C5CCFAD8
:1025800017EEDCEA1DDCFFF6F52EF6CEE51DF5E3D1
:10259000F3C0DF18F615DE33E01DFC23FC00BD128E
:1025A000E2D6CF0ADE05BF08ECFBDB10EE16CD0E3F
:1025B000B6F7F83E362BFF1ED4FE162926EDF01492
:1025C0000105041503E5CE1BE8FDEC0109BA1EE682
:1025D000E903C5FDEA0CF9DE0822110F140303DE3E
:1025E000151ACF16E51AE5FE19DAE0BF1A20E7142E
:1025F000110FDB20D81B27D101D4E930D401DB082F
:10260000E6E5D629F726E9042015FCEDDD060100F4
:10261000F5EFEE1CF7F3E1FCD8160B29EBE4E4131D
:10262000E5D0211AEC0AFC10DA1EEE27E50AE60EC8
:10263000EE220103E51AB00DEF28F8EF01DAD3FD21
:10264000E707E60CEF14EDE5FC0A080305EF1AD0E6
:102650000BF2E50AF405C2D8061F01EC000C34D9D0
:10266000320BDE02FC19E116E4F5462A28E5E24DBC
:102670000E173A171F2820EB0DDC0CD72BF008F1B2
:10268000F0D813CD14FEF22119A92E3807C8C8DFDF
:10269000001B0302E3C3DDE02C29C81C1D1B37010E
:1026A000F906BFB917D5382E0EDCD52DF709EE0384
:1026B00017E3EB0A0F18C328260E2308E80014EBD3
:1026C000AB18F313ECFCCEBDECEFF0D23741E9814F
:1026D0005FDA36EBE9CE38FAFB29204EE30B0A1A13
:1026E00003CB05F51709DAF7EDF7DB010E13DFCFA2
:1026F000E4240C061C082E0C56C3D8180159080BEC
:102700002227C604250BFCF7EACA24F020CCD6D039
:10271000EE14DEE1E0B8F5DC0A0EFADE2227F6FC64
:102720000F33F9D6D2F619D3DECCFD1BF32508E61C
:10273000DBDEFD2CEE2CF6F81406EBFED2DFF5D333
:1027400004F91B3505DA0CF9E102FD2C5017F6D619
:102750000BE2F0BF0E0139F6EFF50D18C93D3F123F
:1027600016D1E032D245022FBE0517F8BBCDD91BDA
:10277000DE181800F128ED01C0FDF2FF43EA2DF844
:10278000F6DC2757160537481B02244703F7E7AF47
:10279000DB2A3ADD23F201DCF91EDFE81C2ED9EA40
:1027A000E4E6FFCDE3E51801FF030323731933E6E5
:1027B000D10B2FE40740FD1F01A91B10DD33E3D728
:1027C000EAE1D106CDE01903D1AFD8E856F7D5F04C
:1027D00066190AD6E5FE00F4FC19CC34D9B5C1F867
:1027E0001811F3311310E3F3D33210E821062F4010
:1027F0002FF3233CF9E944ED39E722DE4309EAE00F
:10280000D20644F3151ADC0A01084CF90FF1E9DD90
:1028100012FCDE23AF9CD0FD181ED8F30D455321CA
:1028200030FAEAC3C0C550EC0EB7E734D7CEFF1379
:102830002CC9C9093C35EA28D8FA07FE04E3F9CBCC
:10284000B0632C092F07FBC1FBEFD3E756591DC717
:1028500053D212D7E9DF1611F2F2F7DBC614234F79
:10286000F0A0C11A00FC01D0C1F9D2FA0E0EDFEAC5
:102870000E07150817CB37C410CDFA20320DF4C659
:10288000F90436210C28DCF0EEEA240D16B502D945
:10289000E73DD708C6CAFEDA401809220521FB2DFC
:1028A0003C191FF8AD0326F501E6F404EBE0FFBE8A
:1028B000FCE9F21F101524F6FADFE0F0E4E8C09E10
:1028C0001B58003525C408D823E4090F48133AD211
:1028D000F40FF6E42F0743FDC701EAE8D645D2E539
:1028E0002ED6E729FC32E335B5142FDCCCF9F950AC
:1028F000CCDA402BD3DE17F802E5F501330DE5E421
:10290000D6DC5F61224A393446072C02E3F4E2B791
:10291000CFCAFE16EAC9EBDA353DB0F62E5B3BE2D4
:10292000081208F1CBEFECF9CA0A215D7FFE18DC32
:10293000F4E8EEEC4732E1F2E0B25EE2021EF8ACFF
:10294000D968F406E5EB17F7F9D5DDDE76FA060867
:10295000770527CBD1E007F90F0505E5E9CCB8F5F8
:10296000D5461124D425FA0B26E1FD05F007FD3CE0
:102970000B1B47200F1E1FE20BD4ED05ED26F2E4E2
:10298000CC03EF16EC02E9EF22E456FBE92D0B171E
:102990000E2E0D36D3DD20F3121B2508FD0BFEF2A3
:1029A0002EC6EF22BCF03C3602E414F98E290F1239
:1029B000C3252E30DD33D1FFCE23DC251423CBEA13
:1029C000CF171021DADF12123702D52EF1C526E417
:1029D0002307F03C0E2BF2E00E550CDAF5FFB7D7CB
:1029E000DFE90132DE0DDC3167E7F518EFFD2D2A56
:1029F00031ED4317130201C4F2000331E807DC0292
:102A000006E4E6E82EEEC6AD32160FDEB921E0DFB1
:102A1000E9061021AD10023841F7F909D1E0E2F3DF
:102A2000020A01EFDBFE274C0ACE31FDBA071FFE7A
:102A3000E3121D192A21D81DD5F0F81C4B1C04FEE9
:102A4000F1F01DED0CE61CFF42DE1E0CCFDEF2277E
:102A50001DF6041BFFDAFB16C2332FDFFD041EF246
:102A6000AA321EFBCC21E6134DD0FE0DFB024D1009
:102A700012F1071E06E422D808EE0CFC06FAE8E381
:102A8000D3F0D2DDEFCDEBD5ECC60BD8D4150409CD
:102A900027DA1124CBF80EE1EB0E32F9FCE00D0140
:102AA000FB2B172ED9D7F22502EC1CC7B6220EDD60
:102AB000D30F26192108E7F5B850B9FA1B7F04EAAD
:102AC000FBF90822C5C108FA09E4F003EBCF43D6AD
:102AD000DCF62322F54705D30B50A8BFF7222EE4DE
:102AE00005FF011C0651E508F3D622EFE3150F4F51
:102AF000350363DF05E5F0E0DB2B20FB1002070068
:102B0000F2E5CFD7CEF2EE13111D2CFBDEF50E242D
:102B10000116EB1FDCD6F924B5083A07DCBD2A1FE5
:102B20000CFA16470B03091AEDC8EB0B13E9E1EC9D
:102B300009CD13F01B21C4F1080D26141A12FBE471
:102B40009857170DE80F1D23FCE4FB16012110DB3D
:102B50002B16BDF2CF02010235490D2D25F4B2B579
:102B60000F52FD27F1FEFA300CD1EBCD1734243093
:102B700047F338F3D0C1FBD1E2DD1AF64708110064
:102B80000B222226D1EDDEFB3A02F6CEFBF2EA3B27
:102B900024DB0B0E81D9E840CC133025F30223E56A
:102BA000BB44334AFD082A5A01CF0EF300DDF9E891
:102BB000C3D424F32309B4FEE53F03F62332E6A988
:102BC000E252050FF500151C310C0B11D9FC4B1B03
:102BD000EFE7EF0C4328E0F95C3F11ED21F1CDD791
:102BE000F0180CFCFEC6FE253F04D2EFE30E11FEEA
:102BF00004CF2116F9F00D01E805182255D517FD6F
:102C000006DD305921F0E7F506EE04F0F0D5F23498
:102C100041DAE702B8F12AEFEB131B12F82329DFA0
:102C2000AF4D201905DD1647FC0215D4E524F1DE71
:102C3000E20B1DD12AF20A1DDF1AEFF1123D05AF9A
:102C4000331B04EE2C171F4F2A0B0BF6FB2C2ABA52
:102C5000030A21011B36EBFCF43C10A250200AF0C1
:102C60003FF3FF23110BF8F4C439E8FF272EF1D00E
:102C7000D3CD01BFECBD1228D70E0F77F2EDEA5786
:102C8000E9381DEFC308F63E5611DA10FCEB20328E
:102C900021F0E7590E081508B42F61C106ECEC0BC2
:102CA000E62A12F30DC446F2F8A6EF2EEFCDE6CEDB
:102CB00018D5FCB7FDEA0C0424FEF220DEBFE74580
:102CC000BE2D44F937E2C4C9D94038FEE9ECC4E26C
:102CD000052619F3210C26CE1BD5090E1BE8AC21C5
:102CE00049DC14EB44ED0BE5CB31BF3A0C31DB0989
:102CF00095AE0AC924FB2320E0020521EDFD263410
:102D00000A241614D37F1A473CFCE2E810E70D0CA6
:102D10003D1E004533DE19EFED3126DF1BFAFB3C8B
:102D2000FD193112472407FCF50ED71C28C9B71925
:102D300005D9E8D5FC0BE12D4B2D0CFE299AFA7034
:102D4000E600F7C834FFFC95E919160ECEB9B904B0
:102D5000D21FFA0A2AE90489D5BEEFF204D8E11C91
:102D600005D409293AF7E7F6A6EF97282316EAF2E1
:102D7000C0CCBDEA3DF0E216ED08F70A2220F215BC
:102D80004DFA24FC131E0B1C23F3FFF7FEF3182C43
:102D90000CE411460119291F023122F6021AC3421E
:102DA000EA3744F63DFAEAE9020E010F26FBCE0BA4
:102DB000E5DCECF2E80201012E44F3F41FD8091E11
:102DC00033F9C2BC4B33D58B036310F7F5EC05D652
:102DD000FE5ED40505FFF9C725B6F6E12F0535E2FD
:102DE000FFF5E0020DD0D7E81E0219C7ECE0072876
:102DF000F8F74F03AAE0FFF414E5150FEEEDEB032F
:102E0000F5FD38ECBBFDC9022CF9FF13FCFFE811FE
:102E1000EDB2C82AE8CB04EDFE012F351B1E20DEE3
:102E20002EF8F1F19AE5DED2E0D8FFFEBEF01FF4F5
:102E30000F13012031022806CFEC04181E0517FEDF
:102E4000D835210709F614E7E5E52800E60A19E177
:102E5000D52FE6E2DD0D35244509E802022CB32624
:102E600020F2ACFC02FEFED905B2E4DFE8E708F28E
:102E700022C94CF781ECDDCDF10D2D0FF8C2FC1D00
:102E8000DFFD3007001BE50746DF0BC902FF0BFC27
:102E9000049BF337E0E7CEF7E8F6DB0C180F0AECFB
:102EA00007EC02F8D9150A00EBB81B18F1E40EC9BB
:102EB00001F4F122182032F3D004191711E9EBD9EB
:102EC000F25DFAF131123A0AE91410CC15125704E6
:102ED000F40EEC0EF935302F2117FEE70C1FC0D190
:102EE00034DFAB1614F811DBD6ECD4D5CB261D1687
:102EF0000BF1ED02C7E9FBB61A201BE10DE6DAF88B
:102F0000D8F45400B1F9F7062C1C34D7FEE70FF9BA
:102F100007F4FD33D9F9E0DE001BF7F3FD130404D9
:102F2000E709330235F807181510FD35E70EFDE304
:102F300008D807E3F71BF601FFE61EFEE330F4EFC7
:102F40001646E10C19021821D70FECF611FC271ECA
:102F500026EDBBCC260B0303153FF7D72010EEB6AA
:102F6000320101E2EC190811C1F104A8D8D72BFCF9
:102F700025E127F01CFAABFFF639FC05D93B1935E2
:102F80002E26072DED09F75D330B3FEF81D1010FA1
:102F900038F42E48DC39EAD1ABD4374AFCA134E40A
:102FA000D7EDFC0C245F3F10FB0B02F9E207F3F0B6
:102FB000200CD9DF16FFB6AFE2E8250C1709BD0BD0
:102FC000C11807F2192505FEDAE62F27122DE7169C
:102FD00042F6E4D33D281B0B000D26F332F0B0433C
:102FE000010E15AF3AF900DAE002FB92C6E21731A2
:102FF00035B1442511B5C020F0332DFBE81309236A
:1030000029FA30FDAB0EFC02F75630A29D1E17FDCB
:103010001D07EFF3D3FB0F01E4CAE54EE6A955D235
:1030200005D221FEE6702CDA0D28F7D13CBB04D77F
:103030002CFDFEF9DFD4AD9A24E402C21E05F3D5BF
:10304000E04106C7EB1F1F15F626221B1042E3279F
:103050000C1200EF402CE54E0ADF04E25C25D002A2
:1030600004FE08E140DFFCE6DE0DF1D015CA114F89
:1030700000C9172501D9FFF8F80206112204F01E35
:10308000220F21E8F3F914E6DD751E8C06401D239E
:103090003210E3CEFAFE01280BDE08050B2823B31D
:1030A000032DF1FB194DF1EB1607F1F432A9E7BB43
:1030B00012F614050DE4EAC0300CD4E71E310EB54B
:1030C00012440DF4F417113A1652171B2822154C0E
:1030D000DD0F0AE84B1B0E0236EAD7DD281A16F37D
:1030E0001CEEFEE8DA012536C60208B404014700EA
:1030F00025D50FEC02DDB20B0D21090DFF3DFB2C98
:1031000007320914021C063AFD1647E9B9ED32F1FF
:1031100013F11F2FE725E9D29FF93429E2AC4DFEC8
:10312000041139313926100CDC01FDFD0BF100EBE7
:1031300033DA00BC29048DDCE3DD06F605F7E8F59B
:10314000933712D108241A0B9EF53706E62C0C1D76
:103150001616FBE9261DFACDF51D2EE627FDB42F28
:10316000031B20DE0DA409EAF810DE8E050C1C21DD
:10317000F7FAE9EC118BF90F00240CEDFB24FB0F9F
:1031800046FB1AED812703E3F4100BE1C9DF2F0C96
:10319000FC1C03EB0DEC1225E6F0D22DE6E453FC0B
:1031A000FD00211700421BEA060CE5E1069DFFB970
:1031B000320E0F02D0F1E8E6440EF8BAF9F900FC3D
:1031C000E53409E9D72505DDEF210A29092EC51DBA
:1031D000EC2A3DEE2D24F12A05C9CBE83F29DC225B
:1031E000F0041ADC3CDF0F10E6FFCFEF1AF6F532E1
:1031F000D6E1051CE30BEE181A0312333AFCF62A4B
:1032000018284114130925E1FE7FDBE12004200288
:10321000FEDF0BECFFF512F7ED02EE191C4717CF9E
:103220003227DCF62D1EC0FC1611E2DC41E9FAB1B2
:10323000FBEE1303FFFB10E13834CFF3231C4AA449
:103240003F2908EC18121E1A2C1A06191BE4050750
:10325000D83827D9654514EF1E0F14E40D13F11566
:10326000F6D0BB15DA36F421A9F731FDF9D8C9F645
:103270000B35E2C52211F1DDB7C1E75202280A275A
:1032800038F5E6102CE5DB3A1FC931D830F9EFFEEE
:10329000C025CCFDF4DAEEDB4C6555397FFBDF3D14
:1032A000BF040F05EBF115DEB6EDEE1B0F0EEAFACB
:1032B000D5EFF10A144C58E2E2FC1D20EC141F0873
:1032C0004D31E76208D8EF03FFFEBFF05CC201CDCD
:1032D0002A3811AD16514DC933EECE0C1B149FC4C4
:1032E00033F40219022AFF43D7202D02E3C5CE2270
:1032F00013102B12F21CDC0FCF0714E1FDDAEFFEE6
:103300000CDE462E04290E7C30191AF8CA18F7F480
:10331000FCFF0BFBEF14BF2BE310C6103241F4028D
:10332000FF11C6CB1CE8E4FCDF1AE9534DBA0335A4
:10333000E9F5FCF60136E1F106C84712EB32F6BFBB
:10334000E602D7FFFD00070514D9EB1F663DFADD45
:103350005EF9F3CDF7DDC0031604F812FCB4D418FF
:103360002088DD2B10F2BAAEC8CF0B08FFF1E74280
:103370001F21ECDD20F6C8C5E81204EEE3D7FAEA17
:10338000F9F921D8D8190149FCDB360206A4CFD1BE
:103390001049C927C9D8050740FFE5E62339303170
:1033A000C340FC082E142EF01201DB370EE5CAD400
:1033B000F8E69505D23736DB19C21B4EEDAD44DE7B
:1033C000D82D04300FFDFF12BCE4890D5C1603C933
:1033D0005BD7CFCF4BAE1C37B628DF28141E12DBCD
:1033E000F1D9EB09F1F6E5CBE012EED104F307DCFD
:1033F000380260E6EBB113C1ECD119292EBEDF1300
:10340000FFFC312DFD15CC1628DC5AE3EFE719B788
:1034100019FEDBEFF1C1DBD22E17401622321A1E45
:1034200023EADBE7DE1840CCDC17EFF30EBF15C351
:1034300030FEF41E202521DECADA07F804E7DBFBA4
:103440002067DF12051E0D05E7EF1608092131BCC4
:1034500013F7F6CFFD1D3E2CE8EDF801066BFEF3E9
:1034600037ECD30BFCDB210FE93B1DC606FEEF500A
:103470002FD53328EDBEE0D317F017E21015E10386
:10348000EBF0284CF204020A02091C0E1BC8E7C22A
:10349000F1E5D516EEBDDBE30708CBF1D233290702
:1034A00020E539EFF0EC0BF5DEF8ED3EF6C12BF23E
:1034B00018ACD1000E3AF032E6D03EF30BFAFCBF66
:1034C0000E46F6E6F22B0DFC00FFF3DA2761F20858
:1034D00036FE33BA3DE3333DDB15E308D3E2040C9B
:1034E0001F87E9E6070609A6CAF21CE03E3FF70A75
:1034F0002AF535E768A9D4010CEF0816DDF2F5B618
:10350000B22F06DF907A021D26FA340807CBF5BDEC
:10351000132EDF0CF0D5FFC3573AEAD0F47F24F521
:103520002AEA1AF2000FF3E50815DE2D21C9F5DAB3
:103530000FE204350E2BE1DF3CCC21E8E4F6E89104
:10354000E933D81D02C2FE46CFEDE8162903F60D79
:1035500034BEF7C746E9291FD01EE301CDFAF9DBD7
:1035600008FD31E93612FD30432019D5E73C909231
:10357000F6190FD2E009172901DFCCE50D2DF3D2A2
:10358000FED7CDC509F765CF0581F83DFFD9D00637
:10359000EB2433E240382617EF17FBE52205BED7B0
:1035A0001CE4E51611DB0ACCDBEF0E11034014EA34
:1035B000DFDCFCCBA507EE16352715F119052A151A
:1035C00012F7151DFAC61007FDA3E92C27F71BB04B
:1035D00042ED4F0BE6F74DF3FFCD3029C9E0FFD1A7
:1035E000F7EF2DF4DB03AE133A1F0629D5F5CCE235
:1035F000240E131D3B162F3808E1D7C6F92310F807
:10360000FAA5F106FBBF28D2CF15D615F920E6089A
:10361000C92004BA3A0DF925F83B22E62DFD0DF339
:1036200018F3F8C408D13AD51C09F2F40A12FC3296
:10363000D70AEBEDEAFDECFEFF23D5D4D439CE0F4B
:10364000F8E5CD2CF6D2EBFAE6FBDA183B1CC2DE2D
:1036500058D4F40CF812C307DC00161FDAC2FB2A98
:10366000E3E30F0F0E04050904320E01B900DDF883
:10367000300903A82B1E231D2AF0D1CC1BFA0CD92C
:10368000F0DCE8F7F9DC40C6E79C0837E0EAC9C996
:10369000EE2F1ED61BF900FA072FF7C62C4BD6D4F7
:1036A00006D003F2EAD342DC292735121F330FEB91
:1036B000D1101BF4BEF2F1F2030BE5F5F33FF5ED8B
:1036C00012D7EC0FEECD2F2809E0DD1626BCE7F26D
:1036D00051F509F214E82608DBFE0418B40C43E7A0
:1036E000EA29E22206D1D72E1B103306F5B1001BC2
:1036F0003D0E3A09030CF6CFE9F2E4D8161300F3B5
:103700001118BF101ACE39F1FBF20B19E5BDCF032A
:10371000071AF3C009240B1D0F0808F5EE00F2CFBD
:103720000CD60A15F4D705E20AE9FCE4FCC82AE441
:10373000FDECF6F6F208DC81EC20F836AE4B19FD14
:10374000FC0B0E1096C91C41E5CFF319343FEDF088
:103750002EF4150B22FF2627C21D0D38FD0BEC227F
:10376000CE3118D71400DD25141B28E7DDDFFA2140
:103770003D3645F9100A0D0667D2F802F05D1436A1
:103780000310E80D51D902CED144FF09D5F807ED59
:10379000F039FDBFDB481B0EE2ECF10EEA0CFFAB8B
:1037A00036E8EF12F307FAE410E52BBDEB0D1E3DF2
:1037B00013DD06000F17A3D0341FFFDFFCF91FFE37
:1037C000D9D22911BA0F313013F201270E1CF2FFA2
:1037D00000DD10DA4010E723EEF23D04DE12250B87
:1037E000FF0BF3F618F70FE337F13FCD00CF082DAD
:1037F0002E1A58F5231E10FED91211C0250327FFDB
:103800001DB50D3EEEA53AC4D4F9DF32E2BCFCCCC6
:10381000FB0905DA0EFD1F2A2DE0D3D6262DEBC5B8
:10382000CEE62A02D6D12AD3160417F62DFA17D7D8
:10383000FE0D1814E012EAE80BFFF900B9410ECDB5
:10384000D9FF1C0F9C110FFD25E7DF153DF5F4F6A0
:1038500007FEEA0ADE310F37FD11CF1BF1FD001D17
:103860005FFCE2FA39E305E9F60F2EB6C61E3126F3
:1038700007C3530B9BBCD9180D1561F1A4F6EE1FBD
:10388000D52A38B4B74EDA53100AEABDED3337F60D
:1038900014B8D438D8E5D6C1CDFD11281BCD3AFADD
:1038A00050CFD706F641F3B603E1E715AFBF0FBF20
:1038B0002549E1DD33DD0E0CB9F5121209EE03FCEA
:1038C000D25D32F7402026F7EEE456E4E62DE43DE3
:1038D000F8FCEE01CC0728DE3D0FF0B9FD15E44DF4
:1038E0002204EFEB64E91BDCF91BD2A5EB380911CC
:1038F000F49A2AEE97BDBA1A2C417B07C51BD51F37
:10390000F9347FDD903FD8FEFF070CBCDFF635228F
:1039100021AAEE21EEEB02F7FC01030708F44D2A81
:1039200021C82E010D20D5C6F2C2170ACFF713C247
:103930003D1F0E191E13EAE3C109340B1EE7CE0921
:10394000166025C63A3915F1E8173BE2E1FB0C5049
:10395000CDFF0FE742FA19D14928EFBB1A1FF9FB37
:1039600033FAD8FC681D07ECC2CDF1B5F1FB3C176A
:1039700008B848D5EAB3C61A420F45DFFFE0C505CF
:10398000DCB64CEFCC4EFCFD17201C891FC500088F
:10399000FBF0E81BD321EEEDFFFAF5E6144A44D71D
:1039A000FFD84AF0F313FA1BEBE8023A31F814B2ED
:1039B0004727020217FEFCF7FB021FDB02F6CBE0F3
:1039C000E676E8F0111F1F330D1008090B0D244592
:1039D000EA070BD213342BF0F4110DA0132CF0973F
:1039E000F6EA27F514490E2727FB0CFE0244D60DF4
:1039F0001D0E28D9D4360D14D9F201E7D92DC3F004
:103A0000C1EA09F1D9FA43D1D90221140713E8F424
:103A1000EF13C1F3F840ECE4FA353CFE2B0FA3FDA5
:103A20002CC8A9291DD70CD3D01509ECEB6EFDE1EC
:103A3000B607120DB219AB04F94301274D03EE2E60
:103A4000B803E722D0E0EE1611EBD92303EA38A33E
:103A500038D51D3F1D11451B2038DC22D4AF94AF53
:103A6000E4EDC920AD1189ED62DD15320FE20218D7
:103A7000300718002D234ADF00ADBCD6B506B3E5EC
:103A80002095E8F3D5C8E0CB1C25CADC0D38D3055A
:103A9000CD23A00732FC2B2B191102381DE6C8C01C
:103AA000EE060310E1FC160BDB18E51DF9F2FC1D18
:103AB000C334D2F102FC963AE229F00E3632D3DF5B
:103AC000F129E0F7E1E6E00210FFE52EF3F003EB69
:103AD0001FAFD828EC43FC17FC05031900EAB60E0B
:103AE000BDE337D0E31EDF122A0B1109F71EEA41AE
:103AF0003C381AB0141EF336FCE6C6E8F00DABF6FF
:103B000018910BD306CB1CB19CBA23240BEFF549BB
:103B1000FD5B81E74470F52CCF18F0D9163BBAE372
:103B200015FBC51E0EE017F9D548F8ECFF4DFB0458
:103B3000C21BEE04FD11B2F71031D1EF250B091DA8
:103B4000DED2F031A8AC044910CDE820EEC710FD5C
:103B500017E6211DC9E2F9EAFB28F122E7C90CFCAE
:103B60000337DE1EEA07082CEBF430DCCDC72C1639
:103B70004AFF66FC1303F0EE071206010031FD4513
:103B80003131E652F1D50F1D210F2F1A9EEBF60FA2
:103B90001CEE1FFDE53024F8C8B00822DDCE14D499
:103BA000FE0BD9F3FB3F3D1DF0FEFAE5E4EAE60328
:103BB00009F8C8F1101FCBB9F308132BD63FD41264
:103BC000D82DDE05F00310F9B3D814272C58D714DC
:103BD0002ECDFCFB1FFAFD23E10BF8211DDCC619DD
:103BE000BC11F7C90BE7E21AE71E4BBDDCBD1B5841
:103BF0004824690D2AB0EDF01BE20C0C05571D306E
:103C000019130D230FD20BD4D14834FE932310E5A2
:103C1000161BD0BCEE371ADCC5AEEA45ACB72DB7E3
:103C200006F5CEF1135006F20005E79704E133F9EB
:103C30002E03EAFDFA23A48139DDF5C5D332FCDA7F
:103C4000CE0110D18F1A0349EE0A342EFE2AEF2638
:103C5000E3F54AD93F01DB4BEDC50B001A2CEDF41F
:103C600006FBD6F219E104FEFF093BA60BBE114884
:103C70004F1645320BF4F3E4ECDD2B2220DFFFE896
:103C80002FDD260107C4EED9D97511F3C8F11BFD4C
:103C90000318CFCEEDE60DFC0AE0BEF7E50E0DBA37
:103CA000ED1D0216EF580BDB0020F1E614A416D12F
:103CB0001003041EF31FFAB0320AE0E3E11EE6939C
:103CC000DF31FE02B7F82728F2EE201B2417074148
:103CD000F5EE16FB410E063913FBE009170FF2173C
:103CE0000616E7EC22F5F118EFFE081F0629E3D0CF
:103CF0000D30E1D203252000EDF2B5DBAFE7EFF99F
:103D0000FAC407C6F9B403D0DAE207FA1E36D518AA
:103D1000D7FFFFF2E4FB03E2060B1E2C0526DC00B6
:103D2000EB1AE7D7D3E627F3F4C8E007FF31D00555
:103D3000E5090804C02FF8E4043EFCF30EE1F43F6B
:103D400014F90723D2C2D5CD2F02D024F8EDF2FA10
:103D500007EFE93CB832110D31081C0502D6D80A2C
:103D6000ED0E0C05BFF0D506510C0F5030D0F61AF1
:103D7000071217D0EF2B1F0CC8E5D8EC97D6E7EE4B
:103D8000E0CEEBD308D8F6B0E138D9F9002CD30156
:103D9000E2FED2ED1421CC43FAF00705F507A4F0BA
:103DA000D1D389F5EBCCE008E40FE0EE3830DFFC4E
:103DB000B219EDF81D0AD73DF100F92D1051FF2180
:103DC00023F3CB0BDDDEAD2206E40E241BE3FF055F
:103DD000F8C6E105DB1902DAF921112DE5DD0DF553
:103DE00002DFF3F2F823D00C44FB0620E930D410B4
:103DF000180FE7CD1918FE22D3C6EC1CE9AEB7D2D6
:103E0000DED4EFF203001900FBC9040BDA19D50A5E
:103E1000DC18C8134B33DF12FE181F26110381E88C
:103E20001FD5D7FBF8F11918DE56BF130414CFD1F4
:103E3000C52AD5D7CBF7B003062003EB211AE1E65C
:103E4000CED3D301DFD1F43B04FBD125FEBA1DC58F
:103E500013C5D21DE7DFE3060D3FF812D8E335E0C6
:103E60000FDE001720FC1603B9FEE90314F5F4D2A7
:103E70000028EEA744FDFF03E804F92C4F19E72CB6
:103E8000D1252C25CCEF00F51DDF011759C8FB25E6
:103E9000202CED10F4D023EF126978C85F27FA3A8E
:103EA000924AFDFFFADA3DF7E0C3DD50FDE40A0671
:103EB000D921EDCA810F3FF31B1BF1E6F0DF321869
:103EC000F6050B5A37F4F3C5FD12D2C32910CCD234
:103ED0003E2006F710EA0CA7F7040DEE0411D02DD2
:103EE000371F02F2D8CD0C43F514BD1CCBCDFCE638
:103EF000D20FFACC2EEB1D1E0D02EF0C1A25120D5F
:103F0000D0FF40FC1619122B10F0EB2E3B231E3174
:103F1000D51523F62C03E0F30708F2E2564DD80F2F
:103F2000DBD7DE060109E2F3C2F9DC223A1EE929F9
:103F3000190B03F30BF42DF01D151EDD161AD20319
:103F40000701FEFF4F18E0DF140B24E33CBE0939E4
:103F500023132DE9E0FF0AAAFBC71C0B1A02BD4779
:103F60006BC5D60D250409F3D01DFA38A817DB312F
:103F700029FF282B3732AA07381311CBF3C104D1FC
:103F8000CBE5440023423B6A471C2C2DFA100B233F
:103F9000DC16070F18CC2E0FFB31E8DC4E39382E1B
:103FA000D310FBBD44F22EF91324BE6926FD26DA98
:103FB000F535ED9AC027E7F948CA6213CED61C073B
:103FC000DF03D01F26E9CDE9CBDACC1C7F01D1EB92
:103FD00071C8E1FEF39C4020F5EA1E0EE40BCEF220
:103FE0000BE011040F00B7233BF3453AE5D5E5E1BB
:103FF000332029CE4C15F0D4FCCAC2D700FFFE0FE7
:104000003BECF0102CA718E3F21C16E5CCEBBB3B05
:10401000D211CFEFFAF1301D012353293B250DDDDD
:10402000E90FDCEC3CB32FD4BC00EA060A2BB9ED57
:10403000DB2AB8BFDE0CD80A0630F92DFBDB3F0FB8
:10404000070FC74CD5C6F843E3C2DB2F0A37EEC2D1
:1040500013F3F2F3FA593411F704251427DFDB02C6
:104060001ADF41F412DCD6354A2C1AF4ADBDB8F291
:1040700017EC70BFFD1C324011F6CFE8D805ED0BF0
:104080003808FB06FF0403E919EDF07F15D0C73BA4
:10409000040BB1CAFB310D11DFEEFDC50C5AE4F182
:1040A0000BEBBAFD4B02EDDCAA0DCFFC3F46FF380F
:1040B000E5EBC2CCF104EAEA3645190224301C0DC6
:1040C000F9E41005F80E0622CEF81F151D3719C3A6
:1040D0002E1C14F1F1282B2FFCE8472808100804A7
:1040E00010FEFC0A0212D107E51B0419B91FC80B08
:1040F0004B0B18C03855FB3FF7EABF0431BCF90839
:1041000007EE021E18CC29E9F30D26730EE7A0E294
:10411000CE16D1EA67C2090601050CC2321BF7DAD6
:10412000D10C21D605DE5DE3DB56EA21461CF617ED
:10413000E46DC7ECD2F6073DE6100100F720E19CE4
:10414000CAE7E533CA89CF2BE094BFDA1FF9C2C1B1
:1041500026EDC9303B3131320D11FE09BFECE421AF
:10416000DF04FFE4FDDA1303E50318B60BB73540AF
:1041700032CB6D021AC7E31B372819E6F3493D38E5
:10418000D4150B1BC8F6FA27F30A2CE481050EFAA6
:10419000C914220CEE000DE4C5A7001CD2C55FB007
:1041A0002CE93313EE4F2E09EDEBFFA3FAEE28C8EE
:1041B00012E8F3D92200B8BC26EE07C6E52B02F4BC
:1041C00083171EE00E0A1611F00A3525FB14EB3A90
:1041D0002C0BF7093A2CE715FBF80BE80DFDC90C81
:1041E000E90EF7C22CD41EFFF50FC9B9F7E7162464
:1041F00002F4FFFF26D9E6FC2AFD0CF4412C200135
:104200001019120ACF072DB3BA3435DCE0EA1E0CC0
:10421000FB2AFFD4D3FBFB2404E00145EA183EB29D
:1042200033F3FC1D1018FA02F13603C6FEE91596A9
:104230000DF903F3E70328A81AEDD9BFE33331C919
:104240000B34ECF40011F7FE01111C2C1F0BF63996
:10425000F3030FF42A3B2220F8EFBFC94225E926D9
:104260001404EAFA2FCD02E9F7FED1E719F707089F
:10427000D9EB021813FDF50615F8F61E03CE120B46
:10428000131D2BDF182A2EE5E46AEFF0EFF1280D5D
:10429000E90915F7F412ECFF1609CF12091409DB2E
:1042A000FE14FFF70617C3FC07490E093709EE1580
:1042B00003F10AE312180CF12B18FDF227C133CEDB
:1042C000153B0FF121FC191FFD2C061C29DDFF15E4
:1042D000FC19F9FB1C1CFADA110918F43136113AF1
:1042E000132D49D8F9FD0C1EF2214302B2C3E7FD9C
:1042F000113A56062DEA07E03FEBF4F1115F2A0868
:104300002A14D105FDFA02E6F3B4F22BBEE5270D1F
:10431000CD3B2CB71E1153DB031DFFCBFB1159E71F
:1043200049D9BAEC12DC0AF4DFFF0A0B0639FDDECC
:104330001ADCF9B5DDF6B2DE2DFCE9E8CEF2DA1EC4
:104340008B0C090FDDC20C0BBBF024FF3456E5F9D2
:1043500071D543F2F72900B9D5F34D170DFAF5DA07
:10436000CDCC50DDE405F0FD1C5C2918BE1EDAE959
:10437000142925E20D3CF6254AF4DFC0394A1CF623
:1043800024E9E139F51902E0E9F5EC4510A5181624
:10439000E65F2CA24AF73AED1F4D16B8E63E45DC23
:1043A0002CFFF6D001B935B3F42C0BEB39132BDD10
:1043B000EE3D17FD81FB04AE51D8D09F85F0FF1173
:1043C000E8E3FF11E2F713DEC2EDE9120943ADD7CE
:1043D0003CD819E40532411AA7D04715EF14E84636
:1043E000D5B91B0F1FF2FC270E430900E83BD9F695
:1043F000293117E94F33D5342011D8E52DFB17E7C4
:10440000EEDEE105F9206DF3061F0551239E09FF3D
:10441000ED4D04B341CF2FCB2046FCD5235404AD42
:104420001EFA25D7D49C3499EC3E22F93F3014244F
:10443000281B13BEC8F135F11DFCEDA9C2F34ED205
:10444000130B0E1FDA1048F7E4F6C81944DA07D048
:10445000520F13D0FF1B76F9D8CB2626B10AEC46B3
:10446000D60F2245D42DD85B14D5F81C200A0F1C7A
:10447000431EC11CD23A100611CFF0EAE9ECFAEE65
:10448000FBC6E0C6C5DAF8A6011F2606F11B15F922
:10449000F31B1207FE11CE4806073CE8C5E2C8260A
:1044A00000EDF154ECFD11270FDE0AC8C804022606
:1044B000CA37FDFAF929F6251ADD9BE9350925E306
:1044C000E8080342DAD8C6282304142B07C0E0E525
:1044D0001EDFC135E11DE317CD56F1EB13290C2D7D
:1044E0008D1531F9111BD37F22D4BE341A1FE4BBC2
:1044F000EE31FEAEE70227FF0C9FF1E90F13F9FA48
:10450000DB03E3DE0FEC33A6FBC1C5E2DD28EE1CC6
:10451000152712FFBA22F6EA02F21B20ECD7DFF6CB
:104520000F04F015A0BDAB30B9F522B7A91C23E6E6
:10453000EED7281C07342700CF5B96DC1C3641F1F0
:10454000DFF8FBFED4CE062D6AF31B48AC9CFECEF2
:10455000DEF512410E4DF2F74C1C1115DD060C0A6A
:10456000ACE0F10DD30FD1412E2FB71CB31512DCE7
:10457000B30CE939CA271805FF14CD1016022AFC1E
:104580001AEB040626BDF098EF0BAC0EBC02F61930
:10459000E5A93005020F452FAFF98E3AAAB804ED10
:1045A000FD3D0BD0DAF5F74401E72CFDF9EF094C9E
:1045B000F24903D34217234FE711C01B1E182FBB2C
:1045C0002DFD0AC0E9FC012353DAC14B28A10FECF1
:1045D00024F73640D223C0FBC20539DB100C333040
:1045E0003901D430350FF7EDFDF5F2CBFF2C260A5B
:1045F000D514CA1BE90C19D4EF0B1BE7E681DBE5E8
:10460000DCEA4DECD006CEE90FF8010E2716F417C0
:10461000C6EAE541EBC4F50A152102EF06010730B1
:10462000E80AF8C2CEB71FE5F1CEF35AE9E30D412F
:10463000F22117FFE92F223E1216E7060FC313F3EC
:10464000DE2D1914F6EA0EB5FD0DD3DB1A11E7EBDA
:104650001E1EB8FAE0E8ECE32A0211020421E0147D
:1046600005FDD32200FF12FAF4F2CB232CD5F0E0A3
:10467000D411F3B7C3090AD4C1051761F2D2DE1B06
:1046800011171ADE0D29EB1624DD0FE81316F9F7C2
:1046900010E4CA11F911D203F7322E161AE4E327F7
:1046A000F5C6F50B012ADA0CFFFE0105E604EFBFA3
:1046B000FAE7F6163E340F0CC10803250FD8E00ABE
:1046C0000C2BF9260BFBF0E80109E5D308AA30040E
:1046D000F10CD0F008081BAD1B20E6EB1C2C03C727
:1046E0000914F42CBD10E70E08DCC7E2F50EFB162A
:1046F000F8FCFD1DDF1625FAEB16F0FBF80300F5BC
:1047000007E3401AF9FDD31B331E0FFAE72B0A14F7
:1047100007BDDA0CE4100A08D319EAEBE90F1F1CF5
:10472000DCF1EF05FB00F0110D08DB4AF0170E2558
:10473000F30F1611E813D41FF5EB101409FBC8F59D
:10474000DE220F0106030AD5110EDAF2110202175A
:104750003C0FE9F8F8199B89120313D1010B06F8F5
:104760002F00BC11FAEFEFE4D101FCFC0C46F9F785
:10477000D9E2FFDBF9EDF52BD5FD0835E5FE083074
:104780000FDDF7E7E231F3403515FEF308D8FD32CF
:10479000E80801500C0915F9D6222EF438CDDE13A5
:1047A000E713ECF52BE722C1FBDEDB2F17F6EBE17D
:1047B000F7F10EBFF8F8F2F80D0F26293CE4ED38BA
:1047C0001211F6130BE3DEFAE63034F0F2F0E5D026
:1047D000F80BD605F6FB1ECD4AE3212D38EA94D816
:1047E00016E5F8F80D240ADFA11AD711F437D20024
:1047F000B9ADC5D8EFD704F0BC17FE0FF2F8F93702
:10480000452724F0031F013A36F0F4E210C7EC31DB
:104810002308E524F4F7E2FEBE0D211C25E9F6206D
:10482000BEF91F0B3312F1BFFBC6E1091814DBE61A
:1048300002E6FED910E3F51DFE2819331D81E22F93
:10484000D01BEED130EFFE9BD1120FD9D900F9E782
:10485000E527D7D00B1AE1CB29EAFB042A14CEFDB9
:1048600025F700100EE90A16B0EEC01118FCFFF192
:10487000B4B5CCF7F6E9D00BE10B15152FFF1D36BB
:104880000EF335FDF503025B0FF7EEEBE7C3E32B09
:104890001BFB02342BE90121CB0D1C11EE10191862
:1048A000E0012A112CEEE20317BE01FCEEF5EDD774
:1048B00013E210CA0CECED45102B08E3380C093557
:1048C000F60AFDE33C3500D0021B17EAD7EE1E10B6
:1048D000D823FAE44E1ED4D52AD701B669351AD7A3
:1048E0000FC8F50425F2E12AD222F9230A30E5DDCA
:1048F000105A0CBD5E1C2802BF01ACFB23F5100C46
:1049000022D7EEF4F5E1F5FA10F11F4B42C3B93DA1
:10491000DA35BFFB21B80B012A5951E5570C242188
:10492000927CD4C82ED051F0BCCBEA4200DDEA0A1A
:10493000C020AEBA9B1F4E57162BE40BF4F5421D58
:104940001C1E006815F9ECBF2AEEC0B9321DE39BAE
:104950000B0400F9000923E823F10F27FA23E325CC
:10496000260A0307EDE8E34CDC35D83E9CD8E0E4AA
:10497000DB2722CD1B05135ECEF5D504FD09041EF1
:104980001D1BF7E240FEE95A05FEF13828F3F63C1C
:10499000BD3805CD3BEBF00104FC1BFE4016C1FF0A
:1049A000F6F7B6CEF8F9DADD8109CAF942F6F01B5E
:1049B000E31405D4181F32EE22F922FBF12CE0F4A7
:1049C0000504DD380505CBFC06F214EB3AE7DA09FD
:1049D000225210D2CC21E09C1EE51E0E25F6EB1DC6
:1049E000479DDB160643D600AE2504199E3BBC62EC
:1049F0002F2F171D313EC539140F0AFBDBA5FDE62D
:104A0000DACCFA11313D2630391F126108E3F3FF89
:104A1000EE34E80B37E3E9040B1F10F931470FF8C8
:104A2000E92F03CA37EB400AD14DDA2561F0F0EEE9
:104A3000C528F2B4EEFFE40F3CC8352A0BE010D6CF
:104A4000040CD22F0FE7CA13D3E19C0A5BEBCACA4E
:104A500079E1F42713D2F7FB04260BFAEF15D2CD38
:104A60002BFE001B16F5F913E109FB23080D0FEED1
:104A7000EC14F6E825060E0CF70C0FEE23E5F51105
:104A8000E5F31509ED02FB1C08F9EB2A12D4011617
:104A900002FD062304FFFEFAD4161EE107F1251DD0
:104AA000CC22E2EB31D921F7F80AEA2AFD09E1F933
:104AB0001DDF0CF0B601171525FDF3FA19AE202203
:104AC000D0020A121C08D8B31610FBEB140EFADF42
:104AD0001E0007FCEED6FFEAF6FD26121608081E99
:104AE000150D000C14F2F300E8FBE92B03E9F2C901
:104AF000DB10E3C72103103DFD0EFA06EAF612189B
:104B0000080D0203E504F323D9F0F2F62DE10A0DB6
:104B1000F411F0EE11E813F1072726E110F9E02176
:104B2000CF27FA0E0ADDF4EBD010F80C1A0BC616DC
:104B3000F80DFDE0D90C340F0012ECEDEEF50F0D81
:104B400016F10C2A1616C5F5FE1FEC000FE8DB085F
:104B5000F722010618DBE9B9F3FF1BFC170BF4077A
:104B600026F40801E7FE0D28F816E43EDDDBCBF95C
:104B7000B612F8011E3B031FE406E618DDDE1A1725
:104B8000F2EE04FE50E5162828F9101A230FF92832
:104B9000E8F4FC0D37120B2B101B0AFB160ECC0F82
:104BA000E8ECDCD4050CDEF2B421D3222426E32F7A
:104BB000E41BF3D10619DC131CF5FF0A3510E50ED2
:104BC0001AEBDFFE2803D111E3FCCCEC26E8EC0B5A
:104BD000301CEEF8C8F8BA8105D822F90BF0D717C7
:104BE0002B12213DF122EF4103131F3C2E1DCFF369
:104BF000EFF6A5061606320E08F9D9FAB5CDDC1087
:104C0000FFEDEFE4EE0439EBEBD22110062DF34477
:104C1000F821F52C3910D405E54A42D0F1BEA92F70
:104C20001CFE144C16DAEF02D80DD30CF7F8B1F5D0
:104C3000C62629D6D423EB440C22CD05382CF022ED
:104C4000FE0BFE1F17E4A9EA1A101AFF1BF0EFDC97
:104C5000322CE817EF2AE2BEFF2FD83C0201E9EA26
:104C6000DBF64809240DE16E013CBB372A0AF393B9
:104C7000BFF3D60717141D290FE2F6042F2DF3F604
:104C8000DE0200EE1A101DDA3CD9D013C32BF03827
:104C90001F3BDE27232C1327F145192216CEE107EF
:104CA000E929FBE5FDF42D0BED260EEBE2E5DB1C1F
:104CB000A82B06FF040EEC331120B6CC12240945B4
:104CC0003DDBEAF827F4CDD87F2A2A14DFCBFA019E
:104CD0002338011D0B0FCCA93BD13110ED03241457
:104CE00099112A12D01AB634FE3094441C08F0E10F
:104CF000D90A03DE621820FEFCF9C40DFAC412C002
:104D0000F8C6DA2C26060F8BBCB9CB22DE09EE4E94
:104D1000134208153F0347CCD0090B1A01E0F93BB9
:104D2000022905FDF6C2202E0A1B2AFA03E4CC2232
:104D3000D62407F239FF034D19DCBE0A38CF3D0CEB
:104D400051EC0BF60D0FD9EA3E04BAF3FCF3D2CACC
:104D50001B18FF08B353D5D6ACE8F908EAF6210EC4
:104D600012272926EC3406DED8E75F6B46FE0E15C7
:104D7000F5FCF900EE2131F4FFF5A1E61116BB1A9E
:104D8000A2C1F3ED14E827B8CA1505ED18D6CBF883
:104D9000E3CAE711BF5BF3E9F91923F4DA1BFA1947
:104DA00013FCCD01CE08EA20DBC4FC032236D91D5A
:104DB0001E220B02D922C60AD122CCFE37EAE31109
:104DC000A9F0F212E5F7A9E90513F41604DAF9E3FC
:104DD000F435D639B7290304F952FE14FEBC07375F
:104DE0000BE8B215010DC7F346F2E8310D03EFDE13
:104DF0000B29CDF5000B3AC5D2E3CED294F6B9C259
:104E000030C8F0EB32AFC0EEEBE6EF040152E5FE46
:104E1000D437B8091EDBD7F1140EFE05DAEAA6F87E
:104E2000E5F6E109BEE315DEEDE1AD21EE0ADA15A6
:104E30009A09F411EF2F210BE4390929F8FDE82D27
:104E40004F11B92BE4BFE11122F9FA293699F5F691
:104E500016C6D33AED0D12F9F906F318F0FB0CF86B
:104E6000140216EDAF4BF2EF1ED924282AE5FC35CB
:104E70001335E7FBDC441A0FC1CAF237B30EF6C88C
:104E8000D7B2E81A48DB3113E0F71D2611D4E8DE6B
:104E9000AFFDBDFA2C629B481D1604FF05FCA31D47
:104EA0002FB6EB18E4F5EF1FCD0BF1F4265912E6FF
:104EB000A42907241136810A082C1A030A1FE0F6D8
:104EC000EBD0E0280ABFE126E1FEF819F2C81EFC8B
:104ED000F8E2CBFFE305CE15DA48FA13DBDB24E179
:104EE000D8117B37D80704541247241D2A0E0CED25
:104EF0000019EF14222A322944B4C8F4EA4914FEF6
:104F0000D9EAD5EA18EE26BFF2EFEB28D0F7190C54
:104F1000D043F7F0310F12EC140D25EBE9FA1333FF
:104F20001CFAEA16F1C924F2DF0C2DBEF439FFE5B4
:104F3000E11AFEFE12FFB42D4A13ADC0FFDE0E08CB
:104F40008234FC280B9FC0FDC9C80D2F1811F4A690
:104F500037B9F21FEF4B05B4E7293A1CF4FDE80D11
:104F60008CCC432212EF0962323AE333EE3ACEB4EC
:104F7000CD2508FF101F2D2501EDCCFB4B0A2BCBB7
:104F8000AEE3F4121B0A45910CD1A634BDD8E51846
:104F900002380DE635EC34F70D3D00F0F301DEF19B
:104FA000251504B2C3812BF6E82113EBDA0E2C167B
:104FB000E40A0B1EBFE82FE71E0B8C92F33A420A5D
:104FC0000FFBE5F111CC121B67E8F53E15C9D1AC1A
:104FD00036111412D0293C27FDC50114B4D608346B
:104FE00097D60A3600F3F4231237F819E1FFF1BD22
:104FF000DC15F40B05FAF9050DF3DA2633E00ED9CA
:10500000D71109000D0F399AF0E3EE2CFDEF04EFF4
:10501000FC0010F526E13DEF0605E81C321F08E113
:10502000102936AAFDB1FB1E380F3C0E0F17381F92
:10503000FBF826EE0CF14C19FCDEB01734E670FDDF
:10504000641A05ED01F207040FE7F8410CC6E7D634
:1050500064000518FE1E0516AEDD1D03DD29F80AE5
:105060001FE3FBF3021E12DBFDD007BCD1EB2433A0
:105070001DD75BE9C9E1BBFE02261D01F03C021E03
:10508000FA123FE6EA24E617260635D4DB161608A0
:1050900026C81B4CB1F6F3EBC1E9143DEFD417E180
:1050A0000DE1FC0C2E2DEFEC06DEECF7AFE902D59E
:1050B0000F0FE6041705F0F3B5D41714FF41CA0E1D
:1050C000E52315F70A1A13151C0443030A13262BAC
:1050D00000F507080D1321FEFD2524B704EDCB25AF
:1050E000160000D33609FCFBE4C0FBC3E8F64241DE
:1050F00030A75804E8D9DD041B252BF60622FB2433
:105100000C133E0CF3DBDEF7190E26C5E40B12EF91
:10511000FCD108F481E0ED05FDE7EA25CDF534F595
:1051200018EF1BFFFA380B0D09F3FBFA0EFB17C43F
:1051300016000C390EE8DBC7E3FBFBF30625DAFBB0
:10514000ED460ADFFD1B1E1917193508ED1A2B371E
:10515000FBF22C112A1A1E39262F28860142CF0075
:10516000080BF5E523FEF20FF8D4F8DA14DD294038
:1051700017A93A1808F6EB0115EC341C45D6ED06D4
:10518000D4FF30EB02E1EFC6FF2116B8F2E8070CBE
:1051900029D30E0F99D8040224E307F8063612BD6E
:1051A00021311EFAF42613330FEC1A100DF114CD31
:1051B00004062932090014F3E7150BE0063F27A186
:1051C000005AFEF4EEF5262C2000130914011B31C1
:1051D000DEE00A1F23571CFB294003881E2EF7EB35
:1051E00022C135CF3FEBE24435312516AE0EA7B1D3
:1051F000F0194FA11C35EF293AEAC6E912FDFFE389
:105200000E0ACCB24AF138CB1393F515F3C7944488
:10521000CF02E70DFFF7290915FFF2CE362FD0F8A0
:105220004924C8E327C10DC9E51FFFFB0070EDDD70
:10523000B9D9C0A7AAF8CAFA363914054C24283AB5
:1052400007F6242D14B03335C5C4D11D1802F9A6B4
:1052500035EA23CDC7027FDD09E434040DE8CFED44
:1052600038EE44FF09F2B8373C211B10B8B8B8FA41
:1052700029FB40E01144404FF8F3E1C914D211E199
:105280004CEFDE122EFA23FCF808F26E19EBDA303E
:10529000EA37BCCA63CFFE2FFE2C10AC34551AFB84
:1052A0000D1B0AFC2AFBF8B49F16FBF64F140110E5
:1052B000151BD3E8CCE1031C0FF4FAE0F966E71CF8
:1052C000F30B071606D4C5C8B2FAE7A70B0FD3B184
:1052D0004E151DEBE34E16FBE2DC3922FAB0B85452
:1052E0003901E6E8220BE5FFEE21081B870FD821E4
:1052F00053473ECD622F004D1BEADAEA22F7FBE26C
:10530000E9E50F1E03CC2AD512C6284116D6BCF4F7
:10531000D133DEFB41E407DE4F06F7C6505EF0C234
:1053200004DD05C423BE56DFD921D8063C6337F916
:10533000A852EBE2DD0C0CF24208F2EAE9FE00C9E9
:10534000FFE5FD2DF0CDFA2CF8C2D7ED3CC4E2F319
:105350003A34DA0725E624FCBDF8F106BCF831033F
:1053600032E8C34304CFF704E3EF08C2E71C29F88F
:1053700003040512D6EE0EEC0BF72F161CB7D01354
:10538000CC2976D9A002AAE3482C21FB1DFC1D1ACA
:10539000F6DFB332FCB2D00AFC2A423315172032B2
:1053A000D21A23F1F4C03AD5139FF024C0C010E8FC
:1053B0000C1410F5E92A1C28EE0DF00FFDC9140E8F
:1053C000D0441F2F2908F4C0DC0EFCBA3709D3F9EA
:1053D0002A0FB6E21DDBFDF1150212C9FD0BC9450E
:1053E00017FCC3F61CF210DFDE11DBDC12DD09E373
:1053F000E7BF01E5A6E1ECE2D31F3510F710F50198
:10540000EC2351F1E528F93221F219E4050F14D704
:1054100023E9EEFC1CE8DB00D8FC0CE819F7040BD0
:105420000AEB2723BD38F3CEE0BE0CF4FA19E5DE13
:1054300020D2D501211720FCCA1B16CE0BDD9EC041
:105440000A5C07F045162C05FA211EAEEFD8431D65
:10545000F80CC8EC15080DD526EAECD73122EB0084
:1054600047F6C11B0823F70DCF09CABACB180A1596
:1054700005D83611DBD9C4E22A030BF6E802EEE4C4
:10548000ECEB7F0FED20F246261B17E80F11E70328
:10549000D8CFF80F05E50A17E529D0F40B2A3D0C03
:1054A000F6F119F4FEFA1AE70FFADC5F0FE82EEBBB
:1054B000271FFDE90019E12003EF3DF8EA0A220168
:1054C000FA3BF50B1ADD031CF2E6C9165020F41363
:1054D00020DDEBB91BCFCB0E06F7EDC7E6D9DCCA52
:1054E000144A011510271B441FDCF1032D1226124C
:1054F000300B2A06F20323E4ECDE3A424C27EAFEA4
:10550000004C31ECFF14F8E83C1548FAE3EA173E8A
:1055100029F8194DB8E6C44BA3152E2E0306F00446
:10552000002E34142BF431311BD5EE22F92CEF1759
:10553000C1D426ED1F1DAA18D96EDCF21C52F4D975
:10554000DD242002F8D1140C35F5F6E4FEE137F83D
:1055500018FDD01833130ADC6C20FD1111EB0A057D
:10556000EE124716F2031F34290BC1F2FC29041D69
:10557000F5CD25CFC002240ABC3311FA0CD40FC6D6
:10558000E6DF0E562211E4C5FCE7EC25FAACCD3778
:10559000481BFDFDD9CBFACDE4EF2423CDD91D2442
:1055A000D21EE227FBEAD54114BA13D911F8C70578
:1055B000C5C9DFDA2EF9E83CC6F40ADB16130AD2B5
:1055C00006422FBEF626FA18FFE3D5E3FFEC1D8155
:1055D00017E42117E604CDD5000206E61113AFF952
:1055E000FA342213F7291E380BD7D8F410100A23E7
:1055F000A3E31826B7EB292BE104251442FE05D1BD
:10560000E1280FF436F1E10F12F9F4F9E8DBE824B0
:105610002AF8040DE5DA2D04EC12DBFE171226EC55
:10562000113E26F311D70B450DB32A0DEDE91DCC24
:10563000E8F216031CF7F807D657E206F92FF7B879
:105640001A2FFEE5240F01206711D10216E32DDC8D
:10565000F4310C2103373216260B24BD2B3707E417
:1056600058E5C71B20BC19E9D13D1BF9D3090F0927
:10567000260A3902C3FBCAE9261F23F92A0506CAEE
:10568000DDFD30F90D2DF8164F18341B33ED0101F7
:10569000D710F02F30FEE0FDF305D4AF1C0F051B33
:1056A0002CCF12EF20D547DCFCE2F14F32E4293257
:1056B0002EF2BFDB183127251AD4121813EB58B974
:1056C0001065BD183522F010C0100A0D24F41A0A16
:1056D00023CB29CD21BC3256D406200AE2F1C09951
:1056E0005BA0AED116CA0DB3CCFB40161C2F164AD8
:1056F0002FE3FC0231C5B0F6D8F232FAC71903CA5B
:10570000F53F1FDBC241135EFD262EE7F502F906C9
:105710001112B036E5EFAFFCE45112C8FAF1270ED2
:105720000B0409564A0418E6241DDD2D20E9F80073
:1057300006F0CB0DE41E21DE18B52FF8C4D4F3C358
:105740000B2ED4FD0FEFD0E6CD03FDF21002C038D2
:1057500028D802C350E9651EEE12BCFEDFF8DCE576
:105760003607FAE02AF30666E92534FF7BE81314CE
:10577000E7070E9B2AAEBC200F01FBF8250FEEE6D3
:105780009B0A333503140A442C4818E419F5E0DC6D
:1057900014F2E50AE722AF0C1739010F0440C9D50E
:1057A000E2CDA719ED2A0CF0DB19CB06071FF1DCBF
:1057B00036DDB363E321C7CA3EC87FBAB919C1EA6F
:1057C000861CDE1D25181FF5FDC7EFF812F6D23333
:1057D0002C9F3AC6F8D125E518E1ADEDE7E6CA2FD2
:1057E000030039F703F407FFE34012F8D707C4DCDE
:1057F00008E4F8C42411101E0002E010EF3CF5ED9F
:105800002032E6DCFE0719FF1411E304130E1E2BF1
:10581000ED181EFE4C29423BBB23F10308EFE603C3
:105820001528C0073A251BDDFD12FDF817F2ED0D16
:10583000E71A05E792E8D71019F9F4EBE612DB0A4C
:1058400011E012F105DAEDD9B91AFD18112EAF0EDB
:105850001BE836D30D1AD708E9DB412210C5F03B0F
:10586000ECF022F60100FA1114410CFF0F16B5EE10
:10587000E700E2A6541923410CF1D109162305DEF5
:105880001FF2E0F6D6FA2BD3F82EC94EF1F62841D6
:10589000FB4CFC0D700A3904E317F30328D5F0E83C
:1058A0000818EA0D211826E4013CE6D71E0BEF0C80
:1058B000E738F4C681DE191A5201E9BDF8000C0080
:1058C000DFC1F80B1416EC010A18D302F30BC0DB8E
:1058D000F11A15EE1AFF33FBFBC05E17FEEECD2763
:1058E000DED811183F1617171635FE0C1827D9FDEC
:1058F000DF00D4D62B0E1737FE07EAF1FAD40601E3
:105900000B0EFE07ED004005F30EF22DE3BE1E1C4C
:10591000E309EB1937F317F9D90A07D74629D2CA91
:10592000FD2F12170EE312FE1717FC0D22FFDA1BD4
:10593000D822FAD4CADE1BFB3814E8EA050213EBBE
:10594000F8EE1BFE0B1CFF0A0A04DFF3FBDD03D19C
:105950001144F9FD21FA17F618D51A20DBE9EE04F7
:1059600041E6FFFF54040000E5F9FFFFECFFFFFFF5
:10597000470F0000A5D3FFFF2950000031FEFFFFB5
:10598000EFE9FFFF07E6FFFF9BE2FFFF6342000036
:10599000ECF3FFFFB80300008DF5FFFF21080000C6
:1059A00017BDFFFFDE1C00009C490000F521000030
:1059B000EE1E00006B30000081080000F7B1FFFF11
:1059C00046FEFFFFA7C6FFFF070D0000FA0F00000D
:1059D00045300000279DFFFF65F7FFFFD7D9FFFF88
:1059E00000E6FFFF29E6FFFFB7F9FFFF07DBFFFF38
:1059F00006D4FFFFA1FDFFFFE4A6FFFFA2D4FFFF37
:105A0000D5CFFFFF57CAFFFF8839000028CDFFFF21
:105A10002E17000072C5FFFF583400001DABFFFFBA
:105A2000C93600000FBCFFFFF2C0FFFF00A4FFFF5C
:105A3000C2090000B5180000C22E000092F8FFFF56
:105A40001BF2FFFF59290000D1C2FFFFDCF0FFFF6E
:105A5000C6C3FFFF044D000040ADFFFF7ED2FFFF35
:105A6000E21D00007B320000000300003BF6FFFF58
:105A700035A8FFFFBE30000001ECFFFF19FCFFFF5F
:105A8000EB080000870D000043620000A009000041
:105A9000EEDEFFFFC1F0FFFF193E0000C5EDFFFF86
:105AA00038150000473D0000EC05000053E4FFFFFF
:105AB00004FEFFFF783C0000EDFDFFFF3ADCFFFF36
:105AC000E2200000A88400003B570000F11600000F
:105AD000A7B0FFFFB23B000059070000A6FBFFFF85
:105AE000AEEFFFFFB7C4FFFFA7E6FFFF101F0000E8
:105AF000E9DAFFFFE0CAFFFF47F0FFFFA5FFFFFF66
:105B00009317000041EFFFFFB0EAFFFFCF22000034
:105B10003DFBFFFFF95A0000FBBAFFFFBBF3FFFF9D
:105B20003AD3FFFFD9D2FFFFB90500008816000065
:105B3000EE17000015CBFFFF8FF6FFFF75CEFFFFBE
:105B4000B53A000067DCFFFFB5D5FFFFB5F0FFFFFA
:105B50000C160000F0C1FFFF98DDFFFFE4DEFFFF41
:105B6000CE2C003336C8EDF4D73336163C3B4130EB
:105B7000C643F4142C0C0CC841D2C212CFEFD00192
:105B8000D71C3698D4A3A504BEE215AD16CE21CEFF
:105B900019EEBEDB1D1028F41C0F9F36D816BD3140
:105BA000D9201310CB3FCFDFD2F013F042A4133231
:105BB00018E1D2A1F725FBC819FC3024D123131911
:105BC000C8D0F60CDFB53D1AD1EBDEDCEF0A2205BA
:105BD000BEA59E26FD2821AB1081C5E228C12DDC83
:105BE000C2AE17EBD39D1BFCF606E100D1D8E1E372
:105BF0004FFADF01C4268145D0291EBAEF021313E4
:105C000004E2E5154F1119F1351B060BB0D8C71585
:105C1000DB063450FA9BDEFC129F36FA55C349E08E
:105C2000EFAF15E15FC322D6082ECB19E00504F7CC
:105C30009BECED0002C7FAF5D805CACC52BAE6B91A
:105C4000DBEF1A901127DCC92112BF1516FEFB26C7
:105C50001F2D10B50607081EEC1BE427B8E9EE5A05
:105C600015F7E1B9D40100F65593D3F8E1C29FC806
:105C7000FA822EF012F519F1D00E3111436B43FA6E
:105C8000299ABC00D8BC0336109DF82CD22D2119BE
:105C9000F12AE2E793E402FCDCCA1F81E910F9A0D3
:105CA000EC22EB07E4B8FB40FDE4310C9E35FB8CA5
:105CB000BC28DA151C1A36593421209FF136B3A1BD
:105CC000484605F00A1AB79CE5F1ED1FFF1D95E067
:105CD00002D62BF71CABE3261B0310C9C23281E4AA
:105CE0004BC1DB0208231D77EEFEF3EEDBE8FAF68C
:105CF0001CF8F1F6BCD9F8E7F3C0FBC0CD0AFB995C
:105D0000BF11F90ACF1C18C40F100307140ABADA1E
:105D10001D0025E010ECF870C4F3FF01071502E345
:105D20007FD6BF4EEBE54FD269E5F264EF1DD0069A
:105D3000EDD55E2ED5E5E4F3BBB8D1F5EACF0E0381
:105D4000110CB4023A2EF40F0D57100F6DE2D4FE71
:105D50004C220CC9CDE6B7DFEF094306DDF4FFF3B3
:105D6000E10192BAA2138F111ACDB18BCBB5BF9EB0
:105D7000E6CAB28DF2A1191DA30E1213141B172827
:105D800031D5BBDD1EDC2119D9248114DF29D42AA9
:105D9000AC4717022C1A9701CFFB0FF703ADF2099E
:105DA00009D6B021FDF00B1EF6AEC210F413ACFF05
:105DB000142DEE0D46BD460F0DC4B2EF27E0A6E947
:105DC000F62C38243437B304B7EC3CBF129CF1985E
:105DD00026E8FE013EB4D102A4F3209D1F340A043C
:105DE000050B0000ED0300003D170000F108000066
:105DF0002C0800000000000030100000011000001E
:105E0000021000000A01000001020000010500006C
:105E10001010000010100000010000000000000041
:105E2000010000000000000001000000010000006F
:105E3000400404000000000000000000000000001A
:105E4000000000000104000000000000DECAFAA10A
:105E50000000000000000000000000000000000042
:105E60000000000000000000000000000000000032
:105E70000000000000000000000000000000000022
:105E8000000000000000000101040000000000000C
:105E900002040000000000000000000000000000FC
:105EA00000000000000000000000000000000000F2
:105EB00000000000000000000000000000000000E2
:105EC00000000001010400000000000002040000C6
:105ED00000000000000000000000000000000000C2
:105EE00000000000000000000000000000000000B2
:105EF00000000000000000000000000000000001A1
:105F00000104000000000000020400000000000086
:105F10000000000000000000000000000000000081
:105F20000000000000000000000000000000000071
:105F3000000000000000000000000001010400005B
:105F4000000000000204000000000000000000004B
:105F50000206000000000000020500000000000032
:105F60000205000000000000010500000000000024
:105F70000205000000000000020500000000000013
:105F80000205000000000000010500000000000004
:105F900001050000000000000105000000000000F5
:105FA00001050000000000000105000000000000E5
:105FB00001050000000000000105000000000000D5
:105FC00001050000000000000105000000000000C5
:105FD00001050000000000000105000000000000B5
:105FE00001050000000000000105000000000000A5
:105FF0000105000000000000010500000000000095
:106000000205000000000000020500000000000082
:106010000205000000000000000000000000000079
:106020000000000000000000000000000000000070
:106030000000000000000000000000000000000060
:106040000000000000000000000000000000000050
:106050000000000000000000000000000000000040
:10606000000000000000000001000000000000002F
:10607000010000000100000001000000010000001C
:10608000010000000100000001000000000000000D
:1060900001000000000000000100000001000000FD
:1060A00000000000010000000100000000000000EE
:1060B00001000000000000000100000000000000DE
:1060C00001000000010000000100000001000000CC
:1060D00001000000000000000100000001000000BD
:1060E00001000000000000000000000001000000AE
:1060F000000000000100000001000000000000009E
:10610000000000000000000001000000000000008E
:10611000000000000100000001000000010000007C
:10612000010000000000000000000000010000006D
:10613000010000000000000001000000010000005C
:10614000010000000100000001000000010000004B
:10615000000000000100000000000000000000003E
:10616000000000000000000000000000000000002F
:10617000000000000000000000000000000000001F
:10618000000000000000000000000000000000000F
:1061900000000000000000000000000000000000FF
:1061A00000000000000000000000000000000000EF
:1061B00000000000000000000000000000000000DF
:1061C00000000000000000000000000000000000CF
:1061D0000000803F0030983F0000B53F0040D73FAF
:1061E00000000000320A7E397F661E395B991F3934
:1061F0000000803FF037983FF304B53FFD44D73FA0
:1062000000000000000000000000B33FB2BE7D3A75
:1062100000002E40DFCF513800007E40BF51FABA57
:1062200000E0A44019DAC3BA00E0C840C2ED8AB960
:106230000040EB40CD1F2CBA001006412AFFFABAED
:1062400000C01541DFCFD13700D024419A97703A72
:106250000050334189478E3600404141E75B9D380D
:1062600000B04E41C00A98B900A05B41558F943AE6
:1062700000306841DA92C0BA0040744162B3C63A55
:106280000000803F00A0853F00908B3F00C0913F01
:106290000030983F00F09E3F00F0A53F0050AD3F1A
:1062A0000000B53F0000BD3F0060C53F0020CE3F6D
:1062B0000040D73F00C0E03F00C0EA3F0020F53F6C
:1062C000000000007D36AC397D3C3839EBDCF43819
:1062D000320A7E39124C26399B6AED39A4EE833995
:1062E0007F661E39F6398A392B426539A482113905
:1062F0005B991F39C3EECD39DDE7C637A5A22F392B
:106300000000803FC3AA853FC2958B3FD3C3913F16
:10631000F037983F32F59E3FD7FEA53F3F58AD3F3F
:10632000F304B53FA408BD3F2A67C53F8C24CE3F88
:10633000FD44D73FDFCCE03FC7C0EA3F7D25F53FB6
:1063400002400000000000A0000000000540000026
:10635000000000C8000000000C4000000000409C4D
:1063600000000000194000000020BCBE000000003A
:1063700034400000BFC91B8E00000004B54000007F
:10638000504BCFD06607E2CF010000006C41000007
:106390003E8251AADFEEA73401000000D94200007E
:1063A000DCB5A0E23A301F97FFFFFFFFB4450000C5
:1063B000FD25A0C8E9A3C14FFFFFFFFFFF3F00007D
:1063C0000000008000000000FF3F0000000000808F
:1063D0000000000065663331363032636631306567
:1063E000323131633133623164643939353937667A
:1063F0006434373530643864326337653130333272
:106400006462633965316137353664396364663394
:1064100066363130000000007B2274797065223AC4
:106420002268656C6C6F222C2270726F746F636FC0
:106430006C223A312C227265616479223A25732CE0
:10644000226D6F64656C223A222573222C22696EBC
:106450007075745F7368617065223A5B31322C31FC
:106460003030305D2C2270726570726F63657373AB
:10647000696E67223A22686F7374222C226C616203
:10648000656C73223A5B224E4F524D222C224D49AD
:10649000222C2253545443222C224344222C22489F
:1064A0005950225D2C227468726573686F6C647336
:1064B000223A5B252E39672C252E39672C252E395B
:1064C000672C252E39672C252E39675D7D0D0A0036
:1064D0007B2274797065223A22726573756C74221E
:1064E0002C22736571223A256C752C2270726F62B2
:1064F0006162696C6974696573223A5B252E39673C
:106500002C252E39672C252E39672C252E39672C02
:10651000252E39675D2C226D61736B223A25752C0F
:1065200022696E666572656E63655F6D73223A25DA
:106530006C757D0D0A0000008C66020800000020CA
:1065400060110000C40100089C6C0208601100206A
:106550003899000020020008000000000000F07FD1
:106560001001000043000000F8FFFFFF0040404022
:106570004040404040404141414141404040404016
:1065800040404040404040404040404040050202C2
:106590000202020202020202020202020220202081
:1065A00020202020202020020202020202029090DD
:1065B00090909090101010101010101010101010DB
:1065C000101010101010101002020202020288882F
:1065D000888888880808080808080808080808083B
:1065E0000808080808080808020202024000000023
:1065F000000000000000000000000000000000009B
:10660000000000000000000000000000000000008A
:10661000000000000000000000000000000000007A
:10662000000000000000000000000000000000006A
:10663000000000000000000000000000000000005A
:10664000000000000000000000000000000000004A
:10665000000000000000000000000000000000003A
:10666000000000000000000000000000000000002A
:106670001C00000043000000F8FFFFFF0C000000BA
:106680000E0000000F0000002E00000011847A03AD
:106690000A680901020304060708090CA910011879
:1066A00032015A200829045A04045A8004A9209A65
:1066B000FA28291469185A0C088BF6032029146942
:1066C000188B90181869042914691869480A11026E
:1066D000606944DA0F701A8009290429100A1140F0
:1066E000C06911A9209A7D28291469186958693050
:1066F000E9E0110A101BC0291469186948A9C0698A
:10670000606944DA0770114A080429100A1280C02F
:10671000294D1904A9209A3E282914691869580A94
:106720001581E02971F9C059E1A960A9C0696069C2
:1067300044DA0570091240091EC00A151FC0E9C8D5
:10674000E920110A1121C019146918091AC0691C1D
:10675000DA0370396D1904E9C00912805A0C081A5D
:10676000E84569202914E9186910691469189A051F
:10677000185A04045A1404092E20690429146918AB
:106780009A99185A02041A320D290429C4E9403989
:10679000DC1925290413EC0D1B20B4048129204B9E
:1067A000400410290C5A440C419A480C5A4C0C1ABB
:1067B000603C294413240E1B20D0081A08083964B1
:1067C00099445A840C29989A88185A900C13D40C1E
:1067D0002A2048A9849AC4289AC8789ACC0C5AD0FE
:1067E0000C1AF04029441A44441AB808411A0C0CF7
:1067F0001A280429408B04054C5A080C2A032459F2
:106800000C29985A180C1A2C402950A98C9A5040DF
:106810005A540C419A580C9A5C24A9081A484C29DD
:10682000541A9C045A10581A64081A800429249A8D
:10683000A0389AA49C9AA89C5AB40C13840B2A20C2
:1068400050A99C9AEC409AF0909AF40C9AF84CA9B2
:10685000081AA05029541AF4041A6804411ABC08F2
:106860001AD80429508B3C065C5A400C299C5A4487
:106870000C29485A500C13DC0A2A2050A99C9A88EB
:10688000405A8C0C419A900C9A9458A9081AF850C6
:1068900029541A4C541AC008411A140C5A309C9AA4
:1068A000D85C9ADC449AE09C5AEC0C137C0D2A20AC
:1068B00050A99C8B2407405A280C419A2C0C5A3022
:1068C0000C720769081A98502954A9509A74509A62
:1068D00078449A7C0C9A800C29AC29A42930320483
:1068E0005A050C3C94B6010829042B40041AA1391E
:1068F0001C19131ACC4829204BC05D2809122C39C9
:106900001C19131AF82C29B08113FC871B20E004F2
:106910001328089B20B4181328881B200C041A4045
:106920001829501A24085A300C1A3C081A480481B5
:10693000A740048408E02E191011E910CB882F100D
:10694000CB401F10894E091420DA402011091D4048
:10695000DB800F10B12910AA0510BC108208102985
:1069600030AA1620AA845F4970CA3820EA4020CA9B
:10697000A020E980110A1CC020CB800220E9A0CB16
:10698000901810F980DA1B50E92099D13910DA01FA
:10699000100A192120130884C29900081401C0A10B
:1069A0003EEFB13A2DDECAFAA13D2BDC077212018F
:1069B0001308082A20DB1A5408ABE41086D11C0106
:1069C00001046819A61A02081A5008135409142061
:1069D00098A51B08011B291C5A601C1A70081AA4D0
:1069E0004C1AA01C5A021C19EC391C1A90081A9453
:1069F0001C415A03545AA01C1AB0081AE4541AA88D
:106A0000385A04385AC01C1AD0081AF41C1AB01C80
:106A10005A051C5AE01C1AF0081A441C415A065424
:106A200019D7391C1A10081A741C1AB8385A0738A2
:106A30005A201C1A30081AC48C1AC01C5A081C5A36
:106A4000401C1A50085AB4A85A09545A601C1A70AB
:106A50000813040A1B20C8386A0AE0591C1A900857
:106A60001A141C1AD01C5A0B1C5AA01C1AB0085A13
:106A700064A85A0C545AC01C1AD0081A941C1AD86C
:106A8000386A0DE0591C1AF0081AE48C1AE01C5AF6
:106A90000E1C115A02E019085AD4A85A0F545A2051
:106AA0001C1A30081A248C1AE8386A10E0591C1A8B
:106AB00050081A341C1AF01C5A111C5A601C1A7007
:106AC000085A84A85A12545A801C1A90081AB41CE6
:106AD0001AF8386A13E0591C1AB0082A043812A6AA
:106AE0005B08141C5AC01C1AD0085AF4A85A155432
:106AF0005AE01C1AF0081A448C1A08386A16E05A30
:106B000003E019081A541C1A101C5A171C5A201C8E
:106B10001A30081AA4701A181C6A18E0591C1A5066
:106B2000081A141C1A201C6A19E0591C1A70081A39
:106B3000848C1A281C5A1A1C5A801C1A90085A74E1
:106B4000A85A1BA85AA01C1AB0082A34E0315A1CB3
:106B50001C5AC01C1AD0081AD41C1A30545A1D547E
:106B60005AE01C1AF0085A24385A1E38115A04E008
:106B700019081A64E01A38386A1FE0591C1A3008DC
:106B80001AC438D407012B13400E142059711B0866
:106B90004034410A11042013235A1B084820D40B07
:106BA00001251A601C13454F1B08501C3201321F6F
:106BB000790819744B5087A8D40901221A7C381A15
:106BC000F1385A583881290CB90419445A604429BB
:106BD00010AA0208191C1A701C13EB732C0816015A
:106BE00072A11AB46013BB6A5B0874D4292C139089
:106BF000051B206410D409011C4B140F8C0A217C46
:106C00008C0A19808C7A908CD2191A4060298C9A3F
:106C1000988C132C063B20888CD2165AA08C0A2103
:106C2000A08C0A19A08C7AB08CD2135ACC8C9ABC46
:106C30008C1AC88C3AAC8CD210132C101420055529
:106C40000B1108C48C6970698C0A19C08C7AD08CBD
:106C5000D20D1A5860298C9AE08C1364071B20D03F
:106C6000102B0A013EA11AB82C13A16D2B08E88C39
:106C700022061AB42829649BC05D88317C94B60131
:106C80000C1B400451B1392C19131308112A201C74
:0C6C90004B60A778413938191C1A181CF9
:040000050800018965
:00000001FF
